Location,Country_work,Country,,change,other?
British Columbia,,Canada,,,
Australia,,Australia,,,
Israel,,Israel,,,
Ontario,,Canada,,,
British Columbia,Barbados,Canada,,yes,
British Columbia,Antarctica,Canada,,yes,
British Columbia,Canada,Canada,,,
Netherlands,,Netherlands,,,
Netherlands,Canada,Netherlands,,,
Netherlands,Russia,Netherlands,,,
Netherlands,Germany,Netherlands,,,
Netherlands,United Kingdom,Netherlands,,,
Netherlands,Netherlands,Netherlands,,,
Netherlands,Canada,Netherlands,,,
Netherlands,Brazil,Netherlands,,,
,Australia,,,,
South Africa,South Africa,South Africa,,,
Denmark,Japan,Denmark,,,
Morocco,,Morocco,,,
Netherlands,United States,Netherlands,,,
Netherlands,United Kingdom,Netherlands,,,
Netherlands,Netherlands,Netherlands,,,
Netherlands,Mauritius,Netherlands,,,
Netherlands,Uruguay,Netherlands,,,
Netherlands,Turkey,Netherlands,,,
Netherlands,Australia,Netherlands,,,
United Kingdom,Taiwan,United Kingdom,,,
California,United States,USA,,,
Netherlands,Indonesia,Netherlands,,,
,Morocco,,,,
Netherlands,Netherlands,Netherlands,,,
France,South Africa,France,,,
New Zealand,New Zealand,New Zealand,,,
,India,,,,
France,France,France,,,
,Bangladesh,,,,
Switzerland,Switzerland,Switzerland,,,
Poland,Poland,Poland,,,
Turkey,Turkey,Turkey,,,
Spain,South Africa,Spain,,,
,Ghana,,,,
Norway,Germany,Norway,,,
South Africa,South Africa,South Africa,,,
Portugal,Portugal,Portugal,,,
Malaysia,Malaysia,Malaysia,,,
Illinois,United States,USA,,,
,Australia,,,,
Netherlands,Netherlands,Netherlands,,,
Netherlands,Netherlands,Netherlands,,,
Italy,Italy,Italy,,,
Italy,Italy,Italy,,,
Italy,Italy,Italy,,,
Italy,Italy,Italy,,,
Italy,Italy,Italy,,,
United Kingdom,United Kingdom,United Kingdom,,,
Italy,Italy,Italy,,,
Italy,Italy,Italy,,,
Netherlands,Netherlands,Netherlands,,,
Italy,Italy,Italy,,,
Netherlands,Netherlands,Netherlands,,,
Italy,Italy,Italy,,,
Italy,Italy,Italy,,,
Italy,Italy,Italy,,,
United Kingdom,United Kingdom,United Kingdom,,,
Italy,Netherlands,Italy,,,
United Kingdom,United Kingdom,United Kingdom,,,
Italy,Italy,Italy,,,
Netherlands,Netherlands,Netherlands,,,
Italy,Italy,Italy,,,
Belgium,Belgium,Belgium,,,
Belgium,Netherlands,Belgium,,,
Norway,Norway,Norway,,,
Germany,United States,Germany,,,
Italy,Italy,Italy,,,
Italy,Italy,Italy,,,
Italy,Italy,Italy,,,
Italy,Italy,Italy,,,
Italy,Italy,Italy,,,
Italy,Italy,Italy,,,
Italy,Italy,Italy,,,
Finland,Finland,Finland,,,
United Kingdom,United Kingdom,United Kingdom,,,
Belgium,Belgium,Belgium,,,
United Kingdom,United Kingdom,United Kingdom,,,
Italy,Italy,Italy,,,
Netherlands,Netherlands,Netherlands,,,
Netherlands,,Netherlands,,,
France,France,France,,,
Italy,Italy,Italy,,,
Italy,Italy,Italy,,,
Israel,Israel,Israel,,,
Argentina,France,Argentina,,,
Italy,Italy,Italy,,,
United Kingdom,United Kingdom,United Kingdom,,,
Quebec,Canada,Canada,,,
Italy,Italy,Italy,,,
Italy,Italy,Italy,,,
Greece,Greece,Greece,,,
Italy,Netherlands,Italy,,,
Germany,Germany,Germany,,,
Cyprus,Cyprus,Cyprus,,,
Hungary,Hungary,Hungary,,,
Vietnam,Vietnam,Vietnam,,,
Japan,Japan,Japan,,,
United Kingdom,United Kingdom,United Kingdom,,,
Italy,Italy,Italy,,,
France,France,France,,,
Italy,Italy,Italy,,,
Norway,Norway,Norway,,,
Italy,Italy,Italy,,,
Alberta,Canada,Canada,,,
Netherlands,Netherlands,Netherlands,,,
Italy,Italy,Italy,,,
Spain,Spain,Spain,,,
Switzerland,Italy,Switzerland,,,
Finland,Spain,Finland,,,
Spain,Canada,Spain,,,
Italy,Italy,Italy,,,
United Kingdom,Italy,United Kingdom,,,
Massachusetts,United States,USA,,,
India,India,India,,,
Netherlands,Netherlands,Netherlands,,,
Italy,Italy,Italy,,,
Japan,,Japan,,,
Italy,Italy,Italy,,,
France,France,France,,,
France,France,France,,,
,Nigeria,,,,
Netherlands,Netherlands,Netherlands,,,
Italy,Italy,Italy,,,
Israel,Israel,Israel,,,
Israel,Israel,Israel,,,
California,United States,USA,,,
Italy,Italy,Italy,,,
Egypt,Egypt,Egypt,,,
Italy,Italy,Italy,,,
Israel,Israel,Israel,,,
Italy,Italy,Italy,,,
United Kingdom,Canada,United Kingdom,,,
Netherlands,Netherlands,Netherlands,,,
Malaysia,Malaysia,Malaysia,,,
Israel,Israel,Israel,,,
Israel,Israel,Israel,,,
Spain,Spain,Spain,,,
Israel,Israel,Israel,,,
United Kingdom,United Kingdom,United Kingdom,,,
United Kingdom,United Kingdom,United Kingdom,,,
,Australia,,,,
Ontario,Canada,Canada,,,
Australia,Australia,Australia,,,
Illinois,Italy,USA,,,
Alberta,Canada,Canada,,,
Portugal,Portugal,Portugal,,,
Italy,Portugal,Italy,,,
United Kingdom,United Kingdom,United Kingdom,,,
Israel,Israel,Israel,,,
California,United States,USA,,,
Netherlands,Netherlands,Netherlands,,,
Italy,Italy,Italy,,,
Arizona,United States,USA,,,
Wisconsin,United States,USA,,,
Portugal,Spain,Portugal,,,
Belgium,Belgium,Belgium,,,
California,United States,USA,,,
Netherlands,United States,Netherlands,,,
,United States,,,,
Montenegro,Montenegro,Montenegro,,,
Nevada,United States,USA,,,
Australia,Australia,Australia,,,
Australia,Australia,Australia,,,
Illinois,United States,USA,,,
New York,United States,USA,,,
Australia,Australia,Australia,,,
China,China,China,,,
Israel,Israel,Israel,,,
,United States,,,,
Australia,Australia,Australia,,,
Australia,Australia,Australia,,,
Australia,Australia,Australia,,,
Australia,Australia,Australia,,,
Australia,Australia,Australia,,,
,Australia,,,,
United Kingdom,United Kingdom,United Kingdom,,,
Singapore,Singapore,Singapore,,,
Italy,Germany,Italy,,,
Italy,Italy,Italy,,,
United Kingdom,United Kingdom,United Kingdom,,,
New Zealand,New Zealand,New Zealand,,,
Israel,Israel,Israel,,,
United Kingdom,United Kingdom,United Kingdom,,,
Korea,"Korea, South",Korea,,,
Ontario,Canada,Canada,,,
United Kingdom,United Kingdom,United Kingdom,,,
France,France,France,,,
Poland,Poland,Poland,,,
Poland,Poland,Poland,,,
Poland,Poland,Poland,,,
Oregon,United States,USA,,,
Australia,Australia,Australia,,,
Israel,United States,Israel,,,
Netherlands,Netherlands,Netherlands,,,
Australia,Australia,Australia,,,
Poland,Poland,Poland,,,
Poland,Poland,Poland,,,
Serbia,,Serbia,,,
Poland,Poland,Poland,,,
Poland,Poland,Poland,,,
Poland,Poland,Poland,,,
Poland,Poland,Poland,,,
Belgium,Poland,Belgium,,,
Poland,Poland,Poland,,,
Serbia,Serbia,Serbia,,,
France,France,France,,,
France,France,France,,,
France,France,France,,,
Poland,Poland,Poland,,,
Belgium,Belgium,Belgium,,,
Mexico,France,Mexico,,,
France,France,France,,,
France,France,France,,,
France,United States,France,,,
Israel,Israel,Israel,,,
Japan,Japan,Japan,,,
Kenya,Kenya,Kenya,,,
Israel,,Israel,,,
Israel,Israel,Israel,,,
Israel,Israel,Israel,,,
Israel,Israel,Israel,,,
Israel,Israel,Israel,,,
Israel,Israel,Israel,,,
Israel,Israel,Israel,,,
Israel,Israel,Israel,,,
Israel,Israel,Israel,,,
Israel,Israel,Israel,,,
Israel,Israel,Israel,,,
Israel,Israel,Israel,,,
Israel,,Israel,,,
,Israel,,,,
Israel,Israel,Israel,,,
Pennsylvania,Israel,USA,,,
Israel,Israel,Israel,,,
Israel,Israel,Israel,,,
Israel,Israel,Israel,,,
Israel,Israel,Israel,,,
France,France,France,,,
Israel,Israel,Israel,,,
Israel,Israel,Israel,,,
Israel,Israel,Israel,,,
United Kingdom,Australia,United Kingdom,,,
Israel,Israel,Israel,,,
Israel,Israel,Israel,,,
Israel,Israel,Israel,,,
Israel,Israel,Israel,,,
California,United States,USA,,,
,Australia,,,,
Australia,Australia,Australia,,,
Maryland,United States,USA,,,
Israel,Israel,Israel,,,
Israel,Israel,Israel,,,
Poland,Poland,Poland,,,
Israel,Israel,Israel,,,
Israel,Israel,Israel,,,
Switzerland,Poland,Switzerland,,,
Serbia,Serbia,Serbia,,,
Israel,Israel,Israel,,,
France,France,France,,,
,Israel,,,,
Israel,Israel,Israel,,,
Netherlands,Netherlands,Netherlands,,,
Germany,France,Germany,,,
Serbia,Serbia,Serbia,,,
Israel,Israel,Israel,,,
Israel,Israel,Israel,,,
France,France,France,,,
Israel,Israel,Israel,,,
Israel,Israel,Israel,,,
Israel,Israel,Israel,,,
Michigan,United States,USA,,,
France,France,France,,,
Romania,Romania,Romania,,,
British Columbia,Canada,Canada,,,
Israel,Israel,Israel,,,
Israel,Israel,Israel,,,
Switzerland,Israel,Switzerland,,,
Israel,Israel,Israel,,,
Israel,Israel,Israel,,,
Israel,Israel,Israel,,,
,Poland,,,,
California,Israel,USA,,,
France,Israel,France,,,
Israel,Israel,Israel,,,
Israel,Israel,Israel,,,
Israel,Israel,Israel,,,
Israel,Israel,Israel,,,
Israel,Israel,Israel,,,
Germany,Israel,Germany,,,
India,India,India,,,
Greece,Italy,Greece,,,
Israel,Israel,Israel,,,
Israel,Israel,Israel,,,
Israel,Israel,Israel,,,
Quebec,France,Canada,,,
,United States,,,,
,United States,,,,
Israel,Israel,Israel,,,
Israel,Israel,Israel,,,
Israel,Israel,Israel,,,
Israel,Israel,Israel,,,
Israel,Israel,Israel,,,
Israel,Israel,Israel,,,
New Hampshire,Israel,USA,,,
Israel,Israel,Israel,,,
Maryland,Israel,USA,,,
Israel,,Israel,,,
Ontario,Israel,Canada,,,
Switzerland,Israel,Switzerland,,,
Israel,Israel,Israel,,,
Israel,Israel,Israel,,,
Israel,Israel,Israel,,,
Israel,Israel,Israel,,,
Israel,Israel,Israel,,,
Israel,,Israel,,,
Israel,Israel,Israel,,,
Israel,Israel,Israel,,,
Israel,Israel,Israel,,,
Israel,Israel,Israel,,,
Vermont,Israel,USA,,,
Israel,,Israel,,,
Israel,Israel,Israel,,,
Spain,Israel,Spain,,,
Israel,Israel,Israel,,,
,Israel,,,,
Israel,Israel,Israel,,,
Israel,Israel,Israel,,,
Israel,Israel,Israel,,,
Israel,Israel,Israel,,,
United Kingdom,Israel,United Kingdom,,,
Israel,Israel,Israel,,,
Israel,Israel,Israel,,,
Israel,Israel,Israel,,,
Israel,Israel,Israel,,,
Israel,Israel,Israel,,,
Israel,Israel,Israel,,,
Israel,Israel,Israel,,,
Israel,Israel,Israel,,,
Israel,,Israel,,,
Israel,Israel,Israel,,,
Israel,Israel,Israel,,,
Poland,Poland,Poland,,,
Israel,Israel,Israel,,,
Israel,Israel,Israel,,,
Israel,Israel,Israel,,,
Israel,,Israel,,,
Israel,Israel,Israel,,,
Arizona,United States,USA,,,
Israel,Israel,Israel,,,
Israel,Israel,Israel,,,
Israel,Israel,Israel,,,
Israel,Israel,Israel,,,
Israel,Israel,Israel,,,
Israel,Israel,Israel,,,
Israel,Israel,Israel,,,
Israel,Israel,Israel,,,
Israel,Israel,Israel,,,
Israel,Israel,Israel,,,
Israel,Israel,Israel,,,
Michigan,United States,USA,,,
Ontario,Israel,Canada,,,
Israel,Israel,Israel,,,
Israel,Israel,Israel,,,
Netherlands,India,Netherlands,,,
Israel,Israel,Israel,,,
France,France,France,,,
,Israel,,,,
Israel,Israel,Israel,,,
Israel,Israel,Israel,,,
Israel,Israel,Israel,,,
Israel,Israel,Israel,,,
Israel,Israel,Israel,,,
Israel,Israel,Israel,,,
Israel,Israel,Israel,,,
United Kingdom,United Kingdom,United Kingdom,,,
United Kingdom,United Kingdom,United Kingdom,,,
Israel,Israel,Israel,,,
United Kingdom,United Kingdom,United Kingdom,,,
Israel,Israel,Israel,,,
Israel,Israel,Israel,,,
Israel,Israel,Israel,,,
,United States,,,,
Israel,Israel,Israel,,,
,United States,,,,
Nebraska,United States,USA,,,
France,Brazil,France,,,
Brazil,Brazil,Brazil,,,
Brazil,Brazil,Brazil,,,
Netherlands,Brazil,Netherlands,,,
Brazil,,Brazil,,,
Brazil,Brazil,Brazil,,,
Brazil,Brazil,Brazil,,,
,Brazil,,,,
Brazil,Brazil,Brazil,,,
Brazil,Brazil,Brazil,,,
Brazil,Brazil,Brazil,,,
Brazil,Brazil,Brazil,,,
Brazil,Brazil,Brazil,,,
Brazil,Brazil,Brazil,,,
Brazil,Brazil,Brazil,,,
Brazil,Brazil,Brazil,,,
Germany,Germany,Germany,,,
Brazil,Brazil,Brazil,,,
Spain,Spain,Spain,,,
Brazil,Brazil,Brazil,,,
Brazil,Brazil,Brazil,,,
Italy,Italy,Italy,,,
Uruguay,Uruguay,Uruguay,,,
Ontario,Canada,Canada,,,
Quebec,Canada,Canada,,,
Ontario,Canada,Canada,,,
Ontario,Canada,Canada,,,
Ontario,Canada,Canada,,,
Quebec,Canada,Canada,,,
,Canada,,,,
Quebec,Canada,Canada,,,
,Canada,,,,
Ontario,Canada,Canada,,,
Alberta,Canada,Canada,,,
Alberta,Canada,Canada,,,
Quebec,Canada,Canada,,,
Alberta,Canada,Canada,,,
Alberta,Canada,Canada,,,
Nova Scotia,Canada,Canada,,,
Alberta,Canada,Canada,,,
Newfoundland and Labrador,Canada,Canada,,,
Alberta,Canada,Canada,,,
Alberta,Canada,Canada,,,
Prince Edward Island,Canada,Canada,,,
Saskatchewan,Canada,Canada,,,
British Columbia,Canada,Canada,,,
Saskatchewan,Canada,Canada,,,
New Brunswick,Canada,Canada,,,
British Columbia,Canada,Canada,,,
Ontario,Canada,Canada,,,
Ontario,Canada,Canada,,,
Ontario,Canada,Canada,,,
Quebec,Canada,Canada,,,
Ontario,Canada,Canada,,,
Nova Scotia,Canada,Canada,,,
Alberta,Canada,Canada,,,
Ontario,Canada,Canada,,,
Ontario,Canada,Canada,,,
Quebec,Canada,Canada,,,
British Columbia,Canada,Canada,,,
Alberta,Canada,Canada,,,
Quebec,Canada,Canada,,,
Quebec,Canada,Canada,,,
Quebec,Canada,Canada,,,
Austria,Canada,Austria,,,
Quebec,Canada,Canada,,,
Quebec,Canada,Canada,,,
Nova Scotia,Canada,Canada,,,
,Canada,,,,
Ontario,Canada,Canada,,,
Norway,Canada,Norway,,,
British Columbia,Canada,Canada,,,
Saskatchewan,Canada,Canada,,,
Wisconsin,Canada,USA,,,
Quebec,Canada,Canada,,,
Ontario,Canada,Canada,,,
Alberta,Canada,Canada,,,
Massachusetts,Canada,USA,,,
Quebec,Canada,Canada,,,
Quebec,Canada,Canada,,,
Quebec,Canada,Canada,,,
British Columbia,Canada,Canada,,,
British Columbia,Canada,Canada,,,
Ontario,Canada,Canada,,,
Alberta,Canada,Canada,,,
Newfoundland and Labrador,Canada,Canada,,,
Quebec,Canada,Canada,,,
British Columbia,Canada,Canada,,,
France,Canada,France,,,
Ontario,Canada,Canada,,,
,Canada,,,,
Quebec,Canada,Canada,,,
British Columbia,Canada,Canada,,,
British Columbia,Canada,Canada,,,
British Columbia,Canada,Canada,,,
Ontario,Canada,Canada,,,
British Columbia,Canada,Canada,,,
Quebec,,Canada,,,
British Columbia,Canada,Canada,,,
Ontario,Canada,Canada,,,
Quebec,Canada,Canada,,,
Nova Scotia,Canada,Canada,,,
Ontario,Canada,Canada,,,
Quebec,Canada,Canada,,,
Newfoundland and Labrador,Canada,Canada,,,
Quebec,Canada,Canada,,,
Alberta,Canada,Canada,,,
France,Canada,France,,,
British Columbia,Canada,Canada,,,
Ontario,Canada,Canada,,,
British Columbia,Canada,Canada,,,
British Columbia,Canada,Canada,,,
British Columbia,Canada,Canada,,,
,Canada,,,,
,Canada,,,,
Alberta,Canada,Canada,,,
Ontario,Canada,Canada,,,
Alberta,Canada,Canada,,,
Alberta,Canada,Canada,,,
Ontario,Canada,Canada,,,
British Columbia,Canada,Canada,,,
Quebec,Canada,Canada,,,
Nova Scotia,Canada,Canada,,,
Quebec,Canada,Canada,,,
Quebec,,Canada,,,
Quebec,Canada,Canada,,,
Quebec,Canada,Canada,,,
Quebec,Central African Republic,Canada,,,
Ontario,Canada,Canada,,,
Alberta,Canada,Canada,,,
Quebec,Canada,Canada,,,
Ontario,Canada,Canada,,,
Switzerland,Canada,Switzerland,,,
Alberta,Canada,Canada,,,
Ontario,Canada,Canada,,,
Quebec,Canada,Canada,,,
Ontario,Canada,Canada,,,
Ontario,Canada,Canada,,,
British Columbia,Canada,Canada,,,
Ontario,Canada,Canada,,,
Poland,Canada,Poland,,,
British Columbia,Canada,Canada,,,
Alberta,Canada,Canada,,,
Newfoundland and Labrador,Chad,Canada,,,
Quebec,Canada,Canada,,,
British Columbia,Canada,Canada,,,
Alberta,Canada,Canada,,,
Ontario,Canada,Canada,,,
Alberta,Canada,Canada,,,
British Columbia,,Canada,,,
Ontario,Canada,Canada,,,
Ontario,Canada,Canada,,,
Ontario,Canada,Canada,,,
Alberta,Canada,Canada,,,
Ontario,Canada,Canada,,,
Newfoundland and Labrador,Canada,Canada,,,
Ontario,Canada,Canada,,,
Ontario,Canada,Canada,,,
Ontario,Canada,Canada,,,
Ontario,Canada,Canada,,,
Alberta,Canada,Canada,,,
British Columbia,Canada,Canada,,,
Uruguay,Uruguay,Uruguay,,,
,Canada,,,,
Alberta,Canada,Canada,,,
,,,,,
Ontario,Canada,Canada,,,
Manitoba,Canada,Canada,,,
British Columbia,Canada,Canada,,,
Ontario,Canada,Canada,,,
British Columbia,Canada,Canada,,,
Ontario,Canada,Canada,,,
Ontario,Canada,Canada,,,
Ontario,Canada,Canada,,,
Alberta,Canada,Canada,,,
Ontario,Canada,Canada,,,
Alberta,Canada,Canada,,,
Nova Scotia,Canada,Canada,,,
Ontario,Canada,Canada,,,
Manitoba,,Canada,,,
Ontario,Canada,Canada,,,
Ontario,Canada,Canada,,,
Alberta,Canada,Canada,,,
Ontario,Canada,Canada,,,
Ontario,Canada,Canada,,,
Ontario,Canada,Canada,,,
Ontario,Canada,Canada,,,
British Columbia,Canada,Canada,,,
Nova Scotia,Canada,Canada,,,
Ontario,Canada,Canada,,,
Ontario,Canada,Canada,,,
New Brunswick,Canada,Canada,,,
Alberta,Canada,Canada,,,
Alberta,Canada,Canada,,,
New Brunswick,Canada,Canada,,,
Alberta,Canada,Canada,,,
Ontario,Canada,Canada,,,
Ontario,Canada,Canada,,,
Quebec,Canada,Canada,,,
Ontario,India,Canada,,,
British Columbia,Canada,Canada,,,
Ontario,Canada,Canada,,,
Ontario,Canada,Canada,,,
Ontario,Canada,Canada,,,
Alberta,Canada,Canada,,,
Ontario,Canada,Canada,,,
Ontario,Canada,Canada,,,
Ontario,,Canada,,,
British Columbia,Canada,Canada,,,
Ontario,Canada,Canada,,,
Ontario,Canada,Canada,,,
Alberta,Canada,Canada,,,
Ontario,Canada,Canada,,,
Alberta,Canada,Canada,,,
Ontario,Canada,Canada,,,
Ontario,Canada,Canada,,,
Quebec,Canada,Canada,,,
Vermont,Canada,USA,,,
Ontario,,Canada,,,
Ontario,Canada,Canada,,,
Alberta,Canada,Canada,,,
Alberta,Canada,Canada,,,
Nova Scotia,Canada,Canada,,,
Alberta,Canada,Canada,,,
Nevada,Canada,USA,,,
Ontario,Canada,Canada,,,
Ontario,Canada,Canada,,,
Ontario,Canada,Canada,,,
Ontario,Canada,Canada,,,
Quebec,Canada,Canada,,,
Nevada,Canada,USA,,,
Ontario,Canada,Canada,,,
Alberta,United States,Canada,,,
Quebec,Canada,Canada,,,
Alberta,Canada,Canada,,,
Ontario,Canada,Canada,,,
Ontario,Canada,Canada,,,
France,Canada,France,,,
Alberta,Canada,Canada,,,
Ontario,Canada,Canada,,,
Alberta,Canada,Canada,,,
Alberta,Canada,Canada,,,
Ontario,Canada,Canada,,,
Ontario,Canada,Canada,,,
Ontario,,Canada,,,
Manitoba,Canada,Canada,,,
Quebec,Canada,Canada,,,
Manitoba,Canada,Canada,,,
,Canada,,,,
Ontario,Canada,Canada,,,
Ontario,Canada,Canada,,,
Ontario,Canada,Canada,,,
Ontario,Canada,Canada,,,
British Columbia,Canada,Canada,,,
New Brunswick,Canada,Canada,,,
Quebec,Canada,Canada,,,
Ontario,Canada,Canada,,,
Ontario,,Canada,,,
Quebec,Canada,Canada,,,
Ontario,Canada,Canada,,,
Alberta,Canada,Canada,,,
Ontario,Canada,Canada,,,
Alberta,Canada,Canada,,,
New York,Canada,USA,,,
Ontario,Canada,Canada,,,
Japan,Canada,Japan,,,
Ontario,Canada,Canada,,,
British Columbia,Canada,Canada,,,
Ontario,Canada,Canada,,,
Ontario,Canada,Canada,,,
Ontario,Canada,Canada,,,
,Canada,,,,
Ontario,Canada,Canada,,,
Ontario,Canada,Canada,,,
British Columbia,Canada,Canada,,,
Ontario,Canada,Canada,,,
Ontario,Canada,Canada,,,
,Canada,,,,
Ontario,Canada,Canada,,,
Ontario,Canada,Canada,,,
Quebec,Canada,Canada,,,
Ontario,Canada,Canada,,,
Saskatchewan,Canada,Canada,,,
Alberta,Canada,Canada,,,
Ontario,Canada,Canada,,,
Quebec,Canada,Canada,,,
Ontario,Canada,Canada,,,
British Columbia,Canada,Canada,,,
Prince Edward Island,Canada,Canada,,,
British Columbia,Canada,Canada,,,
British Columbia,Canada,Canada,,,
British Columbia,Canada,Canada,,,
Manitoba,,Canada,,,
Alberta,Canada,Canada,,,
France,Canada,France,,,
Ontario,Canada,Canada,,,
Ontario,Canada,Canada,,,
Alberta,Canada,Canada,,,
Alberta,Canada,Canada,,,
Alberta,Canada,Canada,,,
British Columbia,Canada,Canada,,,
Quebec,,Canada,,,
United Kingdom,Canada,United Kingdom,,,
Ontario,Canada,Canada,,,
British Columbia,Canada,Canada,,,
Ontario,Canada,Canada,,,
Manitoba,Canada,Canada,,,
British Columbia,Canada,Canada,,,
Ontario,Canada,Canada,,,
Newfoundland and Labrador,Canada,Canada,,,
Ontario,Canada,Canada,,,
,Canada,,,,
British Columbia,Canada,Canada,,,
Ontario,Canada,Canada,,,
New York,Canada,USA,,,
Greece,Canada,Greece,,,
Quebec,Canada,Canada,,,
Alberta,Canada,Canada,,,
British Columbia,Canada,Canada,,,
Ontario,Canada,Canada,,,
British Columbia,Canada,Canada,,,
Croatia,Canada,Croatia,,,
,Canada,,,,
Prince Edward Island,Canada,Canada,,,
Ontario,Canada,Canada,,,
British Columbia,Canada,Canada,,,
,Canada,,,,
Alberta,Canada,Canada,,,
Alberta,Canada,Canada,,,
,Canada,,,,
British Columbia,Canada,Canada,,,
Alberta,Canada,Canada,,,
Ontario,,Canada,,,
Alberta,Canada,Canada,,,
Ontario,Canada,Canada,,,
Alberta,Canada,Canada,,,
Korea,,Korea,,,
Quebec,Canada,Canada,,,
Ontario,Canada,Canada,,,
Ontario,Canada,Canada,,,
Switzerland,Canada,Switzerland,,,
,Canada,,,,
Nova Scotia,Canada,Canada,,,
Alberta,Canada,Canada,,,
,Canada,,,,
Alberta,Canada,Canada,,,
New Brunswick,Canada,Canada,,,
Quebec,Canada,Canada,,,
Alberta,Canada,Canada,,,
Ontario,Canada,Canada,,,
Vermont,Canada,USA,,,
,Canada,,,,
Quebec,Canada,Canada,,,
Ontario,Canada,Canada,,,
Alberta,Canada,Canada,,,
Ontario,Canada,Canada,,,
Mexico,Canada,Mexico,,,
,Canada,,,,
Ontario,Canada,Canada,,,
Nova Scotia,Canada,Canada,,,
Ontario,Canada,Canada,,,
,United States,,,,
Florida,Canada,USA,,,
,Canada,,,,
,Canada,,,,
Australia,Canada,Australia,,,
Ontario,Canada,Canada,,,
Chile,Chile,Chile,,,
Saskatchewan,Canada,Canada,,,
,Canada,,,,
Yukon Territory,Canada,Canada,,,
British Columbia,Canada,Canada,,,
Quebec,Canada,Canada,,,
,Canada,,,,
Alberta,Canada,Canada,,,
Prince Edward Island,Canada,Canada,,,
Alberta,Canada,Canada,,,
British Columbia,Canada,Canada,,,
,Canada,,,,
British Columbia,Canada,Canada,,,
New Brunswick,Canada,Canada,,,
Ontario,Canada,Canada,,,
British Columbia,Canada,Canada,,,
Alberta,Canada,Canada,,,
British Columbia,Canada,Canada,,,
Argentina,Argentina,Argentina,,,
Ontario,Canada,Canada,,,
British Columbia,Canada,Canada,,,
Ontario,Canada,Canada,,,
Ontario,Canada,Canada,,,
Ontario,Canada,Canada,,,
Quebec,Canada,Canada,,,
Sweden,Canada,Sweden,,,
Newfoundland and Labrador,Canada,Canada,,,
Ontario,Canada,Canada,,,
Ontario,Canada,Canada,,,
Alberta,Canada,Canada,,,
Newfoundland and Labrador,Canada,Canada,,,
New Brunswick,Canada,Canada,,,
Japan,Canada,Japan,,,
New Brunswick,Canada,Canada,,,
Ontario,Canada,Canada,,,
British Columbia,Canada,Canada,,,
Ontario,Canada,Canada,,,
New York,Canada,USA,,,
,Canada,,,,
United Kingdom,France,United Kingdom,,,
,Canada,,,,
,Canada,,,,
,Canada,,,,
,Canada,,,,
British Columbia,Canada,Canada,,,
New Brunswick,Canada,Canada,,,
Ontario,Canada,Canada,,,
Ontario,Canada,Canada,,,
,Canada,,,,
New York,United States,USA,,,
Ontario,Canada,Canada,,,
Alberta,Canada,Canada,,,
New Jersey,United States,USA,,,
Australia,Canada,Australia,,,
Quebec,Canada,Canada,,,
Alberta,Canada,Canada,,,
British Columbia,Canada,Canada,,,
Ontario,Canada,Canada,,,
Alberta,Canada,Canada,,,
Japan,Canada,Japan,,,
Ontario,Canada,Canada,,,
Ontario,Canada,Canada,,,
Ontario,Canada,Canada,,,
Quebec,Canada,Canada,,,
Nova Scotia,Canada,Canada,,,
Ontario,Canada,Canada,,,
Ontario,Canada,Canada,,,
,Canada,,,,
British Columbia,Canada,Canada,,,
,Canada,,,,
India,Canada,India,,,
Ontario,Canada,Canada,,,
Ontario,Canada,Canada,,,
Quebec,Canada,Canada,,,
Illinois,Canada,USA,,,
Quebec,Canada,Canada,,,
Ontario,Canada,Canada,,,
British Columbia,Canada,Canada,,,
Alberta,Canada,Canada,,,
,Canada,,,,
Alberta,Canada,Canada,,,
,Canada,,,,
British Columbia,Canada,Canada,,,
Ethiopia,Canada,Ethiopia,,,
,Canada,,,,
,Canada,,,,
Ontario,Canada,Canada,,,
Italy,Canada,Italy,,,
,Canada,,,,
Ontario,Canada,Canada,,,
Finland,Canada,Finland,,,
New Brunswick,Canada,Canada,,,
Serbia,Serbia,Serbia,,,
Greece,Canada,Greece,,,
Switzerland,Canada,Switzerland,,,
Nova Scotia,Canada,Canada,,,
Newfoundland and Labrador,Canada,Canada,,,
France,Canada,France,,,
Newfoundland and Labrador,Canada,Canada,,,
,Canada,,,,
France,Canada,France,,,
Ontario,Canada,Canada,,,
Nova Scotia,Canada,Canada,,,
Ontario,Canada,Canada,,,
,Canada,,,,
,Canada,,,,
Newfoundland and Labrador,Canada,Canada,,,
Ontario,Canada,Canada,,,
British Columbia,Canada,Canada,,,
Brazil,Canada,Brazil,,,
Nova Scotia,Canada,Canada,,,
Newfoundland and Labrador,Canada,Canada,,,
,Canada,,,,
Ontario,Canada,Canada,,,
Nova Scotia,Canada,Canada,,,
Quebec,Canada,Canada,,,
Ontario,Canada,Canada,,,
Ontario,Canada,Canada,,,
Ontario,Canada,Canada,,,
Ontario,Canada,Canada,,,
Ontario,Canada,Canada,,,
Ontario,Canada,Canada,,,
Uruguay,Uruguay,Uruguay,,,
,Canada,,,,
Quebec,Canada,Canada,,,
Ontario,Canada,Canada,,,
Ontario,Canada,Canada,,,
Ontario,Canada,Canada,,,
Germany,Canada,Germany,,,
Alberta,Canada,Canada,,,
Netherlands,Canada,Netherlands,,,
Alberta,Canada,Canada,,,
Ontario,Canada,Canada,,,
Ontario,Canada,Canada,,,
Alberta,Canada,Canada,,,
Ontario,Canada,Canada,,,
Ontario,Canada,Canada,,,
Greece,Canada,Greece,,,
Quebec,Canada,Canada,,,
Ontario,Canada,Canada,,,
Quebec,Canada,Canada,,,
Ontario,Canada,Canada,,,
Ontario,Canada,Canada,,,
Ontario,Canada,Canada,,,
Ontario,Canada,Canada,,,
Ontario,Canada,Canada,,,
Ontario,Canada,Canada,,,
Quebec,Canada,Canada,,,
Newfoundland and Labrador,Canada,Canada,,,
Ontario,Canada,Canada,,,
New Brunswick,Canada,Canada,,,
Ontario,Canada,Canada,,,
,Canada,,,,
Ontario,Canada,Canada,,,
,Canada,,,,
United Kingdom,Canada,United Kingdom,,,
Ontario,Canada,Canada,,,
Nova Scotia,Canada,Canada,,,
Ontario,Canada,Canada,,,
Ontario,Canada,Canada,,,
British Columbia,Canada,Canada,,,
British Columbia,Canada,Canada,,,
Ontario,Canada,Canada,,,
Ontario,Canada,Canada,,,
Alberta,Canada,Canada,,,
Ontario,Canada,Canada,,,
Quebec,Canada,Canada,,,
Alberta,Canada,Canada,,,
Ontario,Canada,Canada,,,
Ontario,Canada,Canada,,,
Ontario,Canada,Canada,,,
Quebec,Canada,Canada,,,
Quebec,Canada,Canada,,,
Newfoundland and Labrador,Canada,Canada,,,
Manitoba,Canada,Canada,,,
Ontario,Canada,Canada,,,
Ontario,Canada,Canada,,,
Ontario,Canada,Canada,,,
,Canada,,,,
Ontario,Canada,Canada,,,
Ontario,Canada,Canada,,,
Ontario,Canada,Canada,,,
Nova Scotia,Canada,Canada,,,
Alberta,Canada,Canada,,,
Brazil,Brazil,Brazil,,,
British Columbia,Canada,Canada,,,
British Columbia,Canada,Canada,,,
Nova Scotia,Canada,Canada,,,
Ontario,Canada,Canada,,,
,Canada,,,,
Ontario,Canada,Canada,,,
Ontario,Canada,Canada,,,
Newfoundland and Labrador,Canada,Canada,,,
,Canada,,,,
Ontario,Canada,Canada,,,
Ontario,Canada,Canada,,,
Quebec,Canada,Canada,,,
Ontario,Canada,Canada,,,
Ontario,Canada,Canada,,,
,Canada,,,,
Ontario,Canada,Canada,,,
Uruguay,Uruguay,Uruguay,,,
Alberta,Canada,Canada,,,
British Columbia,Canada,Canada,,,
New Hampshire,Canada,USA,,,
Ontario,Canada,Canada,,,
,Canada,,,,
British Columbia,Canada,Canada,,,
Ontario,Canada,Canada,,,
Ontario,Canada,Canada,,,
Ontario,Canada,Canada,,,
Ontario,Canada,Canada,,,
Ontario,Canada,Canada,,,
Quebec,Canada,Canada,,,
British Columbia,Canada,Canada,,,
Germany,,Germany,,,
Germany,Canada,Germany,,,
Spain,Canada,Spain,,,
United Kingdom,Canada,United Kingdom,,,
Germany,Canada,Germany,,,
,Canada,,,,
Italy,Canada,Italy,,,
United Kingdom,Canada,United Kingdom,,,
Nova Scotia,Canada,Canada,,,
Maine,Canada,USA,,,
Ontario,Canada,Canada,,,
,Canada,,,,
Ontario,Canada,Canada,,,
Germany,Canada,Germany,,,
Ontario,Canada,Canada,,,
Switzerland,Canada,Switzerland,,,
Quebec,Canada,Canada,,,
Ontario,Canada,Canada,,,
Nova Scotia,Canada,Canada,,,
Manitoba,Canada,Canada,,,
Manitoba,Canada,Canada,,,
Quebec,Canada,Canada,,,
Manitoba,Canada,Canada,,,
United Kingdom,Canada,United Kingdom,,,
Nova Scotia,Canada,Canada,,,
Quebec,Canada,Canada,,,
Quebec,Canada,Canada,,,
Manitoba,Canada,Canada,,,
Quebec,Canada,Canada,,,
Ontario,Canada,Canada,,,
Quebec,Canada,Canada,,,
Ontario,Canada,Canada,,,
Quebec,Canada,Canada,,,
,Canada,,,,
Spain,Canada,Spain,,,
Nova Scotia,Canada,Canada,,,
New Brunswick,Canada,Canada,,,
Ontario,Canada,Canada,,,
New Brunswick,Canada,Canada,,,
New Brunswick,Canada,Canada,,,
Quebec,Canada,Canada,,,
Nunavut,Canada,Canada,,,
Nova Scotia,Canada,Canada,,,
Quebec,Canada,Canada,,,
Quebec,Canada,Canada,,,
Nova Scotia,Canada,Canada,,,
Quebec,Canada,Canada,,,
Quebec,Canada,Canada,,,
Ontario,Canada,Canada,,,
Ontario,Canada,Canada,,,
Ontario,Canada,Canada,,,
Ontario,Canada,Canada,,,
New Brunswick,Canada,Canada,,,
Quebec,Canada,Canada,,,
Ontario,Canada,Canada,,,
Ontario,Canada,Canada,,,
Quebec,Canada,Canada,,,
France,Canada,France,,,
New Brunswick,Canada,Canada,,,
Quebec,Canada,Canada,,,
Quebec,Canada,Canada,,,
Quebec,Canada,Canada,,,
Ontario,Canada,Canada,,,
,Canada,,,,
Quebec,Canada,Canada,,,
Chile,Chile,Chile,,,
New Brunswick,Canada,Canada,,,
Quebec,Canada,Canada,,,
Ontario,Canada,Canada,,,
British Columbia,Canada,Canada,,,
Quebec,Canada,Canada,,,
Quebec,Canada,Canada,,,
Quebec,Canada,Canada,,,
Saskatchewan,Canada,Canada,,,
Quebec,Canada,Canada,,,
Quebec,Canada,Canada,,,
Quebec,Canada,Canada,,,
Quebec,Canada,Canada,,,
Quebec,Canada,Canada,,,
Quebec,Canada,Canada,,,
,Canada,,,,
Alberta,Canada,Canada,,,
Quebec,Canada,Canada,,,
Ontario,Canada,Canada,,,
New Brunswick,Canada,Canada,,,
Ontario,Canada,Canada,,,
Ontario,Canada,Canada,,,
Ontario,Canada,Canada,,,
Massachusetts,Canada,USA,,,
Ontario,Canada,Canada,,,
Quebec,Canada,Canada,,,
Ontario,Canada,Canada,,,
Ontario,Canada,Canada,,,
Ontario,Canada,Canada,,,
Ontario,Canada,Canada,,,
Quebec,Canada,Canada,,,
Nova Scotia,Canada,Canada,,,
New Brunswick,Canada,Canada,,,
Ontario,Canada,Canada,,,
Nova Scotia,Canada,Canada,,,
Nova Scotia,Canada,Canada,,,
Ontario,Canada,Canada,,,
Nova Scotia,Canada,Canada,,,
Ontario,Canada,Canada,,,
Saskatchewan,Canada,Canada,,,
Quebec,Canada,Canada,,,
Quebec,Canada,Canada,,,
Poland,Canada,Poland,,,
Newfoundland and Labrador,Canada,Canada,,,
Quebec,Canada,Canada,,,
New Brunswick,Canada,Canada,,,
Nova Scotia,Canada,Canada,,,
New Brunswick,Canada,Canada,,,
New Brunswick,Canada,Canada,,,
Quebec,Canada,Canada,,,
Ontario,Canada,Canada,,,
France,Canada,France,,,
Quebec,Canada,Canada,,,
Quebec,Canada,Canada,,,
Quebec,Canada,Canada,,,
Quebec,Canada,Canada,,,
Quebec,Canada,Canada,,,
Tanzania,Canada,Tanzania,,,
Nova Scotia,Canada,Canada,,,
,Canada,,,,
Quebec,Canada,Canada,,,
British Columbia,Canada,Canada,,,
Quebec,Canada,Canada,,,
British Columbia,Canada,Canada,,,
Quebec,Canada,Canada,,,
Quebec,Canada,Canada,,,
Quebec,Canada,Canada,,,
Quebec,Canada,Canada,,,
Ontario,Canada,Canada,,,
British Columbia,Canada,Canada,,,
Ontario,Canada,Canada,,,
Quebec,Canada,Canada,,,
France,Canada,France,,,
New Brunswick,Canada,Canada,,,
Ontario,Canada,Canada,,,
British Columbia,Canada,Canada,,,
Ontario,Canada,Canada,,,
Ontario,Canada,Canada,,,
Quebec,Canada,Canada,,,
Quebec,Canada,Canada,,,
Germany,Canada,Germany,,,
Quebec,Canada,Canada,,,
Italy,Canada,Italy,,,
Quebec,Canada,Canada,,,
Quebec,Canada,Canada,,,
,,,,,
Quebec,Canada,Canada,,,
Ontario,Canada,Canada,,,
Nova Scotia,Canada,Canada,,,
Ontario,Canada,Canada,,,
Newfoundland and Labrador,Canada,Canada,,,
California,Canada,USA,,,
Quebec,Canada,Canada,,,
Saskatchewan,Canada,Canada,,,
Quebec,Canada,Canada,,,
Ontario,Canada,Canada,,,
Quebec,Canada,Canada,,,
Quebec,Canada,Canada,,,
Ontario,Canada,Canada,,,
Ontario,Canada,Canada,,,
Ontario,Austria,Canada,,,
Quebec,Canada,Canada,,,
Quebec,Canada,Canada,,,
Quebec,Canada,Canada,,,
Quebec,Canada,Canada,,,
Quebec,Canada,Canada,,,
Nova Scotia,Canada,Canada,,,
North Carolina,Canada,USA,,,
Ontario,Canada,Canada,,,
New Jersey,United States,USA,,,
Ontario,Canada,Canada,,,
Ontario,Canada,Canada,,,
Ontario,Canada,Canada,,,
Nova Scotia,Canada,Canada,,,
Ontario,Canada,Canada,,,
Ontario,Canada,Canada,,,
Quebec,Canada,Canada,,,
Quebec,,Canada,,,
New Mexico,Canada,USA,,,
New Brunswick,Canada,Canada,,,
Quebec,Canada,Canada,,,
Quebec,Canada,Canada,,,
,Canada,,,,
Ontario,Canada,Canada,,,
Switzerland,Canada,Switzerland,,,
Quebec,Canada,Canada,,,
Quebec,Canada,Canada,,,
Ontario,Canada,Canada,,,
Quebec,Canada,Canada,,,
Ontario,Canada,Canada,,,
Germany,Canada,Germany,,,
,Canada,,,,
Ontario,Canada,Canada,,,
Sweden,Sweden,Sweden,,,
Denmark,Canada,Denmark,,,
France,Canada,France,,,
Quebec,Canada,Canada,,,
Ontario,Canada,Canada,,,
Quebec,Canada,Canada,,,
Quebec,Canada,Canada,,,
Quebec,Canada,Canada,,,
New Brunswick,Canada,Canada,,,
Nova Scotia,Canada,Canada,,,
Quebec,Canada,Canada,,,
New Brunswick,Canada,Canada,,,
Ontario,Canada,Canada,,,
Ontario,Canada,Canada,,,
British Columbia,Canada,Canada,,,
Quebec,Canada,Canada,,,
Quebec,Canada,Canada,,,
New Brunswick,Canada,Canada,,,
Nova Scotia,Canada,Canada,,,
Quebec,Canada,Canada,,,
Quebec,Canada,Canada,,,
Ontario,Canada,Canada,,,
Nebraska,United States,USA,,,
Quebec,Canada,Canada,,,
Quebec,Canada,Canada,,,
Ontario,Canada,Canada,,,
California,United States,USA,,,
Nova Scotia,Canada,Canada,,,
Manitoba,Canada,Canada,,,
Quebec,Canada,Canada,,,
Brazil,Brazil,Brazil,,,
Quebec,Canada,Canada,,,
Ontario,Canada,Canada,,,
Greece,Canada,Greece,,,
Manitoba,Canada,Canada,,,
Quebec,Canada,Canada,,,
Ontario,Canada,Canada,,,
Ontario,Canada,Canada,,,
Ontario,Canada,Canada,,,
France,Canada,France,,,
Alberta,Canada,Canada,,,
British Columbia,Canada,Canada,,,
Quebec,Canada,Canada,,,
Manitoba,Canada,Canada,,,
Alberta,Canada,Canada,,,
Ontario,Canada,Canada,,,
,Canada,,,,
,Canada,,,,
Ontario,Canada,Canada,,,
Denmark,Canada,Denmark,,,
United Kingdom,United Kingdom,United Kingdom,,,
Newfoundland and Labrador,Canada,Canada,,,
,Canada,,,,
,Canada,,,,
Alberta,Canada,Canada,,,
Quebec,Canada,Canada,,,
Nova Scotia,Canada,Canada,,,
Quebec,Canada,Canada,,,
Ontario,Canada,Canada,,,
British Columbia,Canada,Canada,,,
Newfoundland and Labrador,Canada,Canada,,,
British Columbia,Canada,Canada,,,
United Kingdom,Canada,United Kingdom,,,
,Canada,,,,
Quebec,Canada,Canada,,,
Quebec,Canada,Canada,,,
,Canada,,,,
,Canada,,,,
British Columbia,Canada,Canada,,,
Nova Scotia,Canada,Canada,,,
Ontario,Canada,Canada,,,
Ontario,Canada,Canada,,,
British Columbia,Canada,Canada,,,
Germany,Canada,Germany,,,
Cameroon,Canada,Cameroon,,,
Saskatchewan,Canada,Canada,,,
,Canada,,,,
Quebec,Canada,Canada,,,
Ontario,Canada,Canada,,,
Quebec,Canada,Canada,,,
Netherlands,Canada,Netherlands,,,
Quebec,Canada,Canada,,,
,Canada,,,,
Alberta,Canada,Canada,,,
Ontario,Canada,Canada,,,
Ontario,Canada,Canada,,,
Ontario,,Canada,,,
Quebec,Canada,Canada,,,
British Columbia,Canada,Canada,,,
Alberta,Canada,Canada,,,
Quebec,Canada,Canada,,,
Ontario,Canada,Canada,,,
Saskatchewan,Canada,Canada,,,
Chile,Chile,Chile,,,
New Brunswick,Canada,Canada,,,
Ontario,Canada,Canada,,,
Quebec,Canada,Canada,,,
Ontario,Canada,Canada,,,
Ontario,Canada,Canada,,,
Ontario,Canada,Canada,,,
Ontario,Canada,Canada,,,
Quebec,Canada,Canada,,,
Ontario,Canada,Canada,,,
Alberta,Canada,Canada,,,
,Canada,,,,
Australia,Australia,Australia,,,
Ontario,Canada,Canada,,,
Quebec,Canada,Canada,,,
Austria,Canada,Austria,,,
France,Canada,France,,,
Ontario,Canada,Canada,,,
New York,Israel,USA,,,
Israel,Israel,Israel,,,
Israel,Israel,Israel,,,
Israel,Israel,Israel,,,
Israel,Israel,Israel,,,
Israel,Israel,Israel,,,
Israel,Antarctica,Israel,,,
,Israel,,,,
Israel,Israel,Israel,,,
Israel,Israel,Israel,,,
Israel,Israel,Israel,,,
Israel,Israel,Israel,,,
Israel,Israel,Israel,,,
Israel,Israel,Israel,,,
Israel,Israel,Israel,,,
Israel,Israel,Israel,,,
Israel,Israel,Israel,,,
New York,Israel,USA,,,
,Canada,,,,
Israel,Israel,Israel,,,
Ontario,Canada,Canada,,,
Switzerland,Israel,Switzerland,,,
Israel,Israel,Israel,,,
Ontario,Canada,Canada,,,
British Columbia,Canada,Canada,,,
Ontario,Canada,Canada,,,
,Israel,,,,
Quebec,Canada,Canada,,,
Nova Scotia,Canada,Canada,,,
Texas,United States,USA,,,
Israel,Israel,Israel,,,
,United States,,,,
Manitoba,Canada,Canada,,,
Israel,Israel,Israel,,,
Israel,Israel,Israel,,,
Israel,Israel,Israel,,,
,Canada,,,,
Nova Scotia,Canada,Canada,,,
Israel,Israel,Israel,,,
Ontario,Canada,Canada,,,
Ontario,Canada,Canada,,,
Nova Scotia,Canada,Canada,,,
Quebec,Canada,Canada,,,
Nova Scotia,Canada,Canada,,,
Alberta,Canada,Canada,,,
Nova Scotia,Canada,Canada,,,
Ontario,Canada,Canada,,,
New Brunswick,Canada,Canada,,,
Ontario,Canada,Canada,,,
Alberta,Canada,Canada,,,
Israel,,Israel,,,
Ontario,Canada,Canada,,,
Ontario,Canada,Canada,,,
Israel,Israel,Israel,,,
Ontario,Canada,Canada,,,
British Columbia,Canada,Canada,,,
Nova Scotia,Canada,Canada,,,
Saskatchewan,Canada,Canada,,,
Ontario,Canada,Canada,,,
Ontario,Canada,Canada,,,
,Canada,,,,
Ontario,Canada,Canada,,,
Ontario,Canada,Canada,,,
Quebec,Canada,Canada,,,
Ontario,Canada,Canada,,,
British Columbia,Canada,Canada,,,
Ontario,Canada,Canada,,,
Manitoba,Canada,Canada,,,
,Canada,,,,
Nova Scotia,Canada,Canada,,,
Ontario,Canada,Canada,,,
Quebec,Canada,Canada,,,
,Canada,,,,
Ontario,Canada,Canada,,,
Ontario,Canada,Canada,,,
Ontario,Canada,Canada,,,
Manitoba,Canada,Canada,,,
,Canada,,,,
Ontario,Canada,Canada,,,
Nova Scotia,Canada,Canada,,,
Prince Edward Island,Canada,Canada,,,
Alberta,Canada,Canada,,,
Quebec,Canada,Canada,,,
Ontario,Canada,Canada,,,
British Columbia,Canada,Canada,,,
Ontario,Canada,Canada,,,
British Columbia,Canada,Canada,,,
Alberta,Canada,Canada,,,
Ontario,Canada,Canada,,,
Quebec,Canada,Canada,,,
Alberta,Canada,Canada,,,
Israel,Israel,Israel,,,
Alberta,Canada,Canada,,,
Ontario,Canada,Canada,,,
,Canada,,,,
Ontario,Canada,Canada,,,
Ontario,Canada,Canada,,,
Quebec,Canada,Canada,,,
Ontario,Canada,Canada,,,
Ontario,Canada,Canada,,,
Alberta,Canada,Canada,,,
Quebec,Canada,Canada,,,
Ontario,Canada,Canada,,,
Manitoba,Canada,Canada,,,
British Columbia,Canada,Canada,,,
Saskatchewan,Canada,Canada,,,
Ontario,Canada,Canada,,,
,Canada,,,,
Quebec,Canada,Canada,,,
British Columbia,Canada,Canada,,,
Ontario,Canada,Canada,,,
Ontario,Canada,Canada,,,
,Canada,,,,
Germany,Canada,Germany,,,
Ontario,Canada,Canada,,,
Ontario,Canada,Canada,,,
Ontario,Canada,Canada,,,
Ontario,Canada,Canada,,,
Ontario,Canada,Canada,,,
Ontario,Canada,Canada,,,
Ontario,Canada,Canada,,,
Alberta,Canada,Canada,,,
Ontario,Canada,Canada,,,
British Columbia,Canada,Canada,,,
Ontario,Canada,Canada,,,
Ontario,Canada,Canada,,,
Alberta,Canada,Canada,,,
,Canada,,,,
Manitoba,Canada,Canada,,,
Quebec,Canada,Canada,,,
Manitoba,Canada,Canada,,,
Ontario,Canada,Canada,,,
Alberta,Canada,Canada,,,
Alberta,Canada,Canada,,,
Nova Scotia,Canada,Canada,,,
Quebec,Canada,Canada,,,
Quebec,Canada,Canada,,,
New Brunswick,Canada,Canada,,,
Newfoundland and Labrador,Canada,Canada,,,
Ontario,Canada,Canada,,,
Quebec,Canada,Canada,,,
,Canada,,,,
Quebec,Canada,Canada,,,
Ontario,Canada,Canada,,,
Quebec,Canada,Canada,,,
British Columbia,Canada,Canada,,,
New Brunswick,Canada,Canada,,,
Saskatchewan,Canada,Canada,,,
Ontario,Canada,Canada,,,
Ontario,Canada,Canada,,,
British Columbia,Canada,Canada,,,
British Columbia,Canada,Canada,,,
British Columbia,Canada,Canada,,,
Nova Scotia,Canada,Canada,,,
Nova Scotia,Canada,Canada,,,
Ontario,Canada,Canada,,,
,Canada,,,,
Nova Scotia,Canada,Canada,,,
Ontario,Canada,Canada,,,
Nova Scotia,Canada,Canada,,,
Quebec,Canada,Canada,,,
British Columbia,Canada,Canada,,,
Ontario,Canada,Canada,,,
,Canada,,,,
Newfoundland and Labrador,Canada,Canada,,,
,Canada,,,,
British Columbia,Canada,Canada,,,
Ontario,Canada,Canada,,,
Ontario,Canada,Canada,,,
Ontario,Canada,Canada,,,
Quebec,Canada,Canada,,,
British Columbia,Canada,Canada,,,
Ontario,Canada,Canada,,,
British Columbia,Canada,Canada,,,
United Kingdom,Canada,United Kingdom,,,
Alberta,Estonia,Canada,,,
Ontario,Canada,Canada,,,
Ontario,Canada,Canada,,,
Ontario,Canada,Canada,,,
Ontario,Canada,Canada,,,
British Columbia,Canada,Canada,,,
Ontario,Canada,Canada,,,
Alberta,Canada,Canada,,,
Saskatchewan,Canada,Canada,,,
Saskatchewan,Canada,Canada,,,
British Columbia,Canada,Canada,,,
,Canada,,,,
Alberta,Canada,Canada,,,
,Canada,,,,
Ontario,Canada,Canada,,,
Manitoba,Canada,Canada,,,
Alberta,Canada,Canada,,,
Nova Scotia,Canada,Canada,,,
Ontario,Canada,Canada,,,
British Columbia,Canada,Canada,,,
,Canada,,,,
Newfoundland and Labrador,Canada,Canada,,,
Saskatchewan,Canada,Canada,,,
Newfoundland and Labrador,Canada,Canada,,,
Ontario,Canada,Canada,,,
,Canada,,,,
Manitoba,Canada,Canada,,,
Alberta,Canada,Canada,,,
Ontario,Canada,Canada,,,
British Columbia,Canada,Canada,,,
Ontario,Canada,Canada,,,
Singapore,Canada,Singapore,,,
British Columbia,Canada,Canada,,,
Ontario,Canada,Canada,,,
Ontario,Canada,Canada,,,
Manitoba,Canada,Canada,,,
Manitoba,Canada,Canada,,,
Ontario,Canada,Canada,,,
Ontario,Canada,Canada,,,
,,,,,
United Kingdom,Canada,United Kingdom,,,
France,Canada,France,,,
Manitoba,Canada,Canada,,,
British Columbia,Canada,Canada,,,
,Canada,,,,
Ontario,Canada,Canada,,,
Alberta,Canada,Canada,,,
Washington,Canada,USA,,,
United Kingdom,United Kingdom,United Kingdom,,,
Ontario,Canada,Canada,,,
Pennsylvania,Canada,USA,,,
Ontario,Canada,Canada,,,
,Canada,,,,
Ontario,Canada,Canada,,,
Ontario,,Canada,,,
,Canada,,,,
British Columbia,Canada,Canada,,,
British Columbia,Canada,Canada,,,
,Canada,,,,
Ontario,Canada,Canada,,,
Ontario,Canada,Canada,,,
,Canada,,,,
British Columbia,Canada,Canada,,,
Ontario,Canada,Canada,,,
Ontario,Canada,Canada,,,
Newfoundland and Labrador,Canada,Canada,,,
Nova Scotia,Canada,Canada,,,
Ontario,Canada,Canada,,,
British Columbia,Canada,Canada,,,
Ontario,Canada,Canada,,,
Alberta,Canada,Canada,,,
British Columbia,Canada,Canada,,,
Nova Scotia,Canada,Canada,,,
Nova Scotia,Canada,Canada,,,
Alberta,Canada,Canada,,,
Germany,Germany,Germany,,,
Australia,Canada,Australia,,,
British Columbia,Canada,Canada,,,
Michigan,Canada,USA,,,
Nova Scotia,Canada,Canada,,,
Alberta,Canada,Canada,,,
New Brunswick,Canada,Canada,,,
British Columbia,Canada,Canada,,,
Ontario,Canada,Canada,,,
British Columbia,Canada,Canada,,,
British Columbia,Canada,Canada,,,
Quebec,Canada,Canada,,,
Ontario,Canada,Canada,,,
Newfoundland and Labrador,Canada,Canada,,,
,Canada,,,,
,Canada,,,,
Ontario,Canada,Canada,,,
British Columbia,Canada,Canada,,,
Ontario,Canada,Canada,,,
,Canada,,,,
British Columbia,Canada,Canada,,,
Quebec,Canada,Canada,,,
Ontario,Canada,Canada,,,
British Columbia,Canada,Canada,,,
British Columbia,Canada,Canada,,,
New Brunswick,Canada,Canada,,,
Quebec,Canada,Canada,,,
Ontario,Canada,Canada,,,
Korea,Canada,Korea,,,
Ontario,Canada,Canada,,,
,Canada,,,,
,Canada,,,,
Australia,Israel,Australia,,,
Ontario,Canada,Canada,,,
Newfoundland and Labrador,Canada,Canada,,,
Alberta,Canada,Canada,,,
,Canada,,,,
Alberta,Canada,Canada,,,
Ontario,Canada,Canada,,,
Latvia,Canada,Latvia,,,
Alberta,Canada,Canada,,,
British Columbia,Canada,Canada,,,
Switzerland,Canada,Switzerland,,,
Israel,Israel,Israel,,,
Israel,Israel,Israel,,,
Ontario,Canada,Canada,,,
,Canada,,,,
Germany,Germany,Germany,,,
Israel,Israel,Israel,,,
Israel,Israel,Israel,,,
Germany,Germany,Germany,,,
Germany,Canada,Germany,,,
Germany,Germany,Germany,,,
United Kingdom,Canada,United Kingdom,,,
Belgium,Canada,Belgium,,,
Israel,Israel,Israel,,,
Israel,Israel,Israel,,,
Denmark,Canada,Denmark,,,
Florida,Canada,USA,,,
Newfoundland and Labrador,Canada,Canada,,,
Netherlands,Canada,Netherlands,,,
Newfoundland and Labrador,Canada,Canada,,,
Israel,Israel,Israel,,,
Ontario,Canada,Canada,,,
,Canada,,,,
Ontario,Canada,Canada,,,
Nova Scotia,Canada,Canada,,,
New Brunswick,Canada,Canada,,,
Nova Scotia,Canada,Canada,,,
,Canada,,,,
Quebec,Canada,Canada,,,
Ontario,Canada,Canada,,,
British Columbia,Canada,Canada,,,
Ontario,Canada,Canada,,,
Ontario,Canada,Canada,,,
Ontario,Canada,Canada,,,
Maryland,United States,USA,,,
Newfoundland and Labrador,Canada,Canada,,,
Switzerland,Canada,Switzerland,,,
Nova Scotia,Canada,Canada,,,
Nova Scotia,Canada,Canada,,,
Texas,United States,USA,,,
New York,United States,USA,,,
Ontario,Canada,Canada,,,
Ontario,Canada,Canada,,,
,Canada,,,,
Ontario,Canada,Canada,,,
Pennsylvania,United States,USA,,,
Belgium,Belgium,Belgium,,,
Ontario,Canada,Canada,,,
Texas,United States,USA,,,
Illinois,United States,USA,,,
Finland,Finland,Finland,,,
United Kingdom,United Kingdom,United Kingdom,,,
Ontario,Canada,Canada,,,
Ontario,Canada,Canada,,,
United Kingdom,United Kingdom,United Kingdom,,,
New Brunswick,Canada,Canada,,,
Quebec,United Kingdom,Canada,,,
Netherlands,Finland,Netherlands,,,
,United States,,,,
Oregon,United States,USA,,,
Ontario,Canada,Canada,,,
Manitoba,Canada,Canada,,,
Belgium,Belgium,Belgium,,,
Newfoundland and Labrador,Canada,Canada,,,
Ontario,Canada,Canada,,,
Ontario,Canada,Canada,,,
Alberta,Canada,Canada,,,
United Kingdom,United Kingdom,United Kingdom,,,
Ohio,United States,USA,,,
Quebec,Canada,Canada,,,
Yukon Territory,Canada,Canada,,,
Ontario,Canada,Canada,,,
Nova Scotia,Canada,Canada,,,
New York,United States,USA,,,
Virginia,United States,USA,,,
,United States,,,,
Minnesota,United States,USA,,,
Alberta,Canada,Canada,,,
Tennessee,United States,USA,,,
Alberta,Canada,Canada,,,
Israel,Israel,Israel,,,
Belgium,United States,Belgium,,,
Ontario,Canada,Canada,,,
Ontario,Canada,Canada,,,
Ontario,Canada,Canada,,,
Israel,Israel,Israel,,,
United Kingdom,United Kingdom,United Kingdom,,,
,Canada,,,,
,Canada,,,,
Nova Scotia,Canada,Canada,,,
Louisiana,United States,USA,,,
California,United States,USA,,,
California,United States,USA,,,
California,United States,USA,,,
California,United States,USA,,,
British Columbia,Canada,Canada,,,
California,United States,USA,,,
New York,United States,USA,,,
Quebec,Canada,Canada,,,
Greece,Canada,Greece,,,
Alberta,Canada,Canada,,,
New Brunswick,Canada,Canada,,,
Maryland,United States,USA,,,
Ontario,Canada,Canada,,,
Ontario,Canada,Canada,,,
,Canada,,,,
Manitoba,Canada,Canada,,,
Nova Scotia,Canada,Canada,,,
Ontario,Canada,Canada,,,
,Canada,,,,
Germany,Germany,Germany,,,
Ontario,Canada,Canada,,,
Ontario,United States,Canada,,,
Ontario,Canada,Canada,,,
Nigeria,Nigeria,Nigeria,,,
Mexico,Mexico,Mexico,,,
Alberta,Canada,Canada,,,
Hawaii,United States,USA,,,
British Columbia,Canada,Canada,,,
,Canada,,,,
New Zealand,New Zealand,New Zealand,,,
California,United States,USA,,,
California,United States,USA,,,
,United States,,,,
British Columbia,Canada,Canada,,,
British Columbia,Canada,Canada,,,
India,India,India,,,
Nepal,Nepal,Nepal,,,
Sweden,Sweden,Sweden,,,
New Zealand,New Zealand,New Zealand,,,
Cyprus,Cyprus,Cyprus,,,
Italy,France,Italy,,,
Austria,Austria,Austria,,,
California,United States,USA,,,
California,United States,USA,,,
Australia,Australia,Australia,,,
Germany,Germany,Germany,,,
,United States,,,,
Ontario,Canada,Canada,,,
Denmark,Denmark,Denmark,,,
Australia,Australia,Australia,,,
Newfoundland and Labrador,Canada,Canada,,,
France,France,France,,,
Oklahoma,United States,USA,,,
Vermont,Canada,USA,,,
Ontario,Canada,Canada,,,
Ontario,Canada,Canada,,,
Ohio,United States,USA,,,
Ontario,Canada,Canada,,,
Italy,Portugal,Italy,,,
Sweden,Canada,Sweden,,,
Nova Scotia,Canada,Canada,,,
Ontario,Canada,Canada,,,
Alberta,Canada,Canada,,,
Ontario,Canada,Canada,,,
Alberta,Canada,Canada,,,
Israel,Israel,Israel,,,
Nova Scotia,Canada,Canada,,,
Quebec,Canada,Canada,,,
Indiana,United States,USA,,,
Ontario,Canada,Canada,,,
Maine,United States,USA,,,
Ontario,Canada,Canada,,,
British Columbia,Canada,Canada,,,
New York,United States,USA,,,
,Canada,,,,
Alberta,Canada,Canada,,,
British Columbia,Canada,Canada,,,
,Canada,,,,
Maryland,,USA,,,
France,France,France,,,
Finland,Finland,Finland,,,
Switzerland,United States,Switzerland,,,
Australia,Australia,Australia,,,
Germany,Benin,Germany,,,
Quebec,Canada,Canada,,,
Nova Scotia,Canada,Canada,,,
Quebec,Canada,Canada,,,
Colorado,United States,USA,,,
,Canada,,,,
,Canada,,,,
,United States,,,,
Ontario,Canada,Canada,,,
Germany,Germany,Germany,,,
Michigan,United States,USA,,,
Colorado,United States,USA,,,
Ontario,Canada,Canada,,,
Ethiopia,Ethiopia,Ethiopia,,,
,United States,,,,
Lesotho,Lesotho,Lesotho,,,
Quebec,Canada,Canada,,,
Quebec,Canada,Canada,,,
British Columbia,Canada,Canada,,,
Saskatchewan,Canada,Canada,,,
Indonesia,Indonesia,Indonesia,,,
Bangladesh,Bangladesh,Bangladesh,,,
Vietnam,Vietnam,Vietnam,,,
Nicaragua,Nicaragua,Nicaragua,,,
Quebec,Canada,Canada,,,
India,India,India,,,
Philippines,Philippines,Philippines,,,
Kenya,Kenya,Kenya,,,
Russian Federation,Russia,Russian Federation,,,
India,India,India,,,
Israel,Israel,Israel,,,
Japan,Bangladesh,Japan,,,
Quebec,Canada,Canada,,,
California,United States,USA,,,
Colombia,Colombia,Colombia,,,
Ontario,Canada,Canada,,,
British Columbia,Canada,Canada,,,
Nigeria,Nigeria,Nigeria,,,
Nevada,United States,USA,,,
Israel,Israel,Israel,,,
Mozambique,Mozambique,Mozambique,,,
Malaysia,Malaysia,Malaysia,,,
Taiwan,Taiwan,Taiwan,,,
Dominican Republic,Dominican Republic,Dominican Republic,,,
British Columbia,Canada,Canada,,,
Ontario,Canada,Canada,,,
Massachusetts,United States,USA,,,
Russian Federation,Canada,Russian Federation,,,
,Canada,,,,
,Canada,,,,
Ontario,Canada,Canada,,,
Indonesia,Canada,Indonesia,,,
California,United States,USA,,,
Nepal,Nepal,Nepal,,,
India,India,India,,,
Japan,Japan,Japan,,,
Iowa,United States,USA,,,
,Canada,,,,
Ontario,Canada,Canada,,,
Ontario,Canada,Canada,,,
Ontario,Canada,Canada,,,
Alberta,Canada,Canada,,,
Saskatchewan,Canada,Canada,,,
Ontario,Canada,Canada,,,
Lebanon,Lebanon,Lebanon,,,
Ontario,Canada,Canada,,,
Hawaii,Canada,USA,,,
,Canada,,,,
Australia,Australia,Australia,,,
Malaysia,Malaysia,Malaysia,,,
Ontario,Canada,Canada,,,
Ontario,Canada,Canada,,,
Germany,Germany,Germany,,,
Switzerland,United Kingdom,Switzerland,,,
,Canada,,,,
Ontario,Canada,Canada,,,
Alberta,Canada,Canada,,,
,Canada,,,,
Quebec,Canada,Canada,,,
British Columbia,Canada,Canada,,,
British Columbia,Canada,Canada,,,
British Columbia,Canada,Canada,,,
Ontario,Canada,Canada,,,
Ontario,Canada,Canada,,,
Germany,Canada,Germany,,,
Alberta,Canada,Canada,,,
,Bangladesh,,,,
Quebec,Canada,Canada,,,
Bangladesh,Bangladesh,Bangladesh,,,
Hawaii,United States,USA,,,
Indonesia,Indonesia,Indonesia,,,
France,Canada,France,,,
California,United States,USA,,,
,Canada,,,,
California,,USA,,,
United Kingdom,United States,United Kingdom,,,
Florida,United States,USA,,,
Quebec,Canada,Canada,,,
Ontario,Canada,Canada,,,
Quebec,,Canada,,,
Nigeria,Nigeria,Nigeria,,,
British Columbia,Canada,Canada,,,
Hawaii,United States,USA,,,
Ontario,Canada,Canada,,,
Alabama,United States,USA,,,
,United States,,,,
California,United States,USA,,,
Spain,United States,Spain,,,
Texas,United States,USA,,,
Massachusetts,United States,USA,,,
North Carolina,United States,USA,,,
Massachusetts,United States,USA,,,
,Canada,,,,
,United States,,,,
United Kingdom,United Kingdom,United Kingdom,,,
United Kingdom,United Kingdom,United Kingdom,,,
United Kingdom,United Kingdom,United Kingdom,,,
United Kingdom,United Kingdom,United Kingdom,,,
,United Kingdom,,,,
United Kingdom,United Kingdom,United Kingdom,,,
United Kingdom,United Kingdom,United Kingdom,,,
United Kingdom,United Kingdom,United Kingdom,,,
United Kingdom,United Kingdom,United Kingdom,,,
United Kingdom,United Kingdom,United Kingdom,,,
United Kingdom,United Kingdom,United Kingdom,,,
Massachusetts,United States,USA,,,
United Kingdom,United Kingdom,United Kingdom,,,
United Kingdom,United Kingdom,United Kingdom,,,
United Kingdom,United Kingdom,United Kingdom,,,
United Kingdom,United Kingdom,United Kingdom,,,
United Kingdom,United Kingdom,United Kingdom,,,
United Kingdom,United Kingdom,United Kingdom,,,
United Kingdom,United Kingdom,United Kingdom,,,
United Kingdom,United Kingdom,United Kingdom,,,
United Kingdom,United Kingdom,United Kingdom,,,
United Kingdom,United Kingdom,United Kingdom,,,
United Kingdom,United Kingdom,United Kingdom,,,
United Kingdom,United Kingdom,United Kingdom,,,
Switzerland,United Kingdom,Switzerland,,,
United Kingdom,United Kingdom,United Kingdom,,,
United Kingdom,United Kingdom,United Kingdom,,,
Hong Kong,United Kingdom,Hong Kong,,,
United Kingdom,United Kingdom,United Kingdom,,,
United Kingdom,United Kingdom,United Kingdom,,,
Switzerland,United Kingdom,Switzerland,,,
United Kingdom,United Kingdom,United Kingdom,,,
United Kingdom,United Kingdom,United Kingdom,,,
United Kingdom,United Kingdom,United Kingdom,,,
United Kingdom,United Kingdom,United Kingdom,,,
United Kingdom,United Kingdom,United Kingdom,,,
United Kingdom,United Kingdom,United Kingdom,,,
United Kingdom,United Kingdom,United Kingdom,,,
United Kingdom,United Kingdom,United Kingdom,,,
Spain,United Kingdom,Spain,,,
United Kingdom,United Kingdom,United Kingdom,,,
United Kingdom,United Kingdom,United Kingdom,,,
Australia,Australia,Australia,,,
China,United Kingdom,China,,,
Saskatchewan,Canada,Canada,,,
Washington,United Kingdom,USA,,,
Oregon,United Kingdom,USA,,,
United Kingdom,United Kingdom,United Kingdom,,,
United Kingdom,United Kingdom,United Kingdom,,,
United Kingdom,United Kingdom,United Kingdom,,,
Russian Federation,United Kingdom,Russian Federation,,,
United Kingdom,United Kingdom,United Kingdom,,,
United Kingdom,United Kingdom,United Kingdom,,,
Germany,United Kingdom,Germany,,,
United Kingdom,United Kingdom,United Kingdom,,,
United Kingdom,United Kingdom,United Kingdom,,,
United Kingdom,United Kingdom,United Kingdom,,,
United Kingdom,,United Kingdom,,,
United Kingdom,United Kingdom,United Kingdom,,,
United Kingdom,United Kingdom,United Kingdom,,,
United Kingdom,,United Kingdom,,,
United Kingdom,United Kingdom,United Kingdom,,,
United Kingdom,United Kingdom,United Kingdom,,,
United Kingdom,United Kingdom,United Kingdom,,,
United Kingdom,United Kingdom,United Kingdom,,,
,United Kingdom,,,,
United Kingdom,United Kingdom,United Kingdom,,,
United Kingdom,United Kingdom,United Kingdom,,,
United Kingdom,United Kingdom,United Kingdom,,,
United Kingdom,United Kingdom,United Kingdom,,,
China,United Kingdom,China,,,
United Kingdom,United Kingdom,United Kingdom,,,
United Kingdom,United Kingdom,United Kingdom,,,
United Kingdom,United Kingdom,United Kingdom,,,
Spain,United Kingdom,Spain,,,
United Kingdom,United Kingdom,United Kingdom,,,
United Kingdom,United Kingdom,United Kingdom,,,
United Kingdom,United Kingdom,United Kingdom,,,
United Kingdom,United Kingdom,United Kingdom,,,
United Kingdom,United Kingdom,United Kingdom,,,
Illinois,United States,USA,,,
United Kingdom,United Kingdom,United Kingdom,,,
Quebec,Canada,Canada,,,
United Kingdom,United Kingdom,United Kingdom,,,
Italy,United Kingdom,Italy,,,
Alberta,Canada,Canada,,,
United Kingdom,United Kingdom,United Kingdom,,,
United Kingdom,United Kingdom,United Kingdom,,,
United Kingdom,United Kingdom,United Kingdom,,,
United Kingdom,,United Kingdom,,,
United Kingdom,United Kingdom,United Kingdom,,,
United Kingdom,United Kingdom,United Kingdom,,,
United Kingdom,United Kingdom,United Kingdom,,,
United Kingdom,United Kingdom,United Kingdom,,,
United Kingdom,United Kingdom,United Kingdom,,,
United Kingdom,United Kingdom,United Kingdom,,,
United Kingdom,United Kingdom,United Kingdom,,,
,United Kingdom,,,,
United Kingdom,United Kingdom,United Kingdom,,,
,United Kingdom,,,,
United Kingdom,United Kingdom,United Kingdom,,,
United Kingdom,United Kingdom,United Kingdom,,,
,United Kingdom,,,,
United Kingdom,United Kingdom,United Kingdom,,,
United Kingdom,United Kingdom,United Kingdom,,,
United Kingdom,United Kingdom,United Kingdom,,,
United Kingdom,United Kingdom,United Kingdom,,,
United Kingdom,United Kingdom,United Kingdom,,,
United Kingdom,United Kingdom,United Kingdom,,,
United Kingdom,United Kingdom,United Kingdom,,,
Switzerland,United Kingdom,Switzerland,,,
United Kingdom,United Kingdom,United Kingdom,,,
United Kingdom,United Kingdom,United Kingdom,,,
United Kingdom,United Kingdom,United Kingdom,,,
Germany,United Kingdom,Germany,,,
United Kingdom,United Kingdom,United Kingdom,,,
Ontario,Canada,Canada,,,
,,,,,
United Kingdom,United Kingdom,United Kingdom,,,
New Brunswick,Canada,Canada,,,
Massachusetts,United States,USA,,,
United Kingdom,,United Kingdom,,,
Quebec,Canada,Canada,,,
United Kingdom,United Kingdom,United Kingdom,,,
United Kingdom,United Kingdom,United Kingdom,,,
United Kingdom,United Kingdom,United Kingdom,,,
Australia,Australia,Australia,,,
Australia,Australia,Australia,,,
Australia,Australia,Australia,,,
Australia,Australia,Australia,,,
Australia,Australia,Australia,,,
Australia,Australia,Australia,,,
Australia,Australia,Australia,,,
United Kingdom,United Kingdom,United Kingdom,,,
Netherlands,Netherlands,Netherlands,,,
Belgium,Belgium,Belgium,,,
United Kingdom,United Kingdom,United Kingdom,,,
Netherlands,Netherlands,Netherlands,,,
Australia,Australia,Australia,,,
Belgium,Belgium,Belgium,,,
United Kingdom,United Kingdom,United Kingdom,,,
Netherlands,Netherlands,Netherlands,,,
Netherlands,Netherlands,Netherlands,,,
United Kingdom,United Kingdom,United Kingdom,,,
United Kingdom,United Kingdom,United Kingdom,,,
Netherlands,Netherlands,Netherlands,,,
United Kingdom,United Kingdom,United Kingdom,,,
United Kingdom,United Kingdom,United Kingdom,,,
United Kingdom,United Kingdom,United Kingdom,,,
United Kingdom,United Kingdom,United Kingdom,,,
United Kingdom,United Kingdom,United Kingdom,,,
,Australia,,,,
Germany,United Kingdom,Germany,,,
United Kingdom,United Kingdom,United Kingdom,,,
Netherlands,Netherlands,Netherlands,,,
United Kingdom,United Kingdom,United Kingdom,,,
United Kingdom,United Kingdom,United Kingdom,,,
United Kingdom,United Kingdom,United Kingdom,,,
Italy,Canada,Italy,,,
United Kingdom,United Kingdom,United Kingdom,,,
United Kingdom,United Kingdom,United Kingdom,,,
United Kingdom,United Kingdom,United Kingdom,,,
Netherlands,Netherlands,Netherlands,,,
United Kingdom,United Kingdom,United Kingdom,,,
Quebec,Canada,Canada,,,
United Kingdom,United Kingdom,United Kingdom,,,
British Columbia,Canada,Canada,,,
Netherlands,Netherlands,Netherlands,,,
Ontario,Canada,Canada,,,
United Kingdom,United Kingdom,United Kingdom,,,
Switzerland,Switzerland,Switzerland,,,
United Kingdom,United Kingdom,United Kingdom,,,
Ontario,Canada,Canada,,,
British Columbia,Canada,Canada,,,
Australia,Australia,Australia,,,
Alberta,Canada,Canada,,,
United Kingdom,United Kingdom,United Kingdom,,,
Israel,Israel,Israel,,,
United Kingdom,United Kingdom,United Kingdom,,,
Ontario,Canada,Canada,,,
Quebec,Canada,Canada,,,
Nebraska,United States,USA,,,
,Colombia,,,,
,Colombia,,,,
Nebraska,United States,USA,,,
British Columbia,Canada,Canada,,,
Massachusetts,United States,USA,,,
,Colombia,,,,
Nebraska,United States,USA,,,
India,India,India,,,
Connecticut,United States,USA,,,
,United States,,,,
New Hampshire,United States,USA,,,
New Hampshire,United States,USA,,,
New York,United States,USA,,,
United Kingdom,United Kingdom,United Kingdom,,,
,Canada,,,,
Australia,Australia,Australia,,,
Quebec,Canada,Canada,,,
United Kingdom,United Kingdom,United Kingdom,,,
Quebec,Canada,Canada,,,
United Kingdom,United Kingdom,United Kingdom,,,
New Brunswick,Canada,Canada,,,
,Colombia,,,,
Massachusetts,United States,USA,,,
Ontario,Canada,Canada,,,
Nova Scotia,Canada,Canada,,,
Australia,Australia,Australia,,,
Australia,Australia,Australia,,,
Virginia,United States,USA,,,
New Zealand,New Zealand,New Zealand,,,
Australia,Australia,Australia,,,
California,United States,USA,,,
United Kingdom,United Kingdom,United Kingdom,,,
Connecticut,United States,USA,,,
Ontario,Canada,Canada,,,
United Kingdom,United Kingdom,United Kingdom,,,
New Zealand,New Zealand,New Zealand,,,
District of Columbia,United States,USA,,,
Portugal,New Zealand,Portugal,,,
New Zealand,New Zealand,New Zealand,,,
Ontario,,Canada,,,
United Kingdom,United Kingdom,United Kingdom,,,
Quebec,Canada,Canada,,,
New Zealand,New Zealand,New Zealand,,,
New Zealand,New Zealand,New Zealand,,,
Portugal,Portugal,Portugal,,,
,Canada,,,,
,Canada,,,,
Brazil,Brazil,Brazil,,,
United Kingdom,Nigeria,United Kingdom,,,
Japan,Canada,Japan,,,
Ontario,Canada,Canada,,,
Italy,Italy,Italy,,,
Spain,Spain,Spain,,,
Spain,Spain,Spain,,,
Connecticut,United States,USA,,,
United Kingdom,United Kingdom,United Kingdom,,,
United Kingdom,United Kingdom,United Kingdom,,,
Colorado,United States,USA,,,
Finland,Finland,Finland,,,
Switzerland,Switzerland,Switzerland,,,
Florida,United States,USA,,,
Quebec,Canada,Canada,,,
British Columbia,Canada,Canada,,,
,Canada,,,,
United Kingdom,United Kingdom,United Kingdom,,,
Ohio,United States,USA,,,
Michigan,United States,USA,,,
Ontario,Canada,Canada,,,
Utah,United States,USA,,,
Maryland,United States,USA,,,
Australia,Australia,Australia,,,
Oregon,United States,USA,,,
,Canada,,,,
Germany,Germany,Germany,,,
Austria,Austria,Austria,,,
United Kingdom,United Kingdom,United Kingdom,,,
Michigan,Netherlands,USA,,,
Ontario,Canada,Canada,,,
Oregon,Gabon,USA,,,
India,India,India,,,
Netherlands,Netherlands,Netherlands,,,
Florida,United States,USA,,,
California,United States,USA,,,
Quebec,Canada,Canada,,,
Georgia,United States,USA,,,
Rhode Island,United States,USA,,,
California,United States,USA,,,
Kansas,United States,USA,,,
Quebec,Canada,Canada,,,
Sweden,Sweden,Sweden,,,
Massachusetts,United States,USA,,,
Massachusetts,United States,USA,,,
Massachusetts,United States,USA,,,
Massachusetts,United States,USA,,,
Massachusetts,United States,USA,,,
Maine,United States,USA,,,
Ontario,Canada,Canada,,,
Massachusetts,United States,USA,,,
Massachusetts,United States,USA,,,
Massachusetts,United States,USA,,,
Massachusetts,United States,USA,,,
Massachusetts,United States,USA,,,
Massachusetts,United States,USA,,,
Massachusetts,United States,USA,,,
Louisiana,United States,USA,,,
Florida,United States,USA,,,
Massachusetts,United States,USA,,,
Quebec,Canada,Canada,,,
Massachusetts,United States,USA,,,
Florida,United States,USA,,,
Florida,United States,USA,,,
United Kingdom,United Kingdom,United Kingdom,,,
Massachusetts,,USA,,,
Massachusetts,United States,USA,,,
Quebec,Canada,Canada,,,
Quebec,Canada,Canada,,,
Quebec,Canada,Canada,,,
Germany,Germany,Germany,,,
Australia,Australia,Australia,,,
Australia,Australia,Australia,,,
Australia,Australia,Australia,,,
Australia,Australia,Australia,,,
Australia,Australia,Australia,,,
Australia,Australia,Australia,,,
Australia,Australia,Australia,,,
Australia,Australia,Australia,,,
France,Australia,France,,,
Australia,Australia,Australia,,,
Australia,Australia,Australia,,,
Australia,Australia,Australia,,,
Australia,Australia,Australia,,,
Australia,Australia,Australia,,,
Australia,Australia,Australia,,,
Australia,Australia,Australia,,,
Australia,Australia,Australia,,,
Australia,Australia,Australia,,,
Australia,Australia,Australia,,,
Australia,Australia,Australia,,,
Australia,Australia,Australia,,,
Australia,Australia,Australia,,,
Australia,Australia,Australia,,,
Australia,Australia,Australia,,,
Australia,Australia,Australia,,,
Australia,Australia,Australia,,,
Australia,Australia,Australia,,,
Australia,Australia,Australia,,,
Ohio,United States,USA,,,
Australia,Australia,Australia,,,
Massachusetts,United States,USA,,,
Antigua and Barbuda,United Kingdom,Antigua and Barbuda,,,
Australia,Australia,Australia,,,
Australia,Australia,Australia,,,
Australia,Australia,Australia,,,
Australia,Australia,Australia,,,
Australia,Australia,Australia,,,
China,Australia,China,,,
Australia,Australia,Australia,,,
Australia,Australia,Australia,,,
Australia,Australia,Australia,,,
Australia,Australia,Australia,,,
Australia,Australia,Australia,,,
Australia,Australia,Australia,,,
Australia,Australia,Australia,,,
Australia,Australia,Australia,,,
Australia,Australia,Australia,,,
Australia,Australia,Australia,,,
Australia,Australia,Australia,,,
Australia,Australia,Australia,,,
Australia,Australia,Australia,,,
Australia,Australia,Australia,,,
Australia,Australia,Australia,,,
Australia,Australia,Australia,,,
Australia,Australia,Australia,,,
Australia,Australia,Australia,,,
Australia,Australia,Australia,,,
Australia,Australia,Australia,,,
Australia,Australia,Australia,,,
Australia,Australia,Australia,,,
Australia,Australia,Australia,,,
Australia,Australia,Australia,,,
Australia,Australia,Australia,,,
Australia,Australia,Australia,,,
Australia,Australia,Australia,,,
Australia,Australia,Australia,,,
Australia,Australia,Australia,,,
Australia,Australia,Australia,,,
Australia,Australia,Australia,,,
Australia,Australia,Australia,,,
Australia,Australia,Australia,,,
Australia,Australia,Australia,,,
Australia,Australia,Australia,,,
Australia,Australia,Australia,,,
Australia,Australia,Australia,,,
Australia,Australia,Australia,,,
Australia,Australia,Australia,,,
Australia,Australia,Australia,,,
Australia,Australia,Australia,,,
Australia,Australia,Australia,,,
Australia,Australia,Australia,,,
Australia,Australia,Australia,,,
Australia,Australia,Australia,,,
Australia,Australia,Australia,,,
Australia,Australia,Australia,,,
Australia,Australia,Australia,,,
Australia,Australia,Australia,,,
Australia,Australia,Australia,,,
Australia,Australia,Australia,,,
Australia,Australia,Australia,,,
Australia,Australia,Australia,,,
Australia,Australia,Australia,,,
Australia,Australia,Australia,,,
Australia,Australia,Australia,,,
Australia,Australia,Australia,,,
Australia,Australia,Australia,,,
Australia,Australia,Australia,,,
Australia,Australia,Australia,,,
Australia,Australia,Australia,,,
Australia,Australia,Australia,,,
Australia,Australia,Australia,,,
Germany,Australia,Germany,,,
Australia,Australia,Australia,,,
Australia,Australia,Australia,,,
Australia,Australia,Australia,,,
Australia,Australia,Australia,,,
Australia,Australia,Australia,,,
Australia,Australia,Australia,,,
Australia,Australia,Australia,,,
Australia,Australia,Australia,,,
Australia,Australia,Australia,,,
Australia,Australia,Australia,,,
Australia,Australia,Australia,,,
Australia,Australia,Australia,,,
Australia,Australia,Australia,,,
Australia,Australia,Australia,,,
Australia,Australia,Australia,,,
Australia,Australia,Australia,,,
Sweden,Australia,Sweden,,,
Australia,Australia,Australia,,,
Australia,Australia,Australia,,,
Netherlands,Australia,Netherlands,,,
Australia,Australia,Australia,,,
Australia,Australia,Australia,,,
Australia,Australia,Australia,,,
Australia,Australia,Australia,,,
Australia,Australia,Australia,,,
Australia,Australia,Australia,,,
Australia,Australia,Australia,,,
Australia,Australia,Australia,,,
Australia,Australia,Australia,,,
United Kingdom,United Kingdom,United Kingdom,,,
,Australia,,,,
Massachusetts,United States,USA,,,
France,Australia,France,,,
Australia,Australia,Australia,,,
Australia,Australia,Australia,,,
Australia,Australia,Australia,,,
Australia,Australia,Australia,,,
Australia,Australia,Australia,,,
Australia,Australia,Australia,,,
Australia,Australia,Australia,,,
Australia,Australia,Australia,,,
Australia,Australia,Australia,,,
Australia,Australia,Australia,,,
Australia,Australia,Australia,,,
Australia,Australia,Australia,,,
Australia,Australia,Australia,,,
Australia,Australia,Australia,,,
Australia,Australia,Australia,,,
Australia,Australia,Australia,,,
Australia,Australia,Australia,,,
Arizona,Australia,USA,,,
Australia,Australia,Australia,,,
Australia,Australia,Australia,,,
Australia,Australia,Australia,,,
Australia,Australia,Australia,,,
Australia,Australia,Australia,,,
Australia,Australia,Australia,,,
Australia,Australia,Australia,,,
Australia,Australia,Australia,,,
Australia,Australia,Australia,,,
Australia,Australia,Australia,,,
Australia,Australia,Australia,,,
Australia,Australia,Australia,,,
Germany,Australia,Germany,,,
Australia,Australia,Australia,,,
United Kingdom,United Kingdom,United Kingdom,,,
Australia,Australia,Australia,,,
Australia,Australia,Australia,,,
Australia,Australia,Australia,,,
Australia,Australia,Australia,,,
Australia,Australia,Australia,,,
Australia,Australia,Australia,,,
Australia,Australia,Australia,,,
Australia,Australia,Australia,,,
Brazil,Australia,Brazil,,,
Australia,Australia,Australia,,,
Australia,Australia,Australia,,,
Australia,Australia,Australia,,,
Australia,Australia,Australia,,,
Australia,Australia,Australia,,,
Australia,Australia,Australia,,,
Australia,Australia,Australia,,,
Australia,Australia,Australia,,,
Australia,Australia,Australia,,,
Australia,Australia,Australia,,,
Australia,Australia,Australia,,,
Australia,Australia,Australia,,,
Spain,Germany,Spain,,,
Quebec,Canada,Canada,,,
Australia,United States,Australia,,,
Australia,Australia,Australia,,,
Australia,Australia,Australia,,,
Ontario,Canada,Canada,,,
Australia,Australia,Australia,,,
Australia,Australia,Australia,,,
British Columbia,Canada,Canada,,,
Australia,Australia,Australia,,,
Australia,Australia,Australia,,,
Australia,Australia,Australia,,,
Australia,Australia,Australia,,,
New Zealand,New Zealand,New Zealand,,,
Australia,Australia,Australia,,,
Australia,,Australia,,,
Australia,Australia,Australia,,,
Australia,Australia,Australia,,,
Norway,Australia,Norway,,,
Australia,Australia,Australia,,,
New Zealand,New Zealand,New Zealand,,,
Germany,United States,Germany,,,
Australia,Australia,Australia,,,
New Zealand,New Zealand,New Zealand,,,
New Zealand,New Zealand,New Zealand,,,
New Zealand,New Zealand,New Zealand,,,
Australia,Australia,Australia,,,
New Zealand,New Zealand,New Zealand,,,
Australia,Australia,Australia,,,
Australia,Australia,Australia,,,
Australia,Australia,Australia,,,
Australia,Australia,Australia,,,
Australia,Australia,Australia,,,
Australia,Australia,Australia,,,
Brazil,Brazil,Brazil,,,
New Zealand,New Zealand,New Zealand,,,
Australia,Australia,Australia,,,
New Zealand,New Zealand,New Zealand,,,
New Zealand,New Zealand,New Zealand,,,
Australia,Australia,Australia,,,
New Zealand,New Zealand,New Zealand,,,
New Zealand,New Zealand,New Zealand,,,
Wisconsin,Australia,USA,,,
Australia,Australia,Australia,,,
Australia,Australia,Australia,,,
New Zealand,New Zealand,New Zealand,,,
Australia,Australia,Australia,,,
Australia,Australia,Australia,,,
Spain,Spain,Spain,,,
Australia,Australia,Australia,,,
Australia,Australia,Australia,,,
Australia,Australia,Australia,,,
Australia,Australia,Australia,,,
New Zealand,New Zealand,New Zealand,,,
New Zealand,New Zealand,New Zealand,,,
New Zealand,New Zealand,New Zealand,,,
Norway,New Zealand,Norway,,,
New Zealand,New Zealand,New Zealand,,,
New Zealand,New Zealand,New Zealand,,,
New Zealand,New Zealand,New Zealand,,,
New Zealand,New Zealand,New Zealand,,,
New Zealand,New Zealand,New Zealand,,,
Australia,Australia,Australia,,,
New Zealand,New Zealand,New Zealand,,,
New Zealand,New Zealand,New Zealand,,,
New Zealand,New Zealand,New Zealand,,,
New Zealand,New Zealand,New Zealand,,,
New Zealand,New Zealand,New Zealand,,,
New Zealand,New Zealand,New Zealand,,,
New Zealand,New Zealand,New Zealand,,,
New Zealand,New Zealand,New Zealand,,,
New Zealand,New Zealand,New Zealand,,,
New Zealand,New Zealand,New Zealand,,,
New Zealand,New Zealand,New Zealand,,,
Germany,Germany,Germany,,,
New Zealand,New Zealand,New Zealand,,,
Germany,Germany,Germany,,,
Quebec,Canada,Canada,,,
Australia,Australia,Australia,,,
New Zealand,New Zealand,New Zealand,,,
New Zealand,New Zealand,New Zealand,,,
Norway,United States,Norway,,,
Australia,Australia,Australia,,,
New Zealand,New Zealand,New Zealand,,,
New Zealand,New Zealand,New Zealand,,,
Australia,Australia,Australia,,,
New Zealand,New Zealand,New Zealand,,,
Australia,Australia,Australia,,,
New Zealand,New Zealand,New Zealand,,,
,Canada,,,,
Australia,Australia,Australia,,,
United Kingdom,United Kingdom,United Kingdom,,,
Australia,Australia,Australia,,,
Minnesota,Australia,USA,,,
New Zealand,New Zealand,New Zealand,,,
New Zealand,New Zealand,New Zealand,,,
New Zealand,New Zealand,New Zealand,,,
New Zealand,New Zealand,New Zealand,,,
New Zealand,New Zealand,New Zealand,,,
New Zealand,New Zealand,New Zealand,,,
New Zealand,New Zealand,New Zealand,,,
New Zealand,New Zealand,New Zealand,,,
New Zealand,New Zealand,New Zealand,,,
New Zealand,New Zealand,New Zealand,,,
New Zealand,New Zealand,New Zealand,,,
United Kingdom,New Zealand,United Kingdom,,,
New Zealand,New Zealand,New Zealand,,,
New Zealand,New Zealand,New Zealand,,,
New Zealand,New Zealand,New Zealand,,,
New Zealand,New Zealand,New Zealand,,,
Germany,New Zealand,Germany,,,
Italy,New Zealand,Italy,,,
New Zealand,New Zealand,New Zealand,,,
New Zealand,New Zealand,New Zealand,,,
New Zealand,New Zealand,New Zealand,,,
New Zealand,New Zealand,New Zealand,,,
New Zealand,New Zealand,New Zealand,,,
New Zealand,New Zealand,New Zealand,,,
New Zealand,,New Zealand,,,
New Zealand,New Zealand,New Zealand,,,
New Zealand,New Zealand,New Zealand,,,
New Zealand,New Zealand,New Zealand,,,
New Zealand,New Zealand,New Zealand,,,
New Zealand,,New Zealand,,,
New Zealand,New Zealand,New Zealand,,,
New Zealand,New Zealand,New Zealand,,,
New Zealand,New Zealand,New Zealand,,,
New Zealand,New Zealand,New Zealand,,,
New Zealand,New Zealand,New Zealand,,,
New Zealand,New Zealand,New Zealand,,,
New Zealand,New Zealand,New Zealand,,,
New Zealand,New Zealand,New Zealand,,,
New Zealand,New Zealand,New Zealand,,,
Texas,United States,USA,,,
New Zealand,New Zealand,New Zealand,,,
New Zealand,New Zealand,New Zealand,,,
New York,United States,USA,,,
New Zealand,,New Zealand,,,
New Zealand,New Zealand,New Zealand,,,
France,New Zealand,France,,,
,New Zealand,,,,
New Zealand,,New Zealand,,,
New Zealand,New Zealand,New Zealand,,,
New Zealand,New Zealand,New Zealand,,,
Virginia,United States,USA,,,
Netherlands,United States,Netherlands,,,
Utah,United States,USA,,,
Argentina,Argentina,Argentina,,,
Virginia,United States,USA,,,
Minnesota,,USA,,,
Virginia,United States,USA,,,
Japan,United States,Japan,,,
Minnesota,United States,USA,,,
California,United States,USA,,,
Virginia,United States,USA,,,
Virginia,United States,USA,,,
Idaho,United States,USA,,,
Virginia,United States,USA,,,
Virginia,United States,USA,,,
Minnesota,United States,USA,,,
Utah,United States,USA,,,
California,United States,USA,,,
Virginia,United States,USA,,,
Utah,United States,USA,,,
Idaho,United States,USA,,,
Minnesota,United States,USA,,,
Idaho,United States,USA,,,
Virginia,United States,USA,,,
Virginia,United States,USA,,,
Utah,United States,USA,,,
Utah,United States,USA,,,
Idaho,United States,USA,,,
Virginia,United States,USA,,,
Idaho,United States,USA,,,
Utah,,USA,,,
Idaho,United States,USA,,,
Utah,United States,USA,,,
Utah,United States,USA,,,
,United States,,,,
Virginia,United States,USA,,,
Utah,United States,USA,,,
Idaho,United States,USA,,,
Idaho,United States,USA,,,
Idaho,United States,USA,,,
Minnesota,United States,USA,,,
Utah,United States,USA,,,
Utah,United States,USA,,,
Utah,United States,USA,,,
Utah,United States,USA,,,
Utah,United States,USA,,,
Utah,United Kingdom,USA,,,
Idaho,United States,USA,,,
Switzerland,United States,Switzerland,,,
Utah,United States,USA,,,
Idaho,United States,USA,,,
Utah,United States,USA,,,
Minnesota,United States,USA,,,
California,United States,USA,,,
Idaho,United States,USA,,,
Utah,United States,USA,,,
Idaho,United States,USA,,,
Australia,New Zealand,Australia,,,
Utah,United States,USA,,,
Australia,Australia,Australia,,,
New Zealand,New Zealand,New Zealand,,,
New Zealand,New Zealand,New Zealand,,,
New Zealand,New Zealand,New Zealand,,,
Australia,Australia,Australia,,,
Australia,Australia,Australia,,,
,United States,,,,
Australia,Australia,Australia,,,
Australia,Australia,Australia,,,
New Zealand,Australia,New Zealand,,,
Australia,Australia,Australia,,,
Australia,Australia,Australia,,,
Australia,Australia,Australia,,,
Australia,,Australia,,,
Australia,Australia,Australia,,,
Australia,Australia,Australia,,,
Australia,Australia,Australia,,,
Australia,Australia,Australia,,,
Germany,Australia,Germany,,,
Australia,Australia,Australia,,,
Australia,Australia,Australia,,,
Australia,Australia,Australia,,,
Australia,Australia,Australia,,,
Australia,Australia,Australia,,,
Australia,Australia,Australia,,,
Australia,Australia,Australia,,,
Australia,Australia,Australia,,,
Australia,Australia,Australia,,,
Australia,Australia,Australia,,,
Australia,Australia,Australia,,,
Australia,Australia,Australia,,,
Australia,Australia,Australia,,,
Australia,Australia,Australia,,,
Australia,Australia,Australia,,,
Australia,Australia,Australia,,,
Australia,Australia,Australia,,,
Australia,Australia,Australia,,,
Australia,Australia,Australia,,,
Australia,Australia,Australia,,,
Australia,Australia,Australia,,,
Australia,Australia,Australia,,,
Australia,Australia,Australia,,,
Australia,Australia,Australia,,,
Australia,Australia,Australia,,,
Australia,Australia,Australia,,,
Australia,Australia,Australia,,,
Australia,Australia,Australia,,,
Australia,Australia,Australia,,,
Australia,Australia,Australia,,,
United Kingdom,United Kingdom,United Kingdom,,,
United Kingdom,United Kingdom,United Kingdom,,,
Pennsylvania,United States,USA,,,
Pennsylvania,United States,USA,,,
,United States,,,,
Pennsylvania,United States,USA,,,
District of Columbia,United States,USA,,,
California,United States,USA,,,
New York,United States,USA,,,
Germany,Australia,Germany,,,
Australia,Australia,Australia,,,
Australia,Australia,Australia,,,
United Kingdom,United Kingdom,United Kingdom,,,
Australia,Australia,Australia,,,
Australia,Australia,Australia,,,
Australia,Australia,Australia,,,
Australia,Australia,Australia,,,
Australia,Australia,Australia,,,
Australia,Australia,Australia,,,
Australia,Australia,Australia,,,
Australia,Australia,Australia,,,
Australia,Australia,Australia,,,
Australia,Australia,Australia,,,
Australia,Australia,Australia,,,
Australia,Australia,Australia,,,
Australia,Australia,Australia,,,
Australia,Australia,Australia,,,
Australia,Australia,Australia,,,
Utah,United States,USA,,,
Australia,Australia,Australia,,,
Australia,Australia,Australia,,,
France,France,France,,,
Alberta,Canada,Canada,,,
United Kingdom,Canada,United Kingdom,,,
,Canada,,,,
Quebec,Canada,Canada,,,
Ontario,Canada,Canada,,,
Ontario,Canada,Canada,,,
,Canada,,,,
Ontario,Canada,Canada,,,
Quebec,Canada,Canada,,,
Nova Scotia,Canada,Canada,,,
British Columbia,Canada,Canada,,,
,Canada,,,,
,Canada,,,,
Quebec,Canada,Canada,,,
Quebec,Canada,Canada,,,
,Canada,,,,
Quebec,Canada,Canada,,,
Singapore,Singapore,Singapore,,,
United Kingdom,Malta,United Kingdom,,,
Malta,Malta,Malta,,,
Uruguay,Uruguay,Uruguay,,,
Uruguay,Uruguay,Uruguay,,,
Uruguay,Uruguay,Uruguay,,,
,Uruguay,,,,
,Uruguay,,,,
Uruguay,Uruguay,Uruguay,,,
Uruguay,Uruguay,Uruguay,,,
Uruguay,Uruguay,Uruguay,,,
Uruguay,Uruguay,Uruguay,,,
Uruguay,Uruguay,Uruguay,,,
Uruguay,Uruguay,Uruguay,,,
Uruguay,Uruguay,Uruguay,,,
Chile,Chile,Chile,,,
Uruguay,Uruguay,Uruguay,,,
Uruguay,Uruguay,Uruguay,,,
Uruguay,Uruguay,Uruguay,,,
Uruguay,Uruguay,Uruguay,,,
Uruguay,Uruguay,Uruguay,,,
Massachusetts,United States,USA,,,
Uruguay,Uruguay,Uruguay,,,
Uruguay,Uruguay,Uruguay,,,
Uruguay,Uruguay,Uruguay,,,
Uruguay,Uruguay,Uruguay,,,
Uruguay,Uruguay,Uruguay,,,
Uruguay,Uruguay,Uruguay,,,
Uruguay,Uruguay,Uruguay,,,
Uruguay,Uruguay,Uruguay,,,
Uruguay,Uruguay,Uruguay,,,
,Uruguay,,,,
Uruguay,Uruguay,Uruguay,,,
Uruguay,Uruguay,Uruguay,,,
Uruguay,Uruguay,Uruguay,,,
Uruguay,Uruguay,Uruguay,,,
Uruguay,Uruguay,Uruguay,,,
Uruguay,Uruguay,Uruguay,,,
,Uruguay,,,,
Uruguay,Uruguay,Uruguay,,,
Uruguay,Uruguay,Uruguay,,,
Uruguay,Uruguay,Uruguay,,,
Uruguay,Uruguay,Uruguay,,,
Uruguay,Uruguay,Uruguay,,,
Uruguay,Uruguay,Uruguay,,,
Uruguay,Uruguay,Uruguay,,,
New York,Uruguay,USA,,,
Uruguay,Uruguay,Uruguay,,,
Malta,Malta,Malta,,,
Uruguay,Uruguay,Uruguay,,,
Uruguay,Uruguay,Uruguay,,,
Uruguay,Uruguay,Uruguay,,,
Uruguay,Uruguay,Uruguay,,,
Uruguay,Uruguay,Uruguay,,,
Quebec,Uruguay,Canada,,,
Iceland,Uruguay,Iceland,,,
Uruguay,Uruguay,Uruguay,,,
Uruguay,Uruguay,Uruguay,,,
Uruguay,Uruguay,Uruguay,,,
Uruguay,Uruguay,Uruguay,,,
Uruguay,Uruguay,Uruguay,,,
Virginia,United States,USA,,,
Uruguay,Uruguay,Uruguay,,,
Uruguay,Uruguay,Uruguay,,,
Uruguay,Uruguay,Uruguay,,,
Uruguay,Uruguay,Uruguay,,,
Uruguay,Uruguay,Uruguay,,,
,Uruguay,,,,
Uruguay,Uruguay,Uruguay,,,
Malta,Malta,Malta,,,
Malta,Malta,Malta,,,
Malta,Malta,Malta,,,
Japan,Malta,Japan,,,
Malta,Malta,Malta,,,
Malta,Malta,Malta,,,
Malta,Malta,Malta,,,
Romania,Malta,Romania,,,
Malta,Malta,Malta,,,
Malta,Malta,Malta,,,
Malta,Malta,Malta,,,
United Kingdom,Malta,United Kingdom,,,
Malta,Malta,Malta,,,
Malta,Malta,Malta,,,
Malta,Malta,Malta,,,
Malta,Malta,Malta,,,
Malta,Malta,Malta,,,
Malta,Malta,Malta,,,
Luxembourg,Malta,Luxembourg,,,
Malta,Malta,Malta,,,
Malta,Malta,Malta,,,
Malta,Malta,Malta,,,
Malta,Malta,Malta,,,
Uruguay,Uruguay,Uruguay,,,
Ethiopia,Ethiopia,Ethiopia,,,
Ethiopia,Ethiopia,Ethiopia,,,
Uruguay,Uruguay,Uruguay,,,
Uruguay,Uruguay,Uruguay,,,
Ethiopia,Ethiopia,Ethiopia,,,
Malta,Malta,Malta,,,
Uruguay,Uruguay,Uruguay,,,
Quebec,Canada,Canada,,,
Uruguay,Uruguay,Uruguay,,,
Uruguay,Uruguay,Uruguay,,,
Mexico,Mexico,Mexico,,,
Arizona,United States,USA,,,
Mexico,Mexico,Mexico,,,
Uruguay,Uruguay,Uruguay,,,
Uruguay,Uruguay,Uruguay,,,
South Africa,South Africa,South Africa,,,
Cameroon,Cameroon,Cameroon,,,
,Nigeria,,,,
,Egypt,,,,
Malaysia,Malaysia,Malaysia,,,
Kenya,,Kenya,,,
Belgium,Uganda,Belgium,,,
Uganda,Uganda,Uganda,,,
Ontario,India,Canada,,,
Chile,Chile,Chile,,,
Chile,Chile,Chile,,,
Uruguay,Uruguay,Uruguay,,,
India,India,India,,,
Chile,Chile,Chile,,,
Chile,Chile,Chile,,,
United Kingdom,Chile,United Kingdom,,,
Uruguay,Uruguay,Uruguay,,,
United Kingdom,Ethiopia,United Kingdom,,,
Spain,Spain,Spain,,,
India,India,India,,,
,India,,,,
India,India,India,,,
Arizona,Chile,USA,,,
,India,,,,
India,India,India,,,
Kenya,Kenya,Kenya,,,
Indonesia,India,Indonesia,,,
Uruguay,Uruguay,Uruguay,,,
Uruguay,Uruguay,Uruguay,,,
Uruguay,Uruguay,Uruguay,,,
Uruguay,Uruguay,Uruguay,,,
France,Uruguay,France,,,
Iowa,United States,USA,,,
Uruguay,Uruguay,Uruguay,,,
Uruguay,Uruguay,Uruguay,,,
Uruguay,Uruguay,Uruguay,,,
Uruguay,Uruguay,Uruguay,,,
India,India,India,,,
Uruguay,Uruguay,Uruguay,,,
India,India,India,,,
India,India,India,,,
,India,,,,
India,India,India,,,
India,India,India,,,
Japan,India,Japan,,,
India,India,India,,,
Uruguay,Uruguay,Uruguay,,,
Uruguay,Uruguay,Uruguay,,,
India,India,India,,,
India,India,India,,,
Switzerland,India,Switzerland,,,
Ontario,India,Canada,,,
India,India,India,,,
India,India,India,,,
India,India,India,,,
Indonesia,India,Indonesia,,,
India,India,India,,,
India,India,India,,,
India,India,India,,,
India,India,India,,,
India,India,India,,,
,India,,,,
Minnesota,United States,USA,,,
Massachusetts,United States,USA,,,
Uruguay,Uruguay,Uruguay,,,
Uruguay,Uruguay,Uruguay,,,
Uruguay,Uruguay,Uruguay,,,
Uruguay,Uruguay,Uruguay,,,
Argentina,Argentina,Argentina,,,
Uruguay,Uruguay,Uruguay,,,
Argentina,Uruguay,Argentina,,,
Uruguay,Uruguay,Uruguay,,,
Uruguay,Uruguay,Uruguay,,,
Uruguay,Uruguay,Uruguay,,,
Brazil,Uruguay,Brazil,,,
Uruguay,Uruguay,Uruguay,,,
Uruguay,Uruguay,Uruguay,,,
Brazil,Brazil,Brazil,,,
Uruguay,Uruguay,Uruguay,,,
,Uruguay,,,,
Uruguay,Uruguay,Uruguay,,,
Uruguay,Uruguay,Uruguay,,,
Uruguay,Uruguay,Uruguay,,,
Uruguay,Uruguay,Uruguay,,,
Uruguay,Uruguay,Uruguay,,,
,Uruguay,,,,
Uruguay,Uruguay,Uruguay,,,
Uruguay,Uruguay,Uruguay,,,
Uruguay,Uruguay,Uruguay,,,
,Uruguay,,,,
Spain,Spain,Spain,,,
Uruguay,Uruguay,Uruguay,,,
Uruguay,Uruguay,Uruguay,,,
Uruguay,Uruguay,Uruguay,,,
Uruguay,,Uruguay,,,
Turkey,Turkey,Turkey,,,
India,India,India,,,
Belgium,Belgium,Belgium,,,
Belgium,Belgium,Belgium,,,
Ontario,United States,Canada,,,
Ontario,Iran,Canada,,,
,Germany,,,,
Poland,Poland,Poland,,,
Ontario,India,Canada,,,
Poland,Poland,Poland,,,
,Cameroon,,,,
Uruguay,Uruguay,Uruguay,,,
Sudan,Sudan,Sudan,,,
Argentina,Argentina,Argentina,,,
Vietnam,Vietnam,Vietnam,,,
Thailand,Thailand,Thailand,,,
Thailand,,Thailand,,,
Uruguay,Uruguay,Uruguay,,,
New Zealand,New Zealand,New Zealand,,,
New Zealand,New Zealand,New Zealand,,,
New Zealand,New Zealand,New Zealand,,,
New Zealand,New Zealand,New Zealand,,,
New Zealand,New Zealand,New Zealand,,,
New Zealand,New Zealand,New Zealand,,,
New Zealand,New Zealand,New Zealand,,,
New Zealand,New Zealand,New Zealand,,,
New Zealand,New Zealand,New Zealand,,,
Australia,New Zealand,Australia,,,
New Zealand,New Zealand,New Zealand,,,
New Zealand,New Zealand,New Zealand,,,
New Zealand,New Zealand,New Zealand,,,
New Zealand,New Zealand,New Zealand,,,
Uruguay,Uruguay,Uruguay,,,
,New Zealand,,,,
Malta,Malta,Malta,,,
Malta,Malta,Malta,,,
Malta,Marshall Islands,Malta,,,
Malta,Malta,Malta,,,
Malta,Malta,Malta,,,
Uruguay,Uruguay,Uruguay,,,
,India,,,,
India,India,India,,,
India,India,India,,,
Australia,Australia,Australia,,,
Australia,Australia,Australia,,,
Australia,Australia,Australia,,,
Australia,Australia,Australia,,,
Australia,Australia,Australia,,,
Australia,Australia,Australia,,,
Australia,Australia,Australia,,,
New Jersey,Sweden,USA,,,
Illinois,United Kingdom,USA,,,
India,India,India,,,
Australia,Australia,Australia,,,
Australia,Australia,Australia,,,
Germany,India,Germany,,,
Australia,Australia,Australia,,,
India,India,India,,,
India,India,India,,,
India,India,India,,,
,Uruguay,,,,
India,India,India,,,