"","Location","Country","gender","changed_10yrs","Main_reason_change_interest_related","Main_reason_change_Career_related","Main_reason_change_Funding_related","Main_reason_change_Socially_related","Main_reason_change_Other"
"5","British Columbia","Canada","Female","",NA,NA,NA,NA,NA
"7","Australia","Australia","Female","Yes",NA,NA,1,NA,NA
"8","Israel","Israel","Male","Can't comment (new researcher)",NA,NA,NA,NA,NA
"9","Ontario","Canada","Male","No",NA,NA,NA,NA,NA
"11","British Columbia","Canada","Other","Yes",NA,NA,NA,1,NA
"17","British Columbia","Canada","Female","Yes",NA,1,NA,NA,NA
"20","British Columbia","Canada","Male","Can't comment (new researcher)",NA,NA,NA,NA,NA
"28","Netherlands","Netherlands","","Yes",NA,NA,NA,NA,NA
"36","Netherlands","Netherlands","Female","No",NA,NA,NA,NA,NA
"37","Netherlands","Netherlands","Male","Yes",1,NA,NA,1,NA
"38","Netherlands","Netherlands","Female","Yes",1,1,NA,NA,NA
"39","Netherlands","Netherlands","Male","Yes",1,1,1,NA,NA
"40","Netherlands","Netherlands","Female","No",NA,NA,NA,NA,NA
"41","Netherlands","Netherlands","Female","No",NA,NA,NA,NA,NA
"42","Netherlands","Netherlands","Male","Yes",NA,NA,1,NA,NA
"44","","","Female","Yes",NA,NA,1,NA,NA
"46","South Africa","South Africa","Male","Yes",1,NA,1,NA,NA
"47","Denmark","Denmark","Male","Yes",NA,1,NA,NA,NA
"53","Morocco","Morocco","Female","Can't comment (new researcher)",NA,NA,NA,NA,NA
"54","Netherlands","Netherlands","Female","No",NA,NA,NA,NA,NA
"57","Netherlands","Netherlands","Female","Yes",NA,1,1,1,NA
"58","Netherlands","Netherlands","Other","Yes",NA,NA,1,NA,NA
"59","Netherlands","Netherlands","Female","No",NA,NA,NA,NA,NA
"60","Netherlands","Netherlands","Male","Yes",NA,NA,1,NA,NA
"61","Netherlands","Netherlands","Male","Can't comment (new researcher)",NA,NA,NA,NA,NA
"65","Netherlands","Netherlands","Male","Yes",NA,1,1,NA,NA
"66","United Kingdom","United Kingdom","Male","Yes",1,1,1,NA,NA
"67","California","USA","Male","Yes",NA,NA,1,NA,NA
"68","Netherlands","Netherlands","Female","Yes",NA,NA,1,NA,NA
"70","","","Female","Can't comment (new researcher)",NA,NA,NA,NA,NA
"71","Netherlands","Netherlands","Male","No",NA,NA,NA,NA,NA
"72","France","France","Male","No",NA,NA,NA,NA,NA
"74","New Zealand","New Zealand","Male","Yes",NA,NA,NA,NA,1
"78","","","Female","No",NA,NA,NA,NA,NA
"80","France","France","Female","Yes",NA,NA,1,NA,NA
"81","","","Female","Yes",1,NA,NA,1,NA
"82","Switzerland","Switzerland","Male","No",NA,NA,NA,NA,NA
"84","Poland","Poland","Female","No",NA,NA,NA,NA,NA
"85","Turkey","Turkey","Female","No",NA,NA,NA,NA,NA
"86","Spain","Spain","Male","Can't comment (new researcher)",NA,NA,NA,NA,NA
"87","","","Male","No",NA,NA,NA,NA,NA
"88","Norway","Norway","Male","No",NA,NA,NA,NA,NA
"91","South Africa","South Africa","Female","Yes",1,NA,NA,1,NA
"92","Portugal","Portugal","Male","Yes",NA,NA,NA,1,NA
"93","Malaysia","Malaysia","Female","Yes",NA,NA,1,NA,NA
"94","Illinois","USA","Male","Can't comment (new researcher)",NA,NA,NA,NA,NA
"96","","","Female","No",NA,NA,NA,NA,NA
"97","Netherlands","Netherlands","Male","Yes",1,1,NA,NA,NA
"98","Netherlands","Netherlands","Male","Yes",1,NA,NA,1,NA
"101","Italy","Italy","Male","Can't comment (new researcher)",NA,NA,NA,NA,NA
"104","Italy","Italy","Male","No",NA,NA,NA,NA,NA
"108","Italy","Italy","Male","Yes",NA,NA,1,NA,NA
"110","Italy","Italy","Male","No",NA,NA,NA,NA,NA
"114","Italy","Italy","Female","Can't comment (new researcher)",NA,NA,NA,NA,NA
"116","United Kingdom","United Kingdom","Female","No",NA,NA,NA,NA,NA
"117","Italy","Italy","Male","No",NA,NA,NA,NA,NA
"119","Italy","Italy","Male","No",NA,NA,NA,NA,NA
"121","Netherlands","Netherlands","Female","No",NA,NA,NA,NA,NA
"122","Italy","Italy","Male","No",NA,NA,NA,NA,NA
"124","Netherlands","Netherlands","Female","No",NA,NA,NA,NA,NA
"127","Italy","Italy","Male","Yes",1,NA,1,NA,NA
"128","Italy","Italy","Male","Yes",1,1,1,NA,NA
"129","Italy","Italy","Male","Yes",NA,1,1,NA,NA
"130","United Kingdom","United Kingdom","Female","No",NA,NA,NA,NA,NA
"133","Italy","Italy","Male","No",NA,NA,NA,NA,NA
"137","United Kingdom","United Kingdom","Male","Can't comment (new researcher)",NA,NA,NA,NA,NA
"140","Italy","Italy","Male","No",NA,NA,NA,NA,NA
"141","Netherlands","Netherlands","Male","No",NA,NA,NA,NA,NA
"142","Italy","Italy","Male","Yes",1,NA,NA,NA,NA
"144","Belgium","Belgium","Female","No",NA,NA,NA,NA,NA
"146","Belgium","Belgium","Male","No",NA,NA,NA,NA,NA
"147","Norway","Norway","Male","No",NA,NA,NA,NA,NA
"149","Germany","Germany","Male","No",NA,NA,NA,NA,NA
"150","Italy","Italy","Male","Yes",1,NA,1,NA,NA
"151","Italy","Italy","Male","Yes",NA,NA,1,NA,NA
"152","Italy","Italy","Male","No",NA,NA,NA,NA,NA
"153","Italy","Italy","Male","Yes",NA,NA,1,NA,NA
"155","Italy","Italy","Female","Yes",1,1,NA,NA,NA
"156","Italy","Italy","Male","No",NA,NA,NA,NA,NA
"157","Italy","Italy","Male","No",NA,NA,NA,NA,NA
"159","Finland","Finland","Female","No",NA,NA,NA,NA,NA
"164","United Kingdom","United Kingdom","Male","No",NA,NA,NA,NA,NA
"165","Belgium","Belgium","Male","No",NA,NA,NA,NA,NA
"166","United Kingdom","United Kingdom","Female","Can't comment (new researcher)",NA,NA,NA,NA,NA
"168","Italy","Italy","Male","No",NA,NA,NA,NA,NA
"171","Netherlands","Netherlands","Female","Yes",1,1,1,NA,NA
"173","Netherlands","Netherlands","Male","No",NA,NA,NA,NA,NA
"176","France","France","Male","Yes",1,NA,NA,NA,1
"181","Italy","Italy","Female","No",NA,NA,NA,NA,NA
"182","Italy","Italy","Female","No",NA,NA,NA,NA,NA
"183","Israel","Israel","Male","No",NA,NA,NA,NA,NA
"184","Argentina","Argentina","Male","Yes",1,NA,NA,NA,NA
"185","Italy","Italy","Male","No",NA,NA,NA,NA,NA
"187","United Kingdom","United Kingdom","Male","No",NA,NA,NA,NA,NA
"188","Quebec","Canada","Female","No",NA,NA,NA,NA,NA
"190","Italy","Italy","Male","Yes",NA,1,1,NA,NA
"191","Italy","Italy","Male","Yes",NA,NA,1,NA,NA
"193","Greece","Greece","Female","Yes",NA,NA,NA,NA,1
"194","Italy","Italy","Male","Yes",NA,NA,1,NA,NA
"197","Germany","Germany","Male","No",NA,NA,NA,NA,NA
"199","Cyprus","Cyprus","Female","Yes",NA,NA,1,1,NA
"202","Hungary","Hungary","Female","Can't comment (new researcher)",NA,NA,NA,NA,NA
"203","Vietnam","Vietnam","Male","Yes",1,NA,NA,NA,NA
"205","Japan","Japan","Male","No",NA,NA,NA,NA,NA
"206","United Kingdom","United Kingdom","Female","Can't comment (new researcher)",NA,NA,NA,NA,NA
"207","Italy","Italy","Male","Yes",NA,1,1,NA,NA
"209","France","France","Female","No",NA,NA,NA,NA,NA
"210","Italy","Italy","Female","No",NA,NA,NA,NA,NA
"212","Norway","Norway","Female","No",NA,NA,NA,NA,NA
"223","Italy","Italy","Female","No",NA,NA,NA,NA,NA
"224","Alberta","Canada","Female","No",NA,NA,NA,NA,NA
"225","Netherlands","Netherlands","Male","Yes",NA,NA,NA,NA,1
"226","Italy","Italy","Male","Yes",NA,NA,1,NA,NA
"227","Spain","Spain","Female","Yes",1,1,NA,1,NA
"228","Switzerland","Switzerland","Male","Yes",1,NA,1,1,NA
"231","Finland","Finland","Male","Yes",NA,1,NA,NA,1
"232","Spain","Spain","Male","No",NA,NA,NA,NA,NA
"233","Italy","Italy","Male","No",NA,NA,NA,NA,NA
"238","United Kingdom","United Kingdom","Male","No",NA,NA,NA,NA,NA
"240","Massachusetts","USA","Female","Yes",NA,1,1,NA,NA
"242","India","India","Male","Yes",NA,NA,1,NA,NA
"243","Netherlands","Netherlands","Male","No",NA,NA,NA,NA,NA
"245","Italy","Italy","Male","No",NA,NA,NA,NA,NA
"246","Japan","Japan","Male","Yes",1,1,1,NA,NA
"250","Italy","Italy","Male","Yes",NA,1,1,NA,NA
"251","France","France","Male","Can't comment (new researcher)",NA,NA,NA,NA,NA
"252","France","France","Female","Yes",1,NA,NA,NA,NA
"253","","","Male","Can't comment (new researcher)",NA,NA,NA,NA,NA
"254","Netherlands","Netherlands","Male","No",NA,NA,NA,NA,NA
"256","Italy","Italy","Female","Yes",NA,NA,1,NA,NA
"257","Israel","Israel","Male","No",NA,NA,NA,NA,NA
"258","Israel","Israel","Female","No",NA,NA,NA,NA,NA
"259","California","USA","Male","Yes",NA,NA,1,NA,NA
"260","Italy","Italy","Female","No",NA,NA,NA,NA,NA
"261","Egypt","Egypt","Male","Yes",NA,NA,NA,NA,NA
"264","Italy","Italy","Female","Yes",NA,1,1,1,NA
"265","Israel","Israel","Female","No",NA,NA,NA,NA,NA
"268","Italy","Italy","Female","No",NA,NA,NA,NA,NA
"271","United Kingdom","United Kingdom","Female","Yes",1,NA,1,NA,NA
"275","Netherlands","Netherlands","Female","Yes",1,NA,NA,NA,NA
"276","Malaysia","Malaysia","Male","Yes",1,1,1,1,NA
"277","Israel","Israel","Male","No",NA,NA,NA,NA,NA
"279","Israel","Israel","Male","No",NA,NA,NA,NA,NA
"281","Spain","Spain","Male","Yes",NA,NA,NA,NA,NA
"287","Israel","Israel","Female","No",NA,NA,NA,NA,NA
"288","United Kingdom","United Kingdom","Male","Yes",NA,1,NA,NA,NA
"289","United Kingdom","United Kingdom","Female","No",NA,NA,NA,NA,NA
"291","","","Female","Yes",1,1,1,1,NA
"292","Ontario","Canada","Female","Yes",1,NA,1,NA,NA
"293","Australia","Australia","Male","No",NA,NA,NA,NA,NA
"294","Illinois","USA","Male","No",NA,NA,NA,NA,NA
"295","Alberta","Canada","Male","Can't comment (new researcher)",NA,NA,NA,NA,NA
"299","Portugal","Portugal","Male","Yes",NA,NA,1,NA,NA
"300","Italy","Italy","Male","No",NA,NA,NA,NA,NA
"301","United Kingdom","United Kingdom","Male","Yes",1,NA,NA,NA,NA
"302","Israel","Israel","Female","Yes",1,1,1,NA,NA
"303","California","USA","Male","Can't comment (new researcher)",NA,NA,NA,NA,NA
"304","Netherlands","Netherlands","Male","Yes",1,NA,1,NA,NA
"306","Italy","Italy","Male","No",NA,NA,NA,NA,NA
"309","Arizona","USA","Female","Yes",1,NA,1,NA,NA
"311","Wisconsin","USA","Female","Can't comment (new researcher)",NA,NA,NA,NA,NA
"312","Portugal","Portugal","Male","Yes",1,NA,NA,NA,NA
"313","Belgium","Belgium","Male","No",NA,NA,NA,NA,NA
"314","California","USA","Female","Yes",NA,1,1,NA,NA
"316","Netherlands","Netherlands","Male","Yes",1,NA,1,NA,NA
"317","","","Female","No",NA,NA,NA,NA,NA
"319","Montenegro","Montenegro","Male","Yes",1,NA,NA,NA,NA
"321","Nevada","USA","Male","No",NA,NA,NA,NA,NA
"322","Australia","Australia","Male","Yes",1,NA,1,1,NA
"323","Australia","Australia","Male","No",NA,NA,NA,NA,NA
"324","Illinois","USA","Male","No",NA,NA,NA,NA,NA
"327","New York","USA","Male","No",NA,NA,NA,NA,NA
"328","Australia","Australia","Female","Yes",1,NA,NA,NA,NA
"329","China","China","Male","Yes",1,1,NA,NA,NA
"331","Israel","Israel","Male","No",NA,NA,NA,NA,NA
"332","","","Male","No",NA,NA,NA,NA,NA
"333","Australia","Australia","Female","Can't comment (new researcher)",NA,NA,NA,NA,NA
"334","Australia","Australia","Male","Yes",NA,NA,1,1,NA
"335","Australia","Australia","Male","No",NA,NA,NA,NA,NA
"336","Australia","Australia","Male","Can't comment (new researcher)",NA,NA,NA,NA,NA
"337","Australia","Australia","Male","Can't comment (new researcher)",NA,NA,NA,NA,NA
"340","","","Female","Yes",1,1,1,1,NA
"342","United Kingdom","United Kingdom","Male","Yes",NA,1,1,NA,NA
"343","Singapore","Singapore","Male","Can't comment (new researcher)",NA,NA,NA,NA,NA
"344","Italy","Italy","Female","Yes",NA,NA,1,1,NA
"345","Italy","Italy","Male","No",NA,NA,NA,NA,NA
"348","United Kingdom","United Kingdom","Male","Yes",NA,NA,1,NA,NA
"349","New Zealand","New Zealand","Male","Can't comment (new researcher)",NA,NA,NA,NA,NA
"350","Israel","Israel","Female","No",NA,NA,NA,NA,NA
"351","United Kingdom","United Kingdom","Male","Yes",1,1,NA,NA,NA
"352","Korea","Korea","Male","Can't comment (new researcher)",NA,NA,NA,NA,NA
"354","Ontario","Canada","Male","Yes",1,NA,1,NA,NA
"355","United Kingdom","United Kingdom","Female","No",NA,NA,NA,NA,NA
"357","France","France","Male","No",NA,NA,NA,NA,NA
"358","Poland","Poland","Male","No",NA,NA,NA,NA,NA
"359","Poland","Poland","Female","Yes",NA,NA,1,NA,NA
"364","Poland","Poland","Male","No",NA,NA,NA,NA,NA
"365","Oregon","USA","Female","Yes",1,1,1,NA,NA
"366","Australia","Australia","Male","Yes",1,NA,1,NA,NA
"367","Israel","Israel","Male","Yes",NA,NA,1,NA,NA
"369","Netherlands","Netherlands","Female","Yes",1,1,1,NA,NA
"370","Australia","Australia","Female","Yes",1,1,1,1,NA
"371","Poland","Poland","Male","Yes",1,1,1,NA,NA
"373","Poland","Poland","Male","Yes",1,NA,NA,1,NA
"374","Serbia","Serbia","Female","Can't comment (new researcher)",NA,NA,NA,NA,NA
"375","Poland","Poland","Female","Yes",NA,1,NA,NA,NA
"376","Poland","Poland","Male","No",NA,NA,NA,NA,NA
"377","Poland","Poland","Male","Yes",1,1,NA,1,NA
"378","Poland","Poland","Male","No",NA,NA,NA,NA,NA
"379","Belgium","Belgium","Male","No",NA,NA,NA,NA,NA
"380","Poland","Poland","Female","No",NA,NA,NA,NA,NA
"381","Serbia","Serbia","Female","Yes",1,1,NA,NA,NA
"382","France","France","Male","No",NA,NA,NA,NA,NA
"387","France","France","Male","Can't comment (new researcher)",NA,NA,NA,NA,NA
"388","France","France","Male","No",NA,NA,NA,NA,NA
"390","Poland","Poland","Male","No",NA,NA,NA,NA,NA
"393","Belgium","Belgium","Male","Can't comment (new researcher)",NA,NA,NA,NA,NA
"398","Mexico","Mexico","Female","Can't comment (new researcher)",NA,NA,NA,NA,NA
"399","France","France","Male","No",NA,NA,NA,NA,NA
"402","France","France","Male","No",NA,NA,NA,NA,NA
"403","France","France","Male","No",NA,NA,NA,NA,NA
"405","Israel","Israel","Male","No",NA,NA,NA,NA,NA
"407","Japan","Japan","Male","Yes",1,1,1,1,NA
"408","Kenya","Kenya","Male","No",NA,NA,NA,NA,NA
"410","Israel","Israel","Male","Yes",1,NA,NA,NA,NA
"411","Israel","Israel","Male","Can't comment (new researcher)",NA,NA,NA,NA,NA
"412","Israel","Israel","Male","No",NA,NA,NA,NA,NA
"413","Israel","Israel","Male","No",NA,NA,NA,NA,NA
"414","Israel","Israel","Male","No",NA,NA,NA,NA,NA
"415","Israel","Israel","Male","No",NA,NA,NA,NA,NA
"416","Israel","Israel","Male","No",NA,NA,NA,NA,NA
"417","Israel","Israel","Male","No",NA,NA,NA,NA,NA
"420","Israel","Israel","Male","No",NA,NA,NA,NA,NA
"422","Israel","Israel","Male","No",NA,NA,NA,NA,NA
"425","Israel","Israel","Male","No",NA,NA,NA,NA,NA
"426","Israel","Israel","Male","No",NA,NA,NA,NA,NA
"427","Israel","Israel","Male","Yes",NA,NA,1,NA,NA
"428","","","Male","Yes",1,NA,NA,NA,NA
"429","Israel","Israel","Male","No",NA,NA,NA,NA,NA
"431","Pennsylvania","USA","Male","No",NA,NA,NA,NA,NA
"432","Israel","Israel","Male","No",NA,NA,NA,NA,NA
"433","Israel","Israel","Male","Yes",1,NA,1,NA,NA
"434","Israel","Israel","Male","No",NA,NA,NA,NA,NA
"435","Israel","Israel","Male","No",NA,NA,NA,NA,NA
"436","France","France","Female","No",NA,NA,NA,NA,NA
"437","Israel","Israel","Male","No",NA,NA,NA,NA,NA
"438","Israel","Israel","Male","Can't comment (new researcher)",NA,NA,NA,NA,NA
"439","Israel","Israel","Male","No",NA,NA,NA,NA,NA
"440","United Kingdom","United Kingdom","Male","Yes",1,NA,NA,NA,NA
"441","Israel","Israel","Male","No",NA,NA,NA,NA,NA
"442","Israel","Israel","Male","No",NA,NA,NA,NA,NA
"443","Israel","Israel","Male","No",NA,NA,NA,NA,NA
"444","Israel","Israel","Male","No",NA,NA,NA,NA,NA
"449","California","USA","Male","No",NA,NA,NA,NA,NA
"454","","","Male","Yes",NA,NA,1,NA,NA
"455","Australia","Australia","Female","No",NA,NA,NA,NA,NA
"456","Maryland","USA","Male","Yes",1,1,1,1,NA
"459","Israel","Israel","Male","No",NA,NA,NA,NA,NA
"460","Israel","Israel","Male","Yes",NA,NA,1,NA,NA
"461","Poland","Poland","Male","No",NA,NA,NA,NA,NA
"464","Israel","Israel","Male","Yes",1,NA,1,NA,NA
"465","Israel","Israel","Male","Yes",NA,NA,1,NA,NA
"466","Switzerland","Switzerland","Female","Yes",1,NA,NA,1,NA
"467","Serbia","Serbia","Female","Yes",1,1,1,NA,NA
"468","Israel","Israel","Male","Yes",1,NA,1,NA,NA
"469","France","France","Male","No",NA,NA,NA,NA,NA
"470","","","Male","Can't comment (new researcher)",NA,NA,1,NA,NA
"471","Israel","Israel","Female","Yes",NA,NA,1,NA,NA
"472","Netherlands","Netherlands","Male","No",NA,NA,NA,NA,NA
"474","Germany","Germany","Female","No",NA,NA,NA,NA,NA
"479","Serbia","Serbia","Female","No",NA,NA,NA,NA,NA
"480","Israel","Israel","Male","No",NA,NA,NA,NA,NA
"481","Israel","Israel","Male","No",NA,NA,NA,NA,NA
"482","France","France","Female","Yes",NA,1,1,NA,NA
"483","Israel","Israel","Male","No",NA,NA,NA,NA,NA
"485","Israel","Israel","Male","Yes",1,NA,NA,NA,NA
"486","Israel","Israel","Female","Can't comment (new researcher)",NA,NA,NA,NA,NA
"487","Michigan","USA","Male","No",NA,NA,NA,NA,NA
"489","France","France","Female","Can't comment (new researcher)",NA,NA,NA,NA,NA
"490","Romania","Romania","Male","No",NA,NA,NA,NA,NA
"491","British Columbia","Canada","Male","Yes",1,1,1,NA,NA
"493","Israel","Israel","Male","No",NA,NA,NA,NA,NA
"495","Israel","Israel","Male","Yes",1,NA,1,NA,NA
"496","Switzerland","Switzerland","Male","No",NA,NA,NA,NA,NA
"497","Israel","Israel","Male","No",NA,NA,NA,NA,NA
"498","Israel","Israel","Male","No",NA,NA,NA,NA,NA
"499","Israel","Israel","Male","No",NA,NA,NA,NA,NA
"500","","","Female","Yes",1,NA,1,NA,NA
"501","California","USA","Male","No",NA,NA,NA,NA,NA
"502","France","France","Male","Yes",1,1,NA,NA,NA
"503","Israel","Israel","Male","No",NA,NA,NA,NA,NA
"504","Israel","Israel","Male","Yes",1,NA,1,NA,NA
"505","Israel","Israel","Male","Can't comment (new researcher)",NA,NA,NA,NA,NA
"507","Israel","Israel","Male","Yes",1,NA,NA,NA,NA
"510","Israel","Israel","Male","Yes",1,1,1,NA,NA
"511","Germany","Germany","Male","No",NA,NA,NA,NA,NA
"516","India","India","Male","No",NA,NA,NA,NA,NA
"517","Greece","Greece","Female","Yes",1,NA,1,NA,NA
"518","Israel","Israel","Male","Yes",NA,NA,1,NA,NA
"522","Israel","Israel","Male","Can't comment (new researcher)",NA,NA,NA,NA,NA
"523","Israel","Israel","Female","No",NA,NA,NA,NA,NA
"524","Quebec","Canada","Female","Yes",NA,NA,NA,1,NA
"525","","","Female","No",NA,NA,NA,NA,NA
"527","","","Male","Can't comment (new researcher)",NA,NA,NA,NA,NA
"528","Israel","Israel","Male","No",NA,NA,NA,NA,NA
"531","Israel","Israel","Female","No",NA,NA,NA,NA,NA
"532","Israel","Israel","Male","No",NA,NA,NA,NA,NA
"533","Israel","Israel","Male","No",NA,NA,NA,NA,NA
"536","Israel","Israel","Male","Yes",1,NA,1,NA,NA
"537","Israel","Israel","Male","Can't comment (new researcher)",NA,NA,NA,NA,NA
"538","New Hampshire","USA","Female","Yes",NA,NA,1,NA,NA
"539","Israel","Israel","Male","Yes",NA,NA,1,NA,NA
"540","Maryland","USA","Male","Yes",1,NA,1,NA,NA
"541","Israel","Israel","Female","Can't comment (new researcher)",NA,NA,NA,NA,NA
"542","Ontario","Canada","Female","Can't comment (new researcher)",NA,NA,NA,NA,NA
"544","Switzerland","Switzerland","Male","No",NA,NA,NA,NA,NA
"545","Israel","Israel","Female","No",NA,NA,NA,NA,NA
"546","Israel","Israel","Male","Can't comment (new researcher)",NA,NA,NA,NA,NA
"547","Israel","Israel","Male","No",NA,NA,NA,NA,NA
"549","Israel","Israel","Male","No",NA,NA,NA,NA,NA
"550","Israel","Israel","Male","No",NA,NA,NA,NA,NA
"552","Israel","Israel","Female","Yes",1,NA,NA,NA,1
"553","Israel","Israel","Female","No",NA,NA,NA,NA,NA
"555","Israel","Israel","Male","Yes",1,NA,1,NA,NA
"558","Israel","Israel","Male","No",NA,NA,NA,NA,NA
"559","Israel","Israel","Male","Yes",1,1,NA,NA,NA
"560","Vermont","USA","Male","Yes",1,NA,NA,NA,NA
"562","Israel","Israel","Male","No",NA,NA,NA,NA,NA
"563","Israel","Israel","Male","Yes",1,NA,NA,1,NA
"564","Spain","Spain","Male","Yes",NA,NA,1,NA,NA
"565","Israel","Israel","Male","Can't comment (new researcher)",NA,NA,NA,NA,NA
"573","","","Male","Can't comment (new researcher)",NA,NA,NA,NA,NA
"576","Israel","Israel","Female","Yes",1,1,1,1,1
"580","Israel","Israel","Female","No",NA,NA,NA,NA,NA
"581","Israel","Israel","Female","Yes",1,NA,1,NA,NA
"583","Israel","Israel","Female","Yes",1,NA,NA,NA,NA
"584","United Kingdom","United Kingdom","Female","No",NA,NA,NA,NA,NA
"586","Israel","Israel","Male","No",NA,NA,NA,NA,NA
"587","Israel","Israel","Female","No",NA,NA,NA,NA,NA
"589","Israel","Israel","Male","No",NA,NA,NA,NA,NA
"596","Israel","Israel","Male","Yes",1,NA,1,NA,NA
"597","Israel","Israel","Male","No",NA,NA,NA,NA,NA
"598","Israel","Israel","Male","No",NA,NA,NA,NA,NA
"599","Israel","Israel","Male","No",NA,NA,NA,NA,NA
"600","Israel","Israel","Male","Yes",1,NA,NA,NA,NA
"601","Israel","Israel","Male","No",NA,NA,NA,NA,NA
"603","Israel","Israel","Male","No",NA,NA,NA,NA,NA
"604","Israel","Israel","Male","Yes",1,NA,1,NA,NA
"606","Poland","Poland","Male","No",NA,NA,NA,NA,NA
"607","Israel","Israel","Male","Can't comment (new researcher)",NA,NA,NA,NA,NA
"608","Israel","Israel","Male","No",NA,NA,NA,NA,NA
"609","Israel","Israel","Female","No",NA,NA,NA,NA,NA
"612","Israel","Israel","Female","No",NA,NA,NA,NA,NA
"613","Israel","Israel","Male","Yes",1,1,1,NA,NA
"616","Arizona","USA","Female","No",NA,NA,NA,NA,NA
"617","Israel","Israel","Male","No",NA,NA,NA,NA,NA
"618","Israel","Israel","Male","No",NA,NA,NA,NA,NA
"619","Israel","Israel","Female","Yes",1,1,NA,NA,NA
"620","Israel","Israel","Male","No",NA,NA,NA,NA,NA
"621","Israel","Israel","Male","No",NA,NA,NA,NA,NA
"623","Israel","Israel","Male","No",NA,NA,NA,NA,NA
"625","Israel","Israel","Male","No",NA,NA,NA,NA,NA
"626","Israel","Israel","Male","No",NA,NA,NA,NA,NA
"627","Israel","Israel","Female","No",NA,NA,NA,NA,NA
"628","Israel","Israel","Male","Yes",1,1,NA,NA,NA
"629","Israel","Israel","Male","Can't comment (new researcher)",NA,NA,NA,NA,NA
"630","Michigan","USA","Female","No",NA,NA,NA,NA,NA
"631","Ontario","Canada","Female","Yes",NA,1,1,NA,NA
"632","Israel","Israel","Male","No",NA,NA,NA,NA,NA
"637","Israel","Israel","Male","No",NA,NA,NA,NA,NA
"638","Netherlands","Netherlands","Male","Yes",1,NA,NA,NA,NA
"640","Israel","Israel","Female","Yes",NA,NA,1,NA,NA
"642","France","France","Male","No",NA,NA,NA,NA,NA
"643","","","Female","No",NA,NA,NA,NA,NA
"644","Israel","Israel","Male","No",NA,NA,NA,NA,NA
"645","Israel","Israel","Male","Can't comment (new researcher)",NA,NA,NA,NA,NA
"649","Israel","Israel","Male","No",NA,NA,NA,NA,NA
"650","Israel","Israel","Male","No",NA,NA,NA,NA,NA
"651","Israel","Israel","Male","Yes",1,NA,NA,NA,NA
"652","Israel","Israel","Male","Yes",1,NA,NA,NA,NA
"653","Israel","Israel","Male","No",NA,NA,NA,NA,NA
"654","United Kingdom","United Kingdom","Female","Yes",1,1,1,1,NA
"655","United Kingdom","United Kingdom","Female","Yes",1,NA,1,NA,NA
"656","Israel","Israel","Male","No",NA,NA,NA,NA,NA
"657","United Kingdom","United Kingdom","Male","No",NA,NA,NA,NA,NA
"658","Israel","Israel","Female","Can't comment (new researcher)",NA,NA,NA,NA,NA
"660","Israel","Israel","Male","No",NA,NA,NA,NA,NA
"661","Israel","Israel","Male","No",NA,NA,NA,NA,NA
"664","","","Male","No",NA,NA,NA,NA,NA
"666","Israel","Israel","Female","Yes",1,1,1,NA,1
"667","","","Female","No",NA,NA,NA,NA,NA
"671","Nebraska","USA","Female","Can't comment (new researcher)",NA,NA,NA,NA,NA
"674","France","France","Female","Can't comment (new researcher)",NA,NA,NA,NA,NA
"675","Brazil","Brazil","Male","Can't comment (new researcher)",NA,NA,NA,NA,NA
"680","Brazil","Brazil","Female","Yes",1,NA,NA,1,NA
"681","Netherlands","Netherlands","Male","Yes",1,1,NA,NA,NA
"683","Brazil","Brazil","Male","Yes",NA,NA,1,1,NA
"684","Brazil","Brazil","Male","No",NA,NA,NA,NA,NA
"685","Brazil","Brazil","Male","Yes",1,1,NA,1,NA
"692","","","Male","No",NA,NA,NA,NA,NA
"695","Brazil","Brazil","Male","Can't comment (new researcher)",NA,NA,NA,NA,NA
"696","Brazil","Brazil","Male","No",NA,NA,NA,NA,NA
"697","Brazil","Brazil","Female","Yes",1,1,1,NA,NA
"704","Brazil","Brazil","Male","No",NA,NA,NA,NA,NA
"706","Brazil","Brazil","Female","No",NA,NA,NA,NA,NA
"707","Brazil","Brazil","Male","No",NA,NA,NA,NA,NA
"708","Brazil","Brazil","Male","No",NA,NA,NA,NA,NA
"712","Brazil","Brazil","Male","No",NA,NA,NA,NA,NA
"714","Germany","Germany","Male","Yes",NA,NA,1,NA,NA
"716","Brazil","Brazil","Male","No",NA,NA,NA,NA,NA
"717","Spain","Spain","Male","Yes",1,NA,1,NA,NA
"718","Brazil","Brazil","Female","Yes",1,NA,NA,1,NA
"719","Brazil","Brazil","Female","Yes",1,1,NA,1,NA
"720","Italy","Italy","Male","Yes",1,NA,NA,NA,NA
"721","Uruguay","Uruguay","Male","Yes",1,NA,NA,1,NA
"723","Ontario","Canada","Female","Yes",NA,NA,1,NA,NA
"724","Quebec","Canada","Female","No",NA,NA,NA,NA,NA
"726","Ontario","Canada","Male","Yes",NA,NA,1,NA,NA
"727","Ontario","Canada","Male","Can't comment (new researcher)",NA,NA,NA,NA,NA
"728","Ontario","Canada","Male","No",NA,NA,NA,NA,NA
"729","Quebec","Canada","Male","No",NA,NA,NA,NA,NA
"730","","","Male","No",NA,NA,NA,NA,NA
"731","Quebec","Canada","Male","Yes",1,1,1,NA,NA
"732","","","Male","Can't comment (new researcher)",NA,NA,NA,NA,NA
"733","Ontario","Canada","Male","No",NA,NA,NA,NA,NA
"734","Alberta","Canada","Male","Yes",NA,NA,1,1,NA
"735","Alberta","Canada","Male","Can't comment (new researcher)",NA,NA,NA,NA,NA
"736","Quebec","Canada","Female","No",NA,NA,NA,NA,NA
"737","Alberta","Canada","Male","Yes",1,1,1,1,1
"738","Alberta","Canada","Male","No",NA,NA,NA,NA,NA
"739","Nova Scotia","Canada","Male","No",NA,NA,NA,NA,NA
"740","Alberta","Canada","Female","Yes",NA,1,1,NA,1
"741","Newfoundland and Labrador","Canada","Male","Yes",NA,NA,NA,NA,1
"742","Alberta","Canada","Male","Yes",1,1,NA,1,1
"743","Alberta","Canada","Male","Yes",NA,NA,1,NA,1
"745","Prince Edward Island","Canada","Female","Yes",1,NA,1,NA,NA
"746","Saskatchewan","Canada","Male","No",NA,NA,NA,NA,NA
"747","British Columbia","Canada","Male","No",NA,NA,NA,NA,NA
"748","Saskatchewan","Canada","Female","Can't comment (new researcher)",NA,NA,NA,NA,NA
"749","New Brunswick","Canada","Female","No",NA,NA,NA,NA,NA
"750","British Columbia","Canada","Male","No",NA,NA,NA,NA,NA
"752","Ontario","Canada","Male","Yes",1,NA,NA,NA,NA
"753","Ontario","Canada","Male","No",NA,NA,NA,NA,NA
"754","Ontario","Canada","Male","Yes",1,1,1,NA,NA
"755","Quebec","Canada","Male","No",NA,NA,NA,NA,NA
"756","Ontario","Canada","Male","No",NA,NA,NA,NA,NA
"757","Nova Scotia","Canada","Female","Yes",NA,NA,1,NA,NA
"758","Alberta","Canada","Male","No",NA,NA,NA,NA,NA
"759","Ontario","Canada","Female","Yes",NA,NA,1,NA,NA
"760","Ontario","Canada","Male","Yes",NA,1,1,NA,NA
"761","Quebec","Canada","Male","No",NA,NA,NA,NA,NA
"762","British Columbia","Canada","Female","Yes",1,NA,1,NA,NA
"764","Alberta","Canada","Male","Can't comment (new researcher)",NA,NA,NA,NA,NA
"765","Quebec","Canada","Male","Yes",1,1,1,NA,NA
"766","Quebec","Canada","Female","Yes",1,NA,1,NA,NA
"767","Quebec","Canada","Male","No",NA,NA,NA,NA,NA
"768","Austria","Austria","Male","No",NA,NA,NA,NA,NA
"769","Quebec","Canada","Male","Yes",1,NA,1,NA,1
"770","Quebec","Canada","Male","No",NA,NA,NA,NA,NA
"771","Nova Scotia","Canada","Male","Yes",NA,NA,NA,NA,1
"772","","","Male","No",NA,NA,NA,NA,NA
"773","Ontario","Canada","Male","Yes",NA,NA,1,NA,NA
"774","Norway","Norway","Male","No",NA,NA,NA,NA,NA
"775","British Columbia","Canada","Male","Yes",NA,NA,1,NA,NA
"776","Saskatchewan","Canada","Male","Yes",1,1,1,1,NA
"777","Wisconsin","USA","Male","No",NA,NA,NA,NA,NA
"778","Quebec","Canada","Male","No",NA,NA,NA,NA,NA
"779","Ontario","Canada","Male","Yes",NA,NA,1,NA,NA
"780","Alberta","Canada","Male","Yes",NA,NA,1,NA,NA
"782","Massachusetts","USA","Male","No",NA,NA,NA,NA,NA
"784","Quebec","Canada","Male","No",NA,NA,NA,NA,NA
"786","Quebec","Canada","Female","No",NA,NA,NA,NA,NA
"787","Quebec","Canada","Male","Can't comment (new researcher)",1,1,1,NA,NA
"788","British Columbia","Canada","Male","No",NA,NA,NA,NA,NA
"789","British Columbia","Canada","Female","Yes",1,NA,1,NA,NA
"790","Ontario","Canada","Female","Yes",NA,NA,1,NA,NA
"791","Alberta","Canada","Male","Yes",1,1,1,NA,NA
"793","Newfoundland and Labrador","Canada","Male","Yes",NA,NA,1,NA,NA
"794","Quebec","Canada","Female","No",NA,NA,NA,NA,NA
"795","British Columbia","Canada","Male","Yes",1,1,1,NA,NA
"796","France","France","Male","Yes",NA,NA,1,NA,NA
"797","Ontario","Canada","Male","No",NA,NA,NA,NA,NA
"798","","","Male","No",NA,NA,NA,NA,NA
"800","Quebec","Canada","Male","No",NA,NA,NA,NA,NA
"804","British Columbia","Canada","Male","Yes",NA,NA,1,NA,NA
"805","British Columbia","Canada","Male","No",NA,NA,NA,NA,NA
"806","British Columbia","Canada","Male","No",NA,NA,NA,NA,NA
"807","Ontario","Canada","Female","Yes",1,1,1,1,NA
"808","British Columbia","Canada","Female","No",NA,NA,NA,NA,NA
"809","Quebec","Canada","Male","No",NA,NA,NA,NA,NA
"810","British Columbia","Canada","Male","No",NA,NA,NA,NA,NA
"812","Ontario","Canada","Male","Yes",NA,NA,1,NA,NA
"813","Quebec","Canada","Male","Yes",1,NA,1,NA,NA
"814","Nova Scotia","Canada","Male","Yes",1,NA,1,NA,NA
"815","Ontario","Canada","Female","Yes",1,NA,NA,1,1
"817","Quebec","Canada","Female","Yes",NA,NA,1,NA,NA
"818","Newfoundland and Labrador","Canada","Male","Yes",1,NA,1,NA,NA
"819","Quebec","Canada","Male","No",NA,NA,NA,NA,NA
"821","Alberta","Canada","Male","No",NA,NA,NA,NA,NA
"822","France","France","Male","No",NA,NA,NA,NA,NA
"823","British Columbia","Canada","","No",NA,NA,NA,NA,NA
"824","Ontario","Canada","Male","Yes",NA,NA,1,NA,NA
"825","British Columbia","Canada","Male","Yes",NA,NA,NA,1,NA
"826","British Columbia","Canada","Female","Yes",1,NA,NA,1,NA
"827","British Columbia","Canada","Male","No",NA,NA,NA,NA,NA
"829","","","Female","Yes",NA,NA,1,NA,NA
"830","","","Male","Yes",1,NA,1,NA,NA
"832","Alberta","Canada","Female","No",NA,NA,NA,NA,NA
"833","Ontario","Canada","Male","Can't comment (new researcher)",NA,NA,NA,NA,NA
"834","Alberta","Canada","Male","Yes",NA,NA,1,NA,NA
"835","Alberta","Canada","Male","No",NA,NA,NA,NA,NA
"836","Ontario","Canada","Male","No",NA,NA,NA,NA,NA
"837","British Columbia","Canada","Female","No",NA,NA,NA,NA,NA
"840","Quebec","Canada","Male","Yes",1,NA,NA,NA,NA
"842","Nova Scotia","Canada","Male","No",NA,NA,NA,NA,NA
"843","Quebec","Canada","Male","No",NA,NA,NA,NA,NA
"844","Quebec","Canada","Male","Yes",1,NA,1,NA,NA
"845","Quebec","Canada","Male","No",NA,NA,NA,NA,NA
"846","Quebec","Canada","Male","No",NA,NA,NA,NA,NA
"849","Quebec","Canada","Male","No",NA,NA,NA,NA,NA
"850","Ontario","Canada","Male","Yes",NA,NA,1,NA,NA
"851","Alberta","Canada","Male","Yes",NA,NA,1,NA,NA
"852","Quebec","Canada","Female","No",NA,NA,NA,NA,NA
"853","Ontario","Canada","Male","Yes",1,NA,1,NA,NA
"854","Switzerland","Switzerland","Male","No",NA,NA,NA,NA,NA
"855","Alberta","Canada","","Yes",NA,NA,1,NA,NA
"856","Ontario","Canada","Male","No",NA,NA,NA,NA,NA
"857","Quebec","Canada","Male","No",NA,NA,NA,NA,NA
"859","Ontario","Canada","Male","Yes",1,NA,1,NA,NA
"860","Ontario","Canada","Male","Yes",NA,NA,1,NA,NA
"861","British Columbia","Canada","Male","Yes",1,NA,1,1,NA
"862","Ontario","Canada","Male","Yes",1,1,1,NA,NA
"863","Poland","Poland","Male","No",NA,NA,NA,NA,NA
"865","British Columbia","Canada","Male","Yes",1,NA,1,NA,NA
"866","Alberta","Canada","Male","Can't comment (new researcher)",NA,NA,NA,NA,NA
"867","Newfoundland and Labrador","Canada","Male","Yes",1,NA,NA,1,NA
"869","Quebec","Canada","Female","Yes",NA,NA,1,NA,NA
"870","British Columbia","Canada","Male","No",NA,NA,NA,NA,NA
"871","Alberta","Canada","Male","No",NA,NA,NA,NA,NA
"872","Ontario","Canada","Male","No",NA,NA,NA,NA,NA
"873","Alberta","Canada","Male","Can't comment (new researcher)",NA,NA,NA,NA,NA
"875","British Columbia","Canada","Male","No",NA,NA,NA,NA,NA
"876","Ontario","Canada","Male","No",NA,NA,NA,NA,NA
"877","Ontario","Canada","Male","No",NA,NA,NA,NA,NA
"878","Ontario","Canada","Male","No",NA,NA,NA,NA,NA
"879","Alberta","Canada","Female","No",NA,NA,NA,NA,NA
"881","Ontario","Canada","Male","No",NA,NA,NA,NA,NA
"882","Newfoundland and Labrador","Canada","Female","No",NA,NA,NA,NA,NA
"883","Ontario","Canada","Male","Yes",NA,NA,1,NA,NA
"884","Ontario","Canada","Female","Yes",1,NA,NA,NA,NA
"885","Ontario","Canada","Male","Yes",1,NA,1,NA,NA
"886","Ontario","Canada","Female","Can't comment (new researcher)",NA,NA,NA,NA,NA
"887","Alberta","Canada","Male","No",NA,NA,NA,NA,NA
"888","British Columbia","Canada","Male","No",NA,NA,NA,NA,NA
"889","Uruguay","Uruguay","Male","No",NA,NA,NA,NA,NA
"890","","","Male","No",NA,NA,NA,NA,NA
"892","Alberta","Canada","Female","No",NA,NA,NA,NA,NA
"893","","","Female","No",NA,NA,NA,NA,NA
"894","Ontario","Canada","Male","No",NA,NA,NA,NA,NA
"895","Manitoba","Canada","Male","No",NA,NA,NA,NA,NA
"896","British Columbia","Canada","Male","No",NA,NA,NA,NA,NA
"899","Ontario","Canada","Male","Yes",NA,NA,1,1,NA
"900","British Columbia","Canada","Male","Yes",1,NA,1,NA,NA
"901","Ontario","Canada","Male","No",NA,NA,NA,NA,NA
"902","Ontario","Canada","Male","No",NA,NA,NA,NA,NA
"904","Ontario","Canada","Male","No",NA,NA,NA,NA,NA
"905","Alberta","Canada","Male","No",NA,NA,NA,NA,NA
"906","Ontario","Canada","Female","No",NA,NA,NA,NA,NA
"907","Alberta","Canada","Female","Yes",1,NA,1,NA,NA
"908","Nova Scotia","Canada","Female","No",NA,NA,NA,NA,NA
"909","Ontario","Canada","Male","Can't comment (new researcher)",NA,NA,NA,NA,NA
"910","Manitoba","Canada","Male","Yes",1,NA,1,1,NA
"911","Ontario","Canada","Female","No",NA,NA,NA,NA,NA
"912","Ontario","Canada","Female","No",NA,NA,NA,NA,NA
"913","Alberta","Canada","Male","No",NA,NA,NA,NA,NA
"914","Ontario","Canada","Male","Yes",1,NA,1,NA,NA
"915","Ontario","Canada","Female","No",NA,NA,NA,NA,NA
"916","Ontario","Canada","Male","No",NA,NA,NA,NA,NA
"917","Ontario","Canada","Male","No",NA,NA,NA,NA,NA
"918","British Columbia","Canada","Female","Yes",1,NA,NA,1,NA
"919","Nova Scotia","Canada","","Yes",NA,NA,1,1,NA
"920","Ontario","Canada","Other","No",NA,NA,NA,NA,NA
"921","Ontario","Canada","Male","No",NA,NA,NA,NA,NA
"922","New Brunswick","Canada","Female","Yes",1,NA,1,NA,NA
"923","Alberta","Canada","Male","No",NA,NA,NA,NA,NA
"924","Alberta","Canada","Male","Yes",NA,NA,NA,1,NA
"925","New Brunswick","Canada","Male","No",NA,NA,NA,NA,NA
"926","Alberta","Canada","Male","Yes",NA,NA,1,NA,NA
"928","Ontario","Canada","Male","No",NA,NA,NA,NA,NA
"929","Ontario","Canada","Male","Yes",1,NA,1,NA,NA
"930","Quebec","Canada","Male","Yes",1,NA,1,1,NA
"931","Ontario","Canada","Female","No",NA,NA,NA,NA,NA
"932","British Columbia","Canada","Female","No",NA,NA,NA,NA,NA
"933","Ontario","Canada","Female","Can't comment (new researcher)",NA,NA,NA,NA,NA
"935","Ontario","Canada","Male","No",NA,NA,NA,NA,NA
"936","Ontario","Canada","Male","No",NA,NA,NA,NA,NA
"937","Alberta","Canada","Male","No",NA,NA,NA,NA,NA
"938","Ontario","Canada","Female","Can't comment (new researcher)",NA,NA,NA,NA,NA
"940","Ontario","Canada","Male","No",NA,NA,NA,NA,NA
"941","Ontario","Canada","Male","Yes",1,1,1,NA,NA
"942","British Columbia","Canada","Female","Yes",1,NA,1,NA,1
"943","Ontario","Canada","Male","No",NA,NA,NA,NA,NA
"945","Ontario","Canada","Male","No",NA,NA,NA,NA,NA
"946","Alberta","Canada","Male","Yes",NA,NA,1,NA,NA
"947","Ontario","Canada","Male","Yes",NA,NA,1,NA,NA
"948","Alberta","Canada","Male","Yes",1,NA,1,NA,NA
"949","Ontario","Canada","Male","Yes",NA,NA,1,NA,NA
"950","Ontario","Canada","Male","No",NA,NA,NA,NA,NA
"951","Quebec","Canada","Male","No",NA,NA,NA,NA,NA
"952","Vermont","USA","Female","No",NA,NA,NA,NA,NA
"954","Ontario","Canada","","Yes",1,1,1,NA,NA
"957","Ontario","Canada","Male","Yes",NA,NA,1,NA,NA
"959","Alberta","Canada","Male","No",NA,NA,NA,NA,NA
"960","Alberta","Canada","Male","No",NA,NA,NA,NA,NA
"962","Nova Scotia","Canada","Male","Yes",NA,1,1,NA,NA
"963","Alberta","Canada","Male","Yes",NA,NA,1,NA,NA
"964","Nevada","USA","Male","No",NA,NA,NA,NA,NA
"966","Ontario","Canada","Male","Yes",NA,NA,1,NA,NA
"967","Ontario","Canada","Female","Yes",NA,1,1,NA,NA
"968","Ontario","Canada","Female","Yes",NA,NA,1,NA,NA
"969","Ontario","Canada","Male","Can't comment (new researcher)",NA,NA,NA,NA,NA
"970","Quebec","Canada","Male","No",NA,NA,NA,NA,NA
"971","Nevada","USA","Male","Yes",NA,1,1,NA,NA
"972","Ontario","Canada","Female","Yes",NA,NA,1,NA,NA
"974","Alberta","Canada","Male","Yes",1,NA,NA,NA,NA
"975","Quebec","Canada","Female","No",NA,NA,NA,NA,NA
"976","Alberta","Canada","Male","No",NA,NA,NA,NA,NA
"977","Ontario","Canada","Male","No",NA,NA,NA,NA,NA
"978","Ontario","Canada","Female","No",NA,NA,NA,NA,NA
"982","France","France","Male","No",NA,NA,NA,NA,NA
"983","Alberta","Canada","Female","Yes",NA,NA,1,NA,NA
"984","Ontario","Canada","Male","No",NA,NA,NA,NA,NA
"985","Alberta","Canada","Female","Yes",1,NA,NA,NA,NA
"986","Alberta","Canada","Male","Yes",NA,NA,1,NA,NA
"987","Ontario","Canada","Male","No",NA,NA,NA,NA,NA
"988","Ontario","Canada","Female","Yes",NA,NA,1,NA,NA
"989","Ontario","Canada","Male","No",NA,NA,NA,NA,NA
"990","Manitoba","Canada","Male","No",NA,NA,NA,NA,NA
"991","Quebec","Canada","Male","No",NA,NA,NA,NA,NA
"992","Manitoba","Canada","Male","No",NA,NA,NA,NA,NA
"993","","","","No",NA,NA,NA,NA,NA
"994","Ontario","Canada","Male","Yes",NA,1,1,NA,NA
"995","Ontario","Canada","Female","Yes",1,NA,1,NA,NA
"997","Ontario","Canada","Female","No",NA,NA,NA,NA,NA
"998","Ontario","Canada","Female","Yes",1,NA,1,NA,NA
"999","British Columbia","Canada","Female","No",NA,NA,NA,NA,NA
"1000","New Brunswick","Canada","Male","Yes",NA,NA,1,NA,1
"1001","Quebec","Canada","Male","Yes",NA,NA,1,NA,NA
"1002","Ontario","Canada","Female","No",NA,NA,NA,NA,NA
"1003","Ontario","Canada","Male","No",NA,NA,NA,NA,NA
"1004","Quebec","Canada","Male","No",NA,NA,NA,NA,NA
"1005","Ontario","Canada","Male","Yes",1,NA,1,1,NA
"1007","Alberta","Canada","Male","No",NA,NA,NA,NA,NA
"1008","Ontario","Canada","Male","Can't comment (new researcher)",NA,NA,NA,NA,NA
"1009","Alberta","Canada","Male","No",NA,NA,NA,NA,NA
"1010","New York","USA","Male","No",NA,NA,NA,NA,NA
"1011","Ontario","Canada","Male","Yes",NA,NA,1,NA,NA
"1013","Japan","Japan","Male","No",NA,NA,NA,NA,NA
"1014","Ontario","Canada","Male","Yes",NA,NA,1,NA,NA
"1015","British Columbia","Canada","Male","No",NA,NA,NA,NA,NA
"1016","Ontario","Canada","Male","No",NA,NA,NA,NA,NA
"1017","Ontario","Canada","Male","No",NA,NA,NA,NA,NA
"1018","Ontario","Canada","Female","No",NA,NA,NA,NA,NA
"1019","","","Male","Yes",NA,NA,1,NA,NA
"1020","Ontario","Canada","Male","Yes",1,1,1,1,NA
"1021","Ontario","Canada","Female","No",NA,NA,NA,NA,NA
"1022","British Columbia","Canada","Female","No",NA,NA,NA,NA,NA
"1023","Ontario","Canada","Male","No",NA,NA,NA,NA,NA
"1024","Ontario","Canada","Female","Yes",NA,NA,NA,NA,1
"1027","","","Male","No",NA,NA,NA,NA,NA
"1028","Ontario","Canada","Male","No",NA,NA,NA,NA,NA
"1029","Ontario","Canada","Male","Yes",NA,NA,NA,1,NA
"1030","Quebec","Canada","Male","No",NA,NA,NA,NA,NA
"1032","Ontario","Canada","Male","No",NA,NA,NA,NA,NA
"1033","Saskatchewan","Canada","Male","No",NA,NA,NA,NA,NA
"1034","Alberta","Canada","Male","Can't comment (new researcher)",NA,NA,NA,NA,NA
"1037","Ontario","Canada","Male","Yes",1,NA,1,NA,NA
"1038","Quebec","Canada","Male","No",NA,NA,NA,NA,NA
"1039","Ontario","Canada","Female","Yes",1,1,NA,NA,NA
"1040","British Columbia","Canada","Male","Yes",NA,NA,1,NA,NA
"1042","Prince Edward Island","Canada","Female","No",NA,NA,NA,NA,NA
"1043","British Columbia","Canada","Male","Yes",1,1,NA,NA,NA
"1044","British Columbia","Canada","Male","Yes",1,NA,1,NA,NA
"1045","British Columbia","Canada","Male","No",NA,NA,NA,NA,NA
"1046","Manitoba","Canada","Male","Can't comment (new researcher)",NA,NA,NA,NA,NA
"1047","Alberta","Canada","Male","Can't comment (new researcher)",NA,NA,NA,NA,NA
"1048","France","France","Male","Yes",1,NA,NA,NA,NA
"1049","Ontario","Canada","Male","Yes",1,NA,NA,NA,NA
"1050","Ontario","Canada","Male","No",NA,NA,NA,NA,NA
"1051","Alberta","Canada","Female","Yes",1,NA,1,NA,NA
"1052","Alberta","Canada","Male","No",NA,NA,NA,NA,NA
"1053","Alberta","Canada","Male","Yes",1,NA,NA,1,NA
"1054","British Columbia","Canada","Male","No",NA,NA,NA,NA,NA
"1055","Quebec","Canada","Male","Yes",1,1,1,NA,NA
"1060","United Kingdom","United Kingdom","Female","No",NA,NA,NA,NA,NA
"1061","Ontario","Canada","Male","Yes",1,NA,1,NA,NA
"1062","British Columbia","Canada","Female","Yes",1,1,NA,1,NA
"1063","Ontario","Canada","Male","Yes",1,1,1,NA,NA
"1064","Manitoba","Canada","Male","Yes",NA,NA,1,NA,NA
"1066","British Columbia","Canada","Female","No",NA,NA,NA,NA,NA
"1067","Ontario","Canada","Male","Yes",1,1,NA,NA,1
"1068","Newfoundland and Labrador","Canada","Male","Yes",NA,NA,1,NA,NA
"1070","Ontario","Canada","Male","No",NA,NA,NA,NA,NA
"1071","","","Other","Yes",NA,1,1,NA,NA
"1072","British Columbia","Canada","Female","Can't comment (new researcher)",NA,NA,NA,NA,NA
"1074","Ontario","Canada","","No",NA,NA,NA,NA,NA
"1075","New York","USA","Male","Yes",1,1,1,NA,NA
"1076","Greece","Greece","Male","Yes",NA,NA,1,NA,NA
"1077","Quebec","Canada","Male","Yes",NA,1,NA,NA,1
"1078","Alberta","Canada","Female","No",NA,NA,NA,NA,NA
"1079","British Columbia","Canada","Female","Yes",NA,NA,1,NA,NA
"1081","Ontario","Canada","Male","No",NA,NA,NA,NA,NA
"1082","British Columbia","Canada","Female","Yes",1,NA,1,1,NA
"1083","Croatia","Croatia","Male","No",NA,NA,NA,NA,NA
"1084","","","Female","Yes",1,NA,NA,1,NA
"1085","Prince Edward Island","Canada","Male","No",NA,NA,NA,NA,NA
"1088","Ontario","Canada","Female","Yes",1,NA,1,NA,NA
"1089","British Columbia","Canada","Female","Can't comment (new researcher)",NA,NA,NA,NA,NA
"1090","","","Male","No",NA,NA,NA,NA,NA
"1091","Alberta","Canada","Male","No",NA,NA,NA,NA,NA
"1094","Alberta","Canada","Male","Yes",NA,NA,1,NA,1
"1095","","","Male","Yes",1,1,1,NA,NA
"1096","British Columbia","Canada","Female","No",NA,NA,NA,NA,NA
"1097","Alberta","Canada","Male","Can't comment (new researcher)",NA,NA,NA,NA,NA
"1099","Ontario","Canada","Male","No",NA,NA,NA,NA,NA
"1100","Alberta","Canada","Male","Yes",NA,NA,NA,1,NA
"1101","Ontario","Canada","Male","Can't comment (new researcher)",NA,NA,NA,NA,NA
"1102","Alberta","Canada","Male","No",NA,NA,NA,NA,NA
"1103","Korea","Korea","Male","Yes",1,NA,1,NA,NA
"1105","Quebec","Canada","Male","Yes",1,NA,1,NA,1
"1106","Ontario","Canada","Male","Yes",1,NA,1,NA,NA
"1107","Ontario","Canada","Female","Yes",NA,NA,1,NA,NA
"1108","Switzerland","Switzerland","Male","No",NA,NA,NA,NA,NA
"1109","","","Female","Can't comment (new researcher)",NA,NA,NA,NA,NA
"1110","Nova Scotia","Canada","Female","Can't comment (new researcher)",NA,NA,NA,NA,NA
"1111","Alberta","Canada","Male","Yes",1,NA,NA,1,NA
"1112","","","Female","Yes",1,1,1,NA,NA
"1113","Alberta","Canada","Male","Yes",NA,1,1,NA,1
"1114","New Brunswick","Canada","Male","Yes",NA,1,1,NA,NA
"1117","Quebec","Canada","Male","Yes",1,1,1,1,NA
"1119","Alberta","Canada","Male","No",NA,NA,NA,NA,NA
"1120","Ontario","Canada","Male","No",NA,NA,NA,NA,NA
"1121","Vermont","USA","Female","Yes",NA,NA,1,NA,NA
"1122","","","Male","No",NA,NA,NA,NA,NA
"1123","Quebec","Canada","Male","No",NA,NA,NA,NA,NA
"1124","Ontario","Canada","Female","No",NA,NA,NA,NA,NA
"1125","Alberta","Canada","Male","No",NA,NA,NA,NA,NA
"1126","Ontario","Canada","Male","No",NA,NA,NA,NA,NA
"1127","Mexico","Mexico","Male","No",NA,NA,NA,NA,NA
"1129","","","Male","No",NA,NA,NA,NA,NA
"1130","Ontario","Canada","Male","No",NA,NA,NA,NA,NA
"1131","Nova Scotia","Canada","Male","Yes",1,1,1,NA,NA
"1132","Ontario","Canada","Male","Yes",NA,1,1,1,NA
"1133","","","Female","No",NA,NA,NA,NA,NA
"1134","Florida","USA","Male","Yes",1,NA,1,NA,NA
"1135","","","Male","No",NA,NA,NA,NA,NA
"1136","","","Male","No",NA,NA,NA,NA,NA
"1137","Australia","Australia","Male","Can't comment (new researcher)",NA,NA,NA,NA,NA
"1138","Ontario","Canada","Male","Can't comment (new researcher)",NA,NA,NA,NA,NA
"1140","Chile","Chile","Male","Yes",NA,NA,1,NA,NA
"1142","Saskatchewan","Canada","Male","Yes",NA,NA,1,NA,NA
"1143","","","Male","No",NA,NA,NA,NA,NA
"1144","Yukon Territory","Canada","Female","Yes",NA,NA,1,NA,NA
"1145","British Columbia","Canada","Male","Yes",1,NA,1,NA,NA
"1146","Quebec","Canada","Male","No",NA,NA,NA,NA,NA
"1147","","","Male","Yes",1,NA,1,NA,NA
"1148","Alberta","Canada","Male","No",NA,NA,NA,NA,NA
"1151","Prince Edward Island","Canada","Female","Yes",NA,NA,1,NA,NA
"1153","Alberta","Canada","Male","Yes",NA,NA,1,NA,NA
"1154","British Columbia","Canada","Male","Can't comment (new researcher)",NA,NA,NA,NA,NA
"1155","","","Male","Yes",NA,1,NA,NA,NA
"1156","British Columbia","Canada","Male","Yes",NA,NA,1,NA,NA
"1157","New Brunswick","Canada","Male","No",NA,NA,NA,NA,NA
"1158","Ontario","Canada","Male","Can't comment (new researcher)",NA,NA,NA,NA,NA
"1159","British Columbia","Canada","Male","No",NA,NA,NA,NA,NA
"1161","Alberta","Canada","Male","No",NA,NA,NA,NA,NA
"1162","British Columbia","Canada","Male","Yes",1,1,1,NA,NA
"1163","Argentina","Argentina","Male","No",NA,NA,NA,NA,NA
"1164","Ontario","Canada","Male","Yes",1,NA,NA,NA,NA
"1166","British Columbia","Canada","Male","Yes",NA,NA,1,NA,1
"1167","Ontario","Canada","Male","Yes",1,1,NA,NA,NA
"1168","Ontario","Canada","Male","No",NA,NA,NA,NA,NA
"1169","Ontario","Canada","Male","No",NA,NA,NA,NA,NA
"1170","Quebec","Canada","Male","Yes",1,NA,1,1,NA
"1171","Sweden","Sweden","Female","No",NA,NA,NA,NA,NA
"1172","Newfoundland and Labrador","Canada","Female","Can't comment (new researcher)",NA,NA,NA,NA,NA
"1173","Ontario","Canada","Female","Can't comment (new researcher)",NA,NA,NA,NA,NA
"1176","Ontario","Canada","Male","Yes",NA,NA,1,NA,NA
"1178","Alberta","Canada","Male","No",NA,NA,NA,NA,NA
"1179","Newfoundland and Labrador","Canada","Male","No",NA,NA,NA,NA,NA
"1180","New Brunswick","Canada","Male","No",NA,NA,NA,NA,NA
"1181","Japan","Japan","Male","Can't comment (new researcher)",NA,NA,NA,NA,NA
"1182","New Brunswick","Canada","Male","Yes",NA,NA,1,1,NA
"1184","Ontario","Canada","Male","Yes",NA,NA,1,NA,NA
"1185","British Columbia","Canada","Male","Can't comment (new researcher)",NA,NA,NA,NA,NA
"1186","Ontario","Canada","Male","No",NA,NA,NA,NA,NA
"1187","New York","USA","Female","No",NA,NA,NA,NA,NA
"1188","","","Male","Yes",1,NA,1,NA,NA
"1189","United Kingdom","United Kingdom","Male","No",NA,NA,NA,NA,NA
"1191","","","Male","Yes",NA,NA,1,NA,NA
"1192","","","Female","Can't comment (new researcher)",NA,NA,NA,NA,NA
"1193","","","Male","Yes",NA,NA,NA,NA,1
"1194","","","Female","No",NA,NA,NA,NA,NA
"1195","British Columbia","Canada","Male","Yes",1,NA,NA,NA,NA
"1198","New Brunswick","Canada","Male","No",NA,NA,NA,NA,NA
"1199","Ontario","Canada","Male","No",NA,NA,NA,NA,NA
"1200","Ontario","Canada","Male","Yes",1,NA,NA,1,NA
"1201","","","Male","No",NA,NA,NA,NA,NA
"1202","New York","USA","Male","Yes",1,NA,1,1,NA
"1203","Ontario","Canada","Male","No",NA,NA,NA,NA,NA
"1205","Alberta","Canada","Male","No",NA,NA,NA,NA,NA
"1208","New Jersey","USA","Male","No",NA,NA,NA,NA,NA
"1209","Australia","Australia","Male","No",NA,NA,NA,NA,NA
"1210","Quebec","Canada","Male","Yes",NA,NA,1,NA,NA
"1212","Alberta","Canada","Male","No",NA,NA,NA,NA,NA
"1213","British Columbia","Canada","Female","No",NA,NA,NA,NA,NA
"1215","Ontario","Canada","Male","No",NA,NA,NA,NA,NA
"1216","Alberta","Canada","Male","Yes",1,1,1,1,NA
"1217","Japan","Japan","Male","Yes",NA,NA,1,NA,NA
"1218","Ontario","Canada","Female","Can't comment (new researcher)",NA,NA,NA,NA,NA
"1220","Ontario","Canada","Female","No",NA,NA,NA,NA,NA
"1222","Ontario","Canada","Male","No",NA,NA,NA,NA,NA
"1224","Quebec","Canada","Male","Can't comment (new researcher)",NA,NA,NA,NA,NA
"1225","Nova Scotia","Canada","Female","No",NA,NA,NA,NA,NA
"1226","Ontario","Canada","Female","No",NA,NA,NA,NA,NA
"1227","Ontario","Canada","Female","Yes",NA,NA,1,NA,NA
"1228","","","Male","No",NA,NA,NA,NA,NA
"1229","British Columbia","Canada","Female","No",NA,NA,NA,NA,NA
"1230","","","Male","Yes",NA,NA,1,NA,NA
"1232","India","India","Male","No",NA,NA,NA,NA,NA
"1233","Ontario","Canada","Male","Yes",NA,NA,NA,1,NA
"1234","Ontario","Canada","Male","Yes",NA,NA,1,NA,NA
"1235","Quebec","Canada","Male","Can't comment (new researcher)",NA,NA,NA,NA,NA
"1236","Illinois","USA","Male","No",NA,NA,NA,NA,NA
"1237","Quebec","Canada","Male","No",NA,NA,NA,NA,NA
"1238","Ontario","Canada","Male","No",NA,NA,NA,NA,NA
"1239","British Columbia","Canada","Male","No",NA,NA,NA,NA,NA
"1240","Alberta","Canada","Female","No",NA,NA,NA,NA,NA
"1241","","","Male","Yes",1,NA,NA,1,1
"1242","Alberta","Canada","Male","No",NA,NA,NA,NA,NA
"1243","","","Male","No",NA,NA,NA,NA,NA
"1244","British Columbia","Canada","Male","Yes",NA,NA,1,NA,NA
"1245","Ethiopia","Ethiopia","Male","No",NA,NA,NA,NA,NA
"1246","","","Male","Yes",1,NA,1,NA,NA
"1247","","","Male","No",NA,NA,NA,NA,NA
"1248","Ontario","Canada","Female","Yes",NA,NA,1,NA,NA
"1249","Italy","Italy","Male","No",NA,NA,NA,NA,NA
"1250","","","Female","No",NA,NA,NA,NA,NA
"1251","Ontario","Canada","Male","No",NA,NA,NA,NA,NA
"1253","Finland","Finland","Male","No",NA,NA,NA,NA,NA
"1254","New Brunswick","Canada","Male","Can't comment (new researcher)",NA,NA,NA,NA,NA
"1255","Serbia","Serbia","Female","Yes",1,NA,NA,NA,NA
"1257","Greece","Greece","Female","Yes",1,NA,NA,1,NA
"1258","Switzerland","Switzerland","Male","No",NA,NA,NA,NA,NA
"1259","Nova Scotia","Canada","Male","Yes",1,1,NA,1,NA
"1260","Newfoundland and Labrador","Canada","Male","Yes",1,NA,1,NA,NA
"1261","France","France","Female","No",NA,NA,NA,NA,NA
"1263","Newfoundland and Labrador","Canada","Male","No",NA,NA,NA,NA,NA
"1264","","","Male","No",NA,NA,NA,NA,NA
"1265","France","France","Female","No",NA,NA,NA,NA,NA
"1266","Ontario","Canada","Male","Yes",1,NA,1,1,NA
"1267","Nova Scotia","Canada","Female","No",NA,NA,NA,NA,NA
"1268","Ontario","Canada","Male","No",NA,NA,NA,NA,NA
"1270","","","Male","No",NA,NA,NA,NA,NA
"1271","","","Male","No",NA,NA,NA,NA,NA
"1272","Newfoundland and Labrador","Canada","Male","Yes",1,1,1,1,NA
"1273","Ontario","Canada","Male","Can't comment (new researcher)",NA,NA,NA,NA,NA
"1274","British Columbia","Canada","Male","Yes",1,NA,NA,NA,NA
"1275","Brazil","Brazil","Male","No",NA,NA,NA,NA,NA
"1276","Nova Scotia","Canada","Male","No",NA,NA,NA,NA,NA
"1277","Newfoundland and Labrador","Canada","Male","No",NA,NA,NA,NA,NA
"1278","","","Male","Yes",NA,NA,1,NA,NA
"1280","Ontario","Canada","Male","Yes",1,NA,1,NA,NA
"1281","Nova Scotia","Canada","Male","No",NA,NA,NA,NA,NA
"1283","Quebec","Canada","Male","Can't comment (new researcher)",NA,NA,NA,NA,NA
"1285","Ontario","Canada","Female","Can't comment (new researcher)",NA,NA,NA,NA,NA
"1286","Ontario","Canada","Female","Can't comment (new researcher)",NA,NA,NA,NA,NA
"1287","Ontario","Canada","Male","Can't comment (new researcher)",NA,NA,NA,NA,NA
"1288","Ontario","Canada","Male","Yes",NA,NA,1,NA,NA
"1289","Ontario","Canada","Female","No",NA,NA,NA,NA,NA
"1290","Ontario","Canada","Female","No",NA,NA,NA,NA,NA
"1291","Uruguay","Uruguay","Female","No",NA,NA,NA,NA,NA
"1292","","","Female","No",NA,NA,NA,NA,NA
"1293","Quebec","Canada","Male","No",NA,NA,NA,NA,NA
"1294","Ontario","Canada","Male","No",NA,NA,NA,NA,NA
"1295","Ontario","Canada","Male","No",NA,NA,NA,NA,NA
"1296","Ontario","Canada","Male","No",NA,NA,NA,NA,NA
"1297","Germany","Germany","Male","Yes",1,1,1,NA,NA
"1298","Alberta","Canada","Male","Yes",NA,NA,1,NA,NA
"1299","Netherlands","Netherlands","Male","Yes",NA,1,NA,NA,NA
"1300","Alberta","Canada","Male","No",NA,NA,NA,NA,NA
"1301","Ontario","Canada","Female","No",NA,NA,NA,NA,NA
"1302","Ontario","Canada","Male","Yes",NA,NA,1,NA,NA
"1303","Alberta","Canada","Female","Yes",1,1,1,NA,NA
"1304","Ontario","Canada","Male","No",NA,NA,NA,NA,NA
"1305","Ontario","Canada","Male","No",NA,NA,NA,NA,NA
"1307","Greece","Greece","Male","Yes",NA,NA,1,NA,NA
"1308","Quebec","Canada","Male","Yes",NA,NA,1,NA,NA
"1309","Ontario","Canada","Male","No",NA,NA,NA,NA,NA
"1310","Quebec","Canada","Female","Can't comment (new researcher)",NA,NA,NA,NA,NA
"1311","Ontario","Canada","Male","No",NA,NA,NA,NA,NA
"1312","Ontario","Canada","Male","Yes",1,1,1,NA,NA
"1313","Ontario","Canada","Female","No",NA,NA,NA,NA,NA
"1314","Ontario","Canada","Female","Yes",NA,NA,1,NA,NA
"1317","Ontario","Canada","Male","No",NA,NA,NA,NA,NA
"1318","Ontario","Canada","Female","No",NA,NA,NA,NA,NA
"1319","Quebec","Canada","Male","Can't comment (new researcher)",NA,NA,NA,NA,NA
"1320","Newfoundland and Labrador","Canada","Male","No",NA,NA,NA,NA,NA
"1321","Ontario","Canada","Male","No",NA,NA,NA,NA,NA
"1323","New Brunswick","Canada","Male","Yes",1,NA,NA,NA,NA
"1324","Ontario","Canada","Male","Yes",NA,NA,1,NA,NA
"1325","","","Male","No",NA,NA,NA,NA,NA
"1326","Ontario","Canada","Male","Yes",NA,NA,1,NA,NA
"1327","","","Male","Yes",1,1,1,1,NA
"1329","United Kingdom","United Kingdom","Male","Yes",1,NA,1,NA,NA
"1330","Ontario","Canada","Male","No",NA,NA,NA,NA,NA
"1331","Nova Scotia","Canada","Male","No",NA,NA,NA,NA,NA
"1332","Ontario","Canada","Male","No",NA,NA,NA,NA,NA
"1334","Ontario","Canada","Male","Can't comment (new researcher)",NA,NA,NA,NA,NA
"1335","British Columbia","Canada","Female","Can't comment (new researcher)",NA,NA,NA,NA,NA
"1337","British Columbia","Canada","Female","Yes",1,NA,NA,NA,NA
"1339","Ontario","Canada","Male","Yes",NA,1,1,1,NA
"1340","Ontario","Canada","Male","Yes",NA,NA,1,NA,NA
"1341","Alberta","Canada","Male","Yes",1,1,1,NA,NA
"1342","Ontario","Canada","Female","No",NA,NA,NA,NA,NA
"1343","Quebec","Canada","Male","Yes",1,NA,1,1,NA
"1345","Alberta","Canada","Male","No",NA,NA,NA,NA,NA
"1346","Ontario","Canada","Male","No",NA,NA,NA,NA,NA
"1347","Ontario","Canada","Male","Yes",NA,1,1,NA,NA
"1348","Ontario","Canada","Male","No",NA,NA,NA,NA,NA
"1349","Quebec","Canada","Female","Can't comment (new researcher)",NA,NA,NA,NA,NA
"1350","Quebec","Canada","Male","Yes",1,1,1,1,NA
"1351","Newfoundland and Labrador","Canada","Male","Yes",NA,NA,1,NA,NA
"1352","Manitoba","Canada","Male","No",NA,NA,NA,NA,NA
"1354","Ontario","Canada","Male","No",NA,NA,NA,NA,NA
"1355","Ontario","Canada","Male","Can't comment (new researcher)",NA,NA,NA,NA,NA
"1356","Ontario","Canada","Female","Yes",NA,NA,1,NA,NA
"1357","","","Male","Yes",NA,NA,1,NA,NA
"1358","Ontario","Canada","Male","No",NA,NA,NA,NA,NA
"1359","Ontario","Canada","Male","Can't comment (new researcher)",NA,NA,NA,NA,NA
"1360","Ontario","Canada","Female","Can't comment (new researcher)",NA,NA,NA,NA,NA
"1361","Nova Scotia","Canada","Female","Yes",1,NA,1,NA,NA
"1363","Alberta","Canada","Male","No",NA,NA,NA,NA,NA
"1364","Brazil","Brazil","Male","Can't comment (new researcher)",NA,NA,NA,NA,NA
"1365","British Columbia","Canada","Male","No",NA,NA,NA,NA,NA
"1366","British Columbia","Canada","Male","Yes",NA,NA,1,NA,NA
"1367","Nova Scotia","Canada","Female","Can't comment (new researcher)",NA,NA,NA,NA,NA
"1368","Ontario","Canada","Male","No",NA,NA,NA,NA,NA
"1370","","","Female","Can't comment (new researcher)",NA,NA,NA,NA,NA
"1371","Ontario","Canada","Male","Yes",1,NA,NA,NA,NA
"1372","Ontario","Canada","Male","Can't comment (new researcher)",NA,NA,NA,NA,NA
"1373","Newfoundland and Labrador","Canada","Male","No",NA,NA,NA,NA,NA
"1375","","","Male","Yes",1,NA,NA,1,NA
"1378","Ontario","Canada","Male","Yes",1,NA,1,NA,NA
"1379","Ontario","Canada","Female","Can't comment (new researcher)",NA,NA,NA,NA,NA
"1380","Quebec","Canada","Male","Can't comment (new researcher)",NA,NA,NA,NA,NA
"1381","Ontario","Canada","Male","Yes",1,NA,NA,NA,NA
"1382","Ontario","Canada","Male","No",NA,NA,NA,NA,NA
"1383","","","Male","Yes",NA,NA,1,1,NA
"1385","Ontario","Canada","Male","Yes",1,1,1,NA,NA
"1387","Uruguay","Uruguay","Male","No",NA,NA,NA,NA,NA
"1391","Alberta","Canada","Male","Yes",NA,NA,NA,NA,1
"1394","British Columbia","Canada","Female","Yes",NA,NA,1,NA,NA
"1395","New Hampshire","USA","Female","Can't comment (new researcher)",NA,NA,NA,NA,NA
"1396","Ontario","Canada","Male","No",NA,NA,NA,NA,NA
"1397","","","Male","Yes",NA,NA,1,NA,NA
"1398","British Columbia","Canada","Male","No",NA,NA,NA,NA,NA
"1399","Ontario","Canada","Female","No",NA,NA,NA,NA,NA
"1400","Ontario","Canada","Male","No",NA,NA,NA,NA,NA
"1401","Ontario","Canada","Male","No",NA,NA,NA,NA,NA
"1402","Ontario","Canada","Male","Yes",1,1,1,NA,NA
"1403","Ontario","Canada","Male","No",NA,NA,NA,NA,NA
"1404","Quebec","Canada","Female","No",NA,NA,NA,NA,NA
"1405","British Columbia","Canada","Male","Yes",1,1,1,NA,NA
"1406","Germany","Germany","Male","Yes",NA,NA,1,NA,NA
"1407","Germany","Germany","Male","No",NA,NA,NA,NA,NA
"1408","Spain","Spain","Male","Yes",1,1,NA,NA,NA
"1409","United Kingdom","United Kingdom","Male","No",NA,NA,NA,NA,NA
"1410","Germany","Germany","Male","Yes",NA,1,1,NA,NA
"1411","","","Female","Yes",NA,NA,1,NA,NA
"1412","Italy","Italy","Male","No",NA,NA,NA,NA,NA
"1413","United Kingdom","United Kingdom","Male","No",NA,NA,NA,NA,NA
"1414","Nova Scotia","Canada","Male","Yes",NA,NA,1,NA,NA
"1416","Maine","USA","Male","Yes",NA,1,NA,NA,NA
"1417","Ontario","Canada","Male","Yes",1,NA,NA,NA,NA
"1418","","","Male","No",NA,NA,NA,NA,NA
"1419","Ontario","Canada","Female","Yes",NA,NA,1,NA,NA
"1421","Germany","Germany","Male","No",NA,NA,NA,NA,NA
"1422","Ontario","Canada","Female","Yes",NA,NA,1,NA,NA
"1424","Switzerland","Switzerland","Female","No",NA,NA,NA,NA,NA
"1425","Quebec","Canada","Male","No",NA,NA,NA,NA,NA
"1426","Ontario","Canada","Male","Yes",NA,NA,1,NA,NA
"1427","Nova Scotia","Canada","Female","Yes",1,NA,NA,NA,NA
"1429","Manitoba","Canada","Female","Yes",NA,NA,1,NA,NA
"1430","Manitoba","Canada","Male","No",NA,NA,NA,NA,NA
"1431","Quebec","Canada","Male","Yes",NA,NA,1,NA,NA
"1432","Manitoba","Canada","Female","No",NA,NA,NA,NA,NA
"1434","United Kingdom","United Kingdom","Female","No",NA,NA,NA,NA,NA
"1435","Nova Scotia","Canada","Female","Yes",1,NA,1,1,NA
"1437","Quebec","Canada","Male","Can't comment (new researcher)",NA,NA,NA,NA,NA
"1438","Quebec","Canada","Female","Yes",NA,NA,1,NA,NA
"1439","Manitoba","Canada","Male","Can't comment (new researcher)",NA,NA,NA,NA,NA
"1440","Quebec","Canada","Male","Yes",NA,NA,1,NA,1
"1441","Ontario","Canada","Male","No",NA,NA,NA,NA,NA
"1442","Quebec","Canada","Female","No",NA,NA,NA,NA,NA
"1443","Ontario","Canada","Male","Yes",NA,NA,1,NA,NA
"1444","Quebec","Canada","Female","Can't comment (new researcher)",NA,NA,NA,NA,NA
"1445","","","Male","No",NA,NA,NA,NA,NA
"1446","Spain","Spain","Male","Yes",NA,NA,1,NA,NA
"1447","Nova Scotia","Canada","Male","No",NA,NA,NA,NA,NA
"1448","New Brunswick","Canada","Male","Can't comment (new researcher)",NA,NA,NA,NA,NA
"1450","Ontario","Canada","Male","Yes",NA,1,NA,NA,NA
"1451","New Brunswick","Canada","Male","Yes",1,1,1,NA,NA
"1452","New Brunswick","Canada","Male","No",NA,NA,NA,NA,NA
"1453","Quebec","Canada","Male","No",NA,NA,NA,NA,NA
"1454","Nunavut","Canada","Female","Yes",NA,NA,1,NA,NA
"1455","Nova Scotia","Canada","Male","No",NA,NA,NA,NA,NA
"1456","Quebec","Canada","Male","Yes",NA,NA,1,NA,1
"1457","Quebec","Canada","Male","No",NA,NA,NA,NA,NA
"1458","Nova Scotia","Canada","Male","Yes",NA,1,NA,NA,NA
"1459","Quebec","Canada","Male","No",NA,NA,NA,NA,NA
"1460","Quebec","Canada","Male","No",NA,NA,NA,NA,NA
"1461","Ontario","Canada","Male","No",NA,NA,NA,NA,NA
"1462","Ontario","Canada","Male","Yes",NA,NA,1,NA,NA
"1463","Ontario","Canada","Female","Can't comment (new researcher)",NA,NA,NA,NA,NA
"1464","Ontario","Canada","Male","No",NA,NA,NA,NA,NA
"1465","New Brunswick","Canada","Male","Yes",1,1,1,NA,NA
"1466","Quebec","Canada","Female","Can't comment (new researcher)",NA,NA,NA,NA,NA
"1467","Ontario","Canada","Male","Yes",NA,NA,1,NA,NA
"1468","Ontario","Canada","Male","No",NA,NA,NA,NA,NA
"1470","Quebec","Canada","Female","No",NA,NA,NA,NA,NA
"1471","France","France","Male","No",NA,NA,NA,NA,NA
"1472","New Brunswick","Canada","Male","No",NA,NA,NA,NA,NA
"1473","Quebec","Canada","Male","Yes",NA,1,1,1,NA
"1474","Quebec","Canada","Male","Yes",NA,NA,NA,1,NA
"1476","Quebec","Canada","Male","No",NA,NA,NA,NA,NA
"1477","Ontario","Canada","Male","No",NA,NA,NA,NA,NA
"1478","","","Female","No",NA,NA,NA,NA,NA
"1479","Quebec","Canada","Female","Yes",NA,NA,1,NA,NA
"1480","Chile","Chile","Male","Can't comment (new researcher)",NA,NA,NA,NA,NA
"1481","New Brunswick","Canada","Male","No",NA,NA,NA,NA,NA
"1482","Quebec","Canada","Male","Can't comment (new researcher)",NA,NA,NA,NA,NA
"1483","Ontario","Canada","Male","No",NA,NA,NA,NA,NA
"1485","British Columbia","Canada","Male","Yes",NA,1,1,NA,1
"1486","Quebec","Canada","Female","No",NA,NA,NA,NA,NA
"1487","Quebec","Canada","Male","Yes",1,NA,1,1,NA
"1488","Quebec","Canada","Female","No",NA,NA,NA,NA,NA
"1489","Saskatchewan","Canada","Female","Yes",1,NA,1,1,NA
"1490","Quebec","Canada","Male","Can't comment (new researcher)",NA,NA,NA,NA,NA
"1491","Quebec","Canada","Female","No",NA,NA,NA,NA,NA
"1493","Quebec","Canada","Female","No",NA,NA,NA,NA,NA
"1496","Quebec","Canada","Male","No",NA,NA,NA,NA,NA
"1497","Quebec","Canada","Male","Yes",NA,NA,1,NA,NA
"1498","Quebec","Canada","Male","No",NA,NA,NA,NA,NA
"1499","","","Female","No",NA,NA,NA,NA,NA
"1500","Alberta","Canada","Male","No",NA,NA,NA,NA,NA
"1501","Quebec","Canada","Male","Yes",NA,NA,1,NA,NA
"1502","Ontario","Canada","Male","No",NA,NA,NA,NA,NA
"1503","New Brunswick","Canada","Female","No",NA,NA,NA,NA,NA
"1504","Ontario","Canada","Male","Yes",1,1,1,1,NA
"1505","Ontario","Canada","Male","No",NA,NA,NA,NA,NA
"1508","Ontario","Canada","Female","No",NA,NA,NA,NA,NA
"1509","Massachusetts","USA","Male","Yes",1,NA,1,NA,NA
"1510","Ontario","Canada","Male","Yes",1,NA,1,NA,NA
"1511","Quebec","Canada","Male","No",NA,NA,NA,NA,NA
"1513","Ontario","Canada","Male","No",NA,NA,NA,NA,NA
"1514","Ontario","Canada","Female","No",NA,NA,NA,NA,NA
"1515","Ontario","Canada","Male","No",NA,NA,NA,NA,NA
"1516","Ontario","Canada","Female","No",NA,NA,NA,NA,NA
"1518","Quebec","Canada","Male","No",NA,NA,NA,NA,NA
"1519","Nova Scotia","Canada","Male","Can't comment (new researcher)",NA,NA,NA,NA,NA
"1520","New Brunswick","Canada","Male","No",NA,NA,NA,NA,NA
"1521","Ontario","Canada","Male","No",NA,NA,NA,NA,NA
"1523","Nova Scotia","Canada","Male","No",NA,NA,NA,NA,NA
"1526","Nova Scotia","Canada","Male","No",NA,NA,NA,NA,NA
"1527","Ontario","Canada","Male","No",NA,NA,NA,NA,NA
"1528","Nova Scotia","Canada","Male","Yes",1,NA,NA,NA,NA
"1531","Ontario","Canada","Female","Yes",NA,NA,1,NA,NA
"1532","Saskatchewan","Canada","Male","Yes",NA,1,1,NA,NA
"1533","Quebec","Canada","Female","Yes",1,1,1,NA,NA
"1534","Quebec","Canada","Female","Yes",1,NA,1,NA,NA
"1535","Poland","Poland","Male","Yes",NA,NA,1,NA,NA
"1536","Newfoundland and Labrador","Canada","Male","No",NA,NA,NA,NA,NA
"1537","Quebec","Canada","Male","Yes",NA,NA,1,NA,NA
"1538","New Brunswick","Canada","Male","No",NA,NA,NA,NA,NA
"1539","Nova Scotia","Canada","Male","No",NA,NA,NA,NA,NA
"1540","New Brunswick","Canada","Other","Yes",1,1,1,1,NA
"1541","New Brunswick","Canada","Male","Yes",NA,NA,1,NA,NA
"1542","Quebec","Canada","Male","Yes",NA,NA,1,NA,NA
"1543","Ontario","Canada","Male","No",NA,NA,NA,NA,NA
"1544","France","France","Male","No",NA,NA,NA,NA,NA
"1545","Quebec","Canada","Male","No",NA,NA,NA,NA,NA
"1546","Quebec","Canada","Male","No",NA,NA,NA,NA,NA
"1547","Quebec","Canada","Male","No",NA,NA,NA,NA,NA
"1548","Quebec","Canada","Male","No",NA,NA,NA,NA,NA
"1550","Quebec","Canada","Male","Yes",NA,NA,1,NA,NA
"1551","Tanzania","Tanzania","Male","Yes",NA,NA,NA,NA,1
"1553","Nova Scotia","Canada","Male","Yes",1,1,NA,1,NA
"1555","","","Male","No",NA,NA,NA,NA,NA
"1556","Quebec","Canada","Male","Yes",1,1,1,NA,NA
"1557","British Columbia","Canada","Male","Yes",1,NA,1,NA,NA
"1558","Quebec","Canada","Male","No",NA,NA,NA,NA,NA
"1559","British Columbia","Canada","Male","No",NA,NA,NA,NA,NA
"1560","Quebec","Canada","Female","Yes",1,NA,NA,NA,NA
"1561","Quebec","Canada","Male","No",NA,NA,NA,NA,NA
"1562","Quebec","Canada","Female","No",NA,NA,NA,NA,NA
"1563","Quebec","Canada","Male","No",NA,NA,NA,NA,NA
"1564","Ontario","Canada","Male","Yes",NA,NA,1,NA,NA
"1565","British Columbia","Canada","Female","No",NA,NA,NA,NA,NA
"1566","Ontario","Canada","Male","Can't comment (new researcher)",NA,NA,NA,NA,NA
"1568","Quebec","Canada","Female","No",NA,NA,NA,NA,NA
"1570","France","France","Male","No",NA,NA,NA,NA,NA
"1571","New Brunswick","Canada","Male","Can't comment (new researcher)",NA,NA,NA,NA,NA
"1572","Ontario","Canada","Male","No",NA,NA,NA,NA,NA
"1574","British Columbia","Canada","Male","Yes",1,NA,1,NA,NA
"1575","Ontario","Canada","Male","No",NA,NA,NA,NA,NA
"1576","Ontario","Canada","Male","Yes",NA,NA,1,NA,NA
"1577","Quebec","Canada","Male","Yes",NA,NA,1,NA,NA
"1578","Quebec","Canada","Male","No",NA,NA,NA,NA,NA
"1579","Germany","Germany","Male","Yes",NA,NA,1,NA,NA
"1580","Quebec","Canada","Female","Can't comment (new researcher)",NA,NA,NA,NA,NA
"1581","Italy","Italy","Female","Yes",NA,NA,1,NA,NA
"1583","Quebec","Canada","Male","No",NA,NA,NA,NA,NA
"1584","Quebec","Canada","Male","No",NA,NA,NA,NA,NA
"1587","","","Male","Yes",NA,NA,NA,NA,1
"1588","Quebec","Canada","Male","Yes",1,NA,NA,NA,NA
"1589","Ontario","Canada","Male","Yes",NA,NA,1,NA,NA
"1590","Nova Scotia","Canada","Male","Yes",NA,NA,1,NA,NA
"1592","Ontario","Canada","Male","Yes",1,1,NA,NA,NA
"1593","Newfoundland and Labrador","Canada","Male","No",NA,NA,NA,NA,NA
"1594","California","USA","Male","Yes",NA,NA,1,NA,NA
"1596","Quebec","Canada","Male","Can't comment (new researcher)",NA,NA,NA,NA,NA
"1597","Saskatchewan","Canada","Male","No",NA,NA,NA,NA,NA
"1598","Quebec","Canada","Male","No",NA,NA,NA,NA,NA
"1600","Ontario","Canada","Female","Can't comment (new researcher)",NA,NA,NA,NA,NA
"1601","Quebec","Canada","Male","No",NA,NA,NA,NA,NA
"1602","Quebec","Canada","Male","No",NA,NA,NA,NA,NA
"1603","Ontario","Canada","Male","Yes",NA,NA,1,NA,NA
"1604","Ontario","Canada","Female","Yes",NA,NA,1,NA,NA
"1606","Ontario","Canada","Male","Can't comment (new researcher)",NA,NA,NA,NA,NA
"1607","Quebec","Canada","Male","No",NA,NA,NA,NA,NA
"1608","Quebec","Canada","Female","No",NA,NA,NA,NA,NA
"1609","Quebec","Canada","Male","No",NA,NA,NA,NA,NA
"1610","Quebec","Canada","Male","No",NA,NA,NA,NA,NA
"1611","Quebec","Canada","Male","No",NA,NA,NA,NA,NA
"1612","Nova Scotia","Canada","Female","Yes",1,NA,1,NA,NA
"1613","North Carolina","USA","Male","No",NA,NA,NA,NA,NA
"1615","Ontario","Canada","Male","No",NA,NA,NA,NA,NA
"1617","New Jersey","USA","Female","No",NA,NA,NA,NA,NA
"1618","Ontario","Canada","Female","Yes",NA,NA,1,NA,NA
"1619","Ontario","Canada","Male","No",NA,NA,NA,NA,NA
"1620","Ontario","Canada","Male","No",NA,NA,NA,NA,NA
"1621","Nova Scotia","Canada","Male","Yes",NA,1,NA,NA,NA
"1622","Ontario","Canada","Male","Can't comment (new researcher)",NA,NA,NA,NA,NA
"1624","Ontario","Canada","Female","Yes",1,NA,1,NA,NA
"1625","Quebec","Canada","Male","Can't comment (new researcher)",NA,NA,NA,NA,NA
"1626","Quebec","Canada","","No",NA,NA,NA,NA,NA
"1627","New Mexico","USA","Female","Yes",1,NA,1,NA,NA
"1628","New Brunswick","Canada","Male","Yes",NA,1,1,1,NA
"1630","Quebec","Canada","Male","Yes",1,NA,1,NA,NA
"1631","Quebec","Canada","Male","Can't comment (new researcher)",NA,NA,NA,NA,NA
"1632","","","Male","Yes",1,NA,NA,NA,NA
"1633","Ontario","Canada","Female","Yes",NA,NA,1,NA,NA
"1634","Switzerland","Switzerland","Male","Yes",NA,NA,NA,NA,1
"1635","Quebec","Canada","Male","No",NA,NA,NA,NA,NA
"1639","Quebec","Canada","Male","No",NA,NA,NA,NA,NA
"1640","Ontario","Canada","Male","Yes",NA,NA,1,NA,NA
"1642","Quebec","Canada","Male","No",NA,NA,NA,NA,NA
"1643","Ontario","Canada","Male","Yes",NA,NA,1,NA,NA
"1644","Germany","Germany","Male","No",NA,NA,NA,NA,NA
"1646","","","Female","Yes",1,NA,1,1,NA
"1647","Ontario","Canada","Other","Yes",NA,1,1,NA,NA
"1648","Sweden","Sweden","Female","Yes",1,1,NA,NA,NA
"1650","Denmark","Denmark","Male","Yes",NA,NA,1,NA,NA
"1652","France","France","Male","No",NA,NA,NA,NA,NA
"1653","Quebec","Canada","Male","No",NA,NA,NA,NA,NA
"1654","Ontario","Canada","Male","No",NA,NA,NA,NA,NA
"1656","Quebec","Canada","Male","No",NA,NA,NA,NA,NA
"1658","Quebec","Canada","Male","No",NA,NA,NA,NA,NA
"1659","Quebec","Canada","Male","No",NA,NA,NA,NA,NA
"1660","New Brunswick","Canada","Male","No",NA,NA,NA,NA,NA
"1661","Nova Scotia","Canada","Female","No",NA,NA,NA,NA,NA
"1662","Quebec","Canada","Male","Yes",NA,NA,1,NA,NA
"1663","New Brunswick","Canada","Female","No",NA,NA,NA,NA,NA
"1664","Ontario","Canada","Male","No",NA,NA,NA,NA,NA
"1665","Ontario","Canada","Female","No",NA,NA,NA,NA,NA
"1666","British Columbia","Canada","Female","Yes",NA,NA,1,NA,NA
"1667","Quebec","Canada","Male","No",NA,NA,NA,NA,NA
"1668","Quebec","Canada","Male","No",NA,NA,NA,NA,NA
"1670","New Brunswick","Canada","Male","No",NA,NA,NA,NA,NA
"1671","Nova Scotia","Canada","Female","No",NA,NA,NA,NA,NA
"1673","Quebec","Canada","Female","No",NA,NA,NA,NA,NA
"1674","Quebec","Canada","Male","No",NA,NA,NA,NA,NA
"1675","Ontario","Canada","Male","Yes",NA,NA,1,NA,NA
"1676","Nebraska","USA","Male","No",NA,NA,NA,NA,NA
"1677","Quebec","Canada","Male","No",NA,NA,NA,NA,NA
"1679","Quebec","Canada","Male","Yes",NA,NA,1,NA,NA
"1680","Ontario","Canada","Male","Yes",NA,NA,1,NA,NA
"1681","California","USA","Male","Can't comment (new researcher)",NA,NA,NA,NA,NA
"1683","Nova Scotia","Canada","Male","Yes",NA,NA,1,NA,NA
"1684","Manitoba","Canada","Male","No",NA,NA,NA,NA,NA
"1685","Quebec","Canada","Female","No",NA,NA,NA,NA,NA
"1686","Brazil","Brazil","Male","Yes",NA,NA,NA,1,NA
"1688","Quebec","Canada","Male","No",NA,NA,NA,NA,NA
"1689","Ontario","Canada","Female","No",NA,NA,NA,NA,NA
"1690","Greece","Greece","Male","Yes",NA,NA,1,NA,NA
"1691","Manitoba","Canada","Female","No",NA,NA,NA,NA,NA
"1692","Quebec","Canada","Female","No",NA,NA,NA,NA,NA
"1695","Ontario","Canada","Male","Can't comment (new researcher)",NA,NA,NA,NA,NA
"1696","Ontario","Canada","Male","No",NA,NA,NA,NA,NA
"1697","Ontario","Canada","Female","Yes",1,NA,1,NA,NA
"1698","France","France","Male","Yes",1,NA,NA,NA,NA
"1699","Alberta","Canada","Male","No",NA,NA,NA,NA,NA
"1700","British Columbia","Canada","Male","No",NA,NA,NA,NA,NA
"1701","Quebec","Canada","Male","No",NA,NA,NA,NA,NA
"1703","Manitoba","Canada","Male","No",NA,NA,NA,NA,NA
"1704","Alberta","Canada","Male","No",NA,NA,NA,NA,NA
"1705","Ontario","Canada","Female","No",NA,NA,NA,NA,NA
"1706","","","Female","No",NA,NA,NA,NA,NA
"1707","","","Female","No",NA,NA,NA,NA,NA
"1708","Ontario","Canada","Male","Yes",NA,NA,1,1,NA
"1709","Denmark","Denmark","Male","Yes",1,1,1,NA,NA
"1710","United Kingdom","United Kingdom","Female","No",NA,NA,NA,NA,NA
"1711","Newfoundland and Labrador","Canada","Male","No",NA,NA,NA,NA,NA
"1712","","","Male","Yes",NA,NA,1,NA,NA
"1713","","","Male","Can't comment (new researcher)",NA,NA,NA,NA,NA
"1714","Alberta","Canada","Male","No",NA,NA,NA,NA,NA
"1715","Quebec","Canada","Male","No",NA,NA,NA,NA,NA
"1716","Nova Scotia","Canada","Male","Yes",1,1,1,NA,NA
"1717","Quebec","Canada","Male","Can't comment (new researcher)",NA,NA,NA,NA,NA
"1719","Ontario","Canada","Male","Yes",NA,NA,1,NA,NA
"1720","British Columbia","Canada","Male","Yes",1,NA,1,NA,NA
"1721","Newfoundland and Labrador","Canada","Male","Yes",1,NA,1,NA,NA
"1723","British Columbia","Canada","Male","No",NA,NA,NA,NA,NA
"1724","United Kingdom","United Kingdom","Male","No",NA,NA,NA,NA,NA
"1725","","","Male","No",NA,NA,NA,NA,NA
"1726","Quebec","Canada","Female","Yes",NA,NA,1,NA,NA
"1727","Quebec","Canada","Male","No",NA,NA,NA,NA,NA
"1728","","","Male","No",NA,NA,NA,NA,NA
"1729","","","Male","No",NA,NA,NA,NA,NA
"1731","British Columbia","Canada","Female","Yes",1,NA,NA,NA,1
"1732","Nova Scotia","Canada","Female","Can't comment (new researcher)",NA,NA,NA,NA,NA
"1733","Ontario","Canada","Female","Yes",NA,NA,1,NA,NA
"1734","Ontario","Canada","Male","Yes",1,1,1,1,NA
"1735","British Columbia","Canada","Female","Yes",NA,NA,1,NA,NA
"1736","Germany","Germany","Male","Yes",1,NA,1,NA,NA
"1737","Cameroon","Cameroon","Male","Yes",1,1,1,1,NA
"1739","Saskatchewan","Canada","Male","Can't comment (new researcher)",NA,NA,NA,NA,NA
"1740","","","Female","Yes",NA,NA,1,NA,NA
"1742","Quebec","Canada","Male","No",NA,NA,NA,NA,NA
"1743","Ontario","Canada","Female","No",NA,NA,NA,NA,NA
"1744","Quebec","Canada","Male","No",NA,NA,NA,NA,NA
"1746","Netherlands","Netherlands","Male","Yes",NA,NA,1,NA,NA
"1748","Quebec","Canada","Male","No",NA,NA,NA,NA,NA
"1749","","","Male","No",NA,NA,NA,NA,NA
"1751","Alberta","Canada","Male","Yes",1,NA,1,NA,NA
"1752","Ontario","Canada","Male","Yes",NA,NA,1,NA,NA
"1754","Ontario","Canada","Male","Yes",NA,NA,1,NA,NA
"1755","Ontario","Canada","Male","No",NA,NA,NA,NA,NA
"1756","Quebec","Canada","Female","Can't comment (new researcher)",NA,NA,NA,NA,NA
"1757","British Columbia","Canada","Male","Yes",NA,NA,1,NA,NA
"1758","Alberta","Canada","Male","Yes",1,NA,1,NA,NA
"1759","Quebec","Canada","","Yes",1,1,1,1,NA
"1760","Ontario","Canada","Female","No",NA,NA,NA,NA,NA
"1762","Saskatchewan","Canada","Male","No",NA,NA,NA,NA,NA
"1763","Chile","Chile","Male","Yes",1,1,NA,NA,1
"1764","New Brunswick","Canada","Male","Yes",1,1,1,NA,NA
"1767","Ontario","Canada","Male","No",NA,NA,NA,NA,NA
"1768","Quebec","Canada","Male","No",NA,NA,NA,NA,NA
"1769","Ontario","Canada","Male","No",NA,NA,NA,NA,NA
"1770","Ontario","Canada","","Yes",1,1,1,1,NA
"1771","Ontario","Canada","Male","Yes",1,NA,1,NA,NA
"1772","Ontario","Canada","Male","Can't comment (new researcher)",NA,NA,NA,NA,NA
"1773","Quebec","Canada","Female","No",NA,NA,NA,NA,NA
"1775","Ontario","Canada","Male","No",NA,NA,NA,NA,NA
"1776","Alberta","Canada","Male","Can't comment (new researcher)",NA,NA,NA,NA,NA
"1777","","","Male","Yes",1,NA,1,NA,NA
"1779","Australia","Australia","Male","No",NA,NA,NA,NA,NA
"1780","Ontario","Canada","Male","No",NA,NA,NA,NA,NA
"1781","Quebec","Canada","Male","Can't comment (new researcher)",NA,NA,NA,NA,NA
"1782","Austria","Austria","Male","No",NA,NA,NA,NA,NA
"1783","France","France","Male","Yes",1,NA,1,1,NA
"1786","Ontario","Canada","Male","No",NA,NA,NA,NA,NA
"1788","New York","USA","","No",NA,NA,NA,NA,NA
"1789","Israel","Israel","Female","No",NA,NA,NA,NA,NA
"1790","Israel","Israel","Female","No",NA,NA,NA,NA,NA
"1793","Israel","Israel","Male","Yes",1,NA,NA,NA,NA
"1795","Israel","Israel","Male","No",NA,NA,NA,NA,NA
"1797","Israel","Israel","Male","Yes",NA,NA,NA,NA,1
"1798","Israel","Israel","Other","Yes",NA,NA,1,NA,NA
"1801","","","Male","Yes",1,1,NA,1,NA
"1802","Israel","Israel","Female","Can't comment (new researcher)",NA,NA,NA,NA,NA
"1804","Israel","Israel","Male","No",NA,NA,NA,NA,NA
"1807","Israel","Israel","Male","No",NA,NA,NA,NA,NA
"1808","Israel","Israel","Male","No",NA,NA,NA,NA,NA
"1809","Israel","Israel","Male","No",NA,NA,NA,NA,NA
"1810","Israel","Israel","Male","No",NA,NA,NA,NA,NA
"1811","Israel","Israel","Female","Yes",1,NA,NA,NA,NA
"1812","Israel","Israel","Male","No",NA,NA,NA,NA,NA
"1813","Israel","Israel","Female","Yes",1,1,NA,NA,NA
"1814","New York","USA","Male","No",NA,NA,NA,NA,NA
"1817","","","Male","No",NA,NA,NA,NA,NA
"1818","Israel","Israel","Male","Yes",NA,NA,NA,NA,1
"1819","Ontario","Canada","Female","Yes",NA,NA,1,NA,NA
"1820","Switzerland","Switzerland","Male","No",NA,NA,NA,NA,NA
"1822","Israel","Israel","Male","No",NA,NA,NA,NA,NA
"1824","Ontario","Canada","Male","Can't comment (new researcher)",NA,NA,NA,NA,NA
"1825","British Columbia","Canada","Female","No",NA,NA,NA,NA,NA
"1826","Ontario","Canada","Female","No",NA,NA,NA,NA,NA
"1829","","","Female","No",NA,NA,NA,NA,NA
"1830","Quebec","Canada","Male","No",NA,NA,NA,NA,NA
"1831","Nova Scotia","Canada","Male","Yes",1,NA,NA,NA,NA
"1832","Texas","USA","Male","No",NA,NA,NA,NA,NA
"1833","Israel","Israel","Male","Yes",1,NA,NA,NA,NA
"1834","","","Female","Yes",NA,1,NA,NA,NA
"1835","Manitoba","Canada","Male","No",NA,NA,NA,NA,NA
"1836","Israel","Israel","Female","No",NA,NA,NA,NA,NA
"1837","Israel","Israel","Male","No",NA,NA,NA,NA,NA
"1838","Israel","Israel","Male","Yes",NA,NA,NA,1,NA
"1839","","","Male","Yes",1,NA,1,NA,NA
"1840","Nova Scotia","Canada","Female","Can't comment (new researcher)",NA,NA,NA,NA,NA
"1841","Israel","Israel","Male","No",NA,NA,NA,NA,NA
"1842","Ontario","Canada","Female","Yes",NA,NA,1,1,NA
"1843","Ontario","Canada","Male","Yes",1,NA,1,NA,NA
"1844","Nova Scotia","Canada","Male","Yes",NA,NA,1,NA,NA
"1845","Quebec","Canada","Male","No",NA,NA,NA,NA,NA
"1846","Nova Scotia","Canada","Male","Yes",NA,NA,1,NA,NA
"1847","Alberta","Canada","Male","No",NA,NA,NA,NA,NA
"1848","Nova Scotia","Canada","Male","No",NA,NA,NA,NA,NA
"1850","Ontario","Canada","Male","No",NA,NA,NA,NA,NA
"1851","New Brunswick","Canada","Female","Yes",NA,1,1,NA,NA
"1853","Ontario","Canada","Male","Can't comment (new researcher)",NA,NA,NA,NA,NA
"1854","Alberta","Canada","Male","No",NA,NA,NA,NA,NA
"1855","Israel","Israel","Male","No",NA,NA,NA,NA,NA
"1856","Ontario","Canada","Male","Yes",1,1,NA,1,NA
"1857","Ontario","Canada","Male","Yes",NA,NA,1,NA,NA
"1858","Israel","Israel","Female","Yes",NA,1,NA,NA,NA
"1861","Ontario","Canada","Male","No",NA,NA,NA,NA,NA
"1862","British Columbia","Canada","Male","No",NA,NA,NA,NA,NA
"1863","Nova Scotia","Canada","Male","Yes",NA,NA,1,NA,NA
"1864","Saskatchewan","Canada","Male","No",NA,NA,NA,NA,NA
"1865","Ontario","Canada","Female","Yes",NA,1,NA,NA,NA
"1866","Ontario","Canada","Male","Yes",NA,NA,1,NA,NA
"1867","","","Male","No",NA,NA,NA,NA,NA
"1868","Ontario","Canada","Male","No",NA,NA,NA,NA,NA
"1869","Ontario","Canada","Other","Yes",1,1,NA,NA,NA
"1870","Quebec","Canada","Male","No",NA,NA,NA,NA,NA
"1873","Ontario","Canada","Male","Yes",1,1,1,1,NA
"1874","British Columbia","Canada","Male","Yes",NA,NA,1,NA,NA
"1875","Ontario","Canada","Female","Yes",1,NA,1,NA,NA
"1876","Manitoba","Canada","Male","No",NA,NA,NA,NA,NA
"1877","","","Male","No",NA,NA,NA,NA,NA
"1878","Nova Scotia","Canada","Male","No",NA,NA,NA,NA,NA
"1879","Ontario","Canada","Male","Yes",1,NA,1,NA,NA
"1881","Quebec","Canada","Male","No",NA,NA,NA,NA,NA
"1882","","","Male","Yes",NA,NA,NA,1,NA
"1885","Ontario","Canada","Male","Can't comment (new researcher)",NA,NA,NA,NA,NA
"1886","Ontario","Canada","Female","Yes",NA,NA,1,NA,NA
"1888","Ontario","Canada","Male","No",NA,NA,NA,NA,NA
"1889","Manitoba","Canada","Male","Yes",1,1,NA,NA,NA
"1890","","","Female","No",NA,NA,NA,NA,NA
"1891","Ontario","Canada","Male","No",NA,NA,NA,NA,NA
"1892","Nova Scotia","Canada","Male","No",NA,NA,NA,NA,NA
"1894","Prince Edward Island","Canada","Female","No",NA,NA,NA,NA,NA
"1895","Alberta","Canada","Male","Can't comment (new researcher)",NA,NA,NA,NA,NA
"1896","Quebec","Canada","Male","No",NA,NA,NA,NA,NA
"1897","Ontario","Canada","Male","No",NA,NA,NA,NA,NA
"1898","British Columbia","Canada","Male","No",NA,NA,NA,NA,NA
"1899","Ontario","Canada","Male","No",NA,NA,NA,NA,NA
"1900","British Columbia","Canada","Male","Yes",NA,NA,1,NA,NA
"1901","Alberta","Canada","Male","Yes",NA,NA,1,1,NA
"1902","Ontario","Canada","Female","Yes",1,1,1,NA,NA
"1903","Quebec","Canada","Male","No",NA,NA,NA,NA,NA
"1904","Alberta","Canada","Female","No",NA,NA,NA,NA,NA
"1907","Israel","Israel","Male","No",NA,NA,NA,NA,NA
"1908","Alberta","Canada","Male","No",NA,NA,NA,NA,NA
"1909","Ontario","Canada","Male","Yes",1,NA,NA,NA,1
"1912","","","Male","No",NA,NA,NA,NA,NA
"1913","Ontario","Canada","Male","No",NA,NA,NA,NA,NA
"1914","Ontario","Canada","Female","No",NA,NA,NA,NA,NA
"1915","Quebec","Canada","Female","Yes",NA,NA,1,NA,NA
"1916","Ontario","Canada","Male","No",NA,NA,NA,NA,NA
"1918","Ontario","Canada","Male","Yes",1,NA,NA,NA,NA
"1919","Alberta","Canada","Male","Yes",NA,NA,1,NA,NA
"1920","Quebec","Canada","Male","Yes",NA,NA,NA,NA,1
"1921","Ontario","Canada","Male","No",NA,NA,NA,NA,NA
"1922","Manitoba","Canada","Male","No",NA,NA,NA,NA,NA
"1923","British Columbia","Canada","Male","No",NA,NA,NA,NA,NA
"1924","Saskatchewan","Canada","Male","No",NA,NA,NA,NA,NA
"1925","Ontario","Canada","Male","No",NA,NA,NA,NA,NA
"1926","","","Male","Yes",1,NA,1,NA,1
"1927","Quebec","Canada","Female","No",NA,NA,NA,NA,NA
"1928","British Columbia","Canada","Female","Yes",NA,NA,1,NA,NA
"1930","Ontario","Canada","Male","Can't comment (new researcher)",NA,NA,NA,NA,NA
"1931","Ontario","Canada","Male","No",NA,NA,NA,NA,NA
"1933","","","Male","Yes",1,NA,1,1,NA
"1934","Germany","Germany","Male","Yes",NA,NA,1,1,NA
"1935","Ontario","Canada","Male","No",NA,NA,NA,NA,NA
"1936","Ontario","Canada","Male","Yes",1,NA,1,NA,NA
"1938","Ontario","Canada","Male","Can't comment (new researcher)",NA,NA,NA,NA,NA
"1939","Ontario","Canada","Female","No",NA,NA,NA,NA,NA
"1940","Ontario","Canada","Male","Yes",NA,NA,1,NA,NA
"1941","Ontario","Canada","Male","No",NA,NA,NA,NA,NA
"1943","Ontario","Canada","Female","Can't comment (new researcher)",NA,NA,NA,NA,NA
"1946","Alberta","Canada","Male","Yes",NA,NA,1,NA,NA
"1947","Ontario","Canada","Male","No",NA,NA,NA,NA,NA
"1948","British Columbia","Canada","Other","No",NA,NA,NA,NA,NA
"1949","Ontario","Canada","Male","No",NA,NA,NA,NA,NA
"1950","Ontario","Canada","Male","No",NA,NA,NA,NA,NA
"1951","Alberta","Canada","Male","No",NA,NA,NA,NA,NA
"1953","","","Male","Yes",NA,NA,1,NA,NA
"1954","Manitoba","Canada","Male","No",NA,NA,NA,NA,NA
"1955","Quebec","Canada","Male","Yes",1,NA,NA,1,1
"1957","Manitoba","Canada","Male","No",NA,NA,NA,NA,NA
"1958","Ontario","Canada","Male","No",NA,NA,NA,NA,NA
"1959","Alberta","Canada","Male","No",NA,NA,NA,NA,NA
"1960","Alberta","Canada","Male","Can't comment (new researcher)",NA,NA,NA,NA,NA
"1961","Nova Scotia","Canada","Male","Yes",NA,1,1,NA,NA
"1962","Quebec","Canada","Male","No",NA,NA,NA,NA,NA
"1963","Quebec","Canada","Female","Yes",1,1,1,NA,NA
"1964","New Brunswick","Canada","Female","No",NA,NA,NA,NA,NA
"1966","Newfoundland and Labrador","Canada","Male","Yes",1,NA,1,NA,NA
"1968","Quebec","Canada","Male","No",NA,NA,NA,NA,NA
"1969","","","Male","No",NA,NA,NA,NA,NA
"1970","Quebec","Canada","Male","No",NA,NA,NA,NA,NA
"1971","Ontario","Canada","Female","Can't comment (new researcher)",NA,NA,NA,NA,NA
"1972","Quebec","Canada","Male","Yes",1,NA,1,NA,NA
"1973","British Columbia","Canada","Female","No",NA,NA,NA,NA,NA
"1974","New Brunswick","Canada","Male","Can't comment (new researcher)",NA,NA,NA,NA,NA
"1975","Saskatchewan","Canada","Male","No",NA,NA,NA,NA,NA
"1976","Ontario","Canada","Male","No",NA,NA,NA,NA,NA
"1977","Ontario","Canada","Male","No",NA,NA,NA,NA,NA
"1978","British Columbia","Canada","Female","No",NA,NA,NA,NA,NA
"1979","British Columbia","Canada","Male","No",NA,NA,NA,NA,NA
"1980","British Columbia","Canada","Male","Yes",NA,1,NA,NA,NA
"1981","Nova Scotia","Canada","Male","No",NA,NA,NA,NA,NA
"1983","Nova Scotia","Canada","Male","Yes",NA,NA,1,NA,NA
"1984","Ontario","Canada","Male","No",NA,NA,NA,NA,NA
"1985","","","Male","Yes",1,NA,1,NA,NA
"1986","Nova Scotia","Canada","Male","Yes",1,1,1,1,NA
"1987","Ontario","Canada","Male","Can't comment (new researcher)",NA,NA,NA,NA,NA
"1988","Nova Scotia","Canada","Female","Can't comment (new researcher)",NA,NA,NA,NA,NA
"1989","Quebec","Canada","Female","No",NA,NA,NA,NA,NA
"1990","British Columbia","Canada","Male","Yes",NA,NA,1,1,NA
"1992","Ontario","Canada","Female","No",NA,NA,NA,NA,NA
"1993","","","Male","No",NA,NA,NA,NA,NA
"1994","Newfoundland and Labrador","Canada","Female","Yes",NA,NA,1,NA,NA
"1995","","","Male","No",NA,NA,NA,NA,NA
"1996","British Columbia","Canada","Male","Can't comment (new researcher)",NA,NA,NA,NA,NA
"1998","Ontario","Canada","Male","Yes",1,NA,NA,NA,NA
"1999","Ontario","Canada","Female","Yes",NA,1,NA,NA,NA
"2000","Ontario","Canada","Male","Yes",1,NA,NA,NA,NA
"2002","Quebec","Canada","Male","Yes",1,1,NA,NA,NA
"2003","British Columbia","Canada","Male","No",NA,NA,NA,NA,NA
"2004","Ontario","Canada","Male","No",NA,NA,NA,NA,NA
"2007","British Columbia","Canada","Male","No",NA,NA,NA,NA,NA
"2009","United Kingdom","United Kingdom","Male","No",NA,NA,NA,NA,NA
"2010","Alberta","Canada","Male","No",NA,NA,NA,NA,NA
"2011","Ontario","Canada","Male","No",NA,NA,NA,NA,NA
"2012","Ontario","Canada","Male","Yes",NA,NA,1,NA,NA
"2013","Ontario","Canada","Female","Yes",NA,NA,1,NA,NA
"2014","Ontario","Canada","Male","Yes",1,NA,1,NA,NA
"2015","British Columbia","Canada","Male","Yes",NA,NA,1,NA,NA
"2016","Ontario","Canada","Female","No",NA,NA,NA,NA,NA
"2017","Alberta","Canada","Male","No",NA,NA,NA,NA,NA
"2019","Saskatchewan","Canada","Male","Yes",NA,NA,1,NA,NA
"2020","Saskatchewan","Canada","Male","No",NA,NA,NA,NA,NA
"2021","British Columbia","Canada","Male","No",NA,NA,NA,NA,NA
"2022","","","Male","No",NA,NA,NA,NA,NA
"2023","Alberta","Canada","Male","Yes",NA,NA,1,1,NA
"2024","","","Male","No",NA,NA,NA,NA,NA
"2025","Ontario","Canada","Male","No",NA,NA,NA,NA,NA
"2026","Manitoba","Canada","Female","Yes",NA,NA,1,NA,NA
"2027","Alberta","Canada","Male","No",NA,NA,NA,NA,NA
"2028","Nova Scotia","Canada","Male","Yes",1,NA,1,NA,NA
"2032","Ontario","Canada","Male","Yes",NA,1,1,NA,NA
"2033","British Columbia","Canada","Male","Yes",NA,NA,1,NA,NA
"2034","","","Male","No",NA,NA,NA,NA,NA
"2035","Newfoundland and Labrador","Canada","Male","Can't comment (new researcher)",NA,NA,NA,NA,NA
"2036","Saskatchewan","Canada","Female","No",NA,NA,NA,NA,NA
"2038","Newfoundland and Labrador","Canada","Male","Yes",NA,NA,1,NA,NA
"2040","Ontario","Canada","Male","Can't comment (new researcher)",NA,NA,NA,NA,NA
"2041","","","Female","Yes",NA,1,1,NA,NA
"2042","Manitoba","Canada","Female","Yes",1,1,NA,NA,NA
"2044","Alberta","Canada","Male","Yes",NA,NA,1,NA,NA
"2045","Ontario","Canada","Male","Yes",1,1,1,NA,NA
"2046","British Columbia","Canada","Male","Yes",1,NA,1,NA,NA
"2047","Ontario","Canada","Male","No",NA,NA,NA,NA,NA
"2048","Singapore","Singapore","Male","No",NA,NA,NA,NA,NA
"2049","British Columbia","Canada","Female","Yes",1,1,NA,NA,NA
"2051","Ontario","Canada","Male","Yes",NA,NA,1,NA,1
"2053","Ontario","Canada","Female","No",NA,NA,NA,NA,NA
"2054","Manitoba","Canada","Female","No",NA,NA,NA,NA,NA
"2055","Manitoba","Canada","Male","No",NA,NA,NA,NA,NA
"2056","Ontario","Canada","Male","Can't comment (new researcher)",NA,NA,NA,NA,NA
"2057","Ontario","Canada","Male","No",NA,NA,NA,NA,NA
"2058","","","Male","No",NA,NA,NA,NA,NA
"2060","United Kingdom","United Kingdom","Male","No",NA,NA,NA,NA,NA
"2062","France","France","Male","No",NA,NA,NA,NA,NA
"2063","Manitoba","Canada","Male","No",NA,NA,NA,NA,NA
"2064","British Columbia","Canada","Male","No",NA,NA,NA,NA,NA
"2065","","","Male","Yes",NA,NA,1,NA,NA
"2067","Ontario","Canada","Male","Can't comment (new researcher)",NA,NA,NA,NA,NA
"2068","Alberta","Canada","Female","No",NA,NA,NA,NA,NA
"2069","Washington","USA","Male","Yes",1,1,1,NA,NA
"2071","United Kingdom","United Kingdom","Male","Yes",1,NA,1,NA,NA
"2073","Ontario","Canada","Male","No",NA,NA,NA,NA,NA
"2074","Pennsylvania","USA","Male","No",NA,NA,NA,NA,NA
"2075","Ontario","Canada","Male","No",NA,NA,NA,NA,NA
"2078","","","Female","Yes",NA,NA,1,NA,NA
"2079","Ontario","Canada","Male","No",NA,NA,NA,NA,NA
"2080","Ontario","Canada","Male","No",NA,NA,NA,NA,NA
"2082","","","Male","No",NA,NA,NA,NA,NA
"2083","British Columbia","Canada","Female","Yes",1,1,1,1,NA
"2084","British Columbia","Canada","Male","Yes",NA,NA,1,NA,NA
"2087","","","Male","No",NA,NA,NA,NA,NA
"2088","Ontario","Canada","Male","Yes",NA,NA,NA,NA,1
"2090","Ontario","Canada","Male","No",NA,NA,NA,NA,NA
"2091","","","","Yes",NA,NA,1,NA,NA
"2092","British Columbia","Canada","Male","Yes",1,NA,1,NA,NA
"2094","Ontario","Canada","Male","No",NA,NA,NA,NA,NA
"2095","Ontario","Canada","Male","No",NA,NA,NA,NA,NA
"2096","Newfoundland and Labrador","Canada","Male","No",NA,NA,NA,NA,NA
"2097","Nova Scotia","Canada","Male","No",NA,NA,NA,NA,NA
"2098","Ontario","Canada","Male","Can't comment (new researcher)",NA,NA,NA,NA,NA
"2099","British Columbia","Canada","Male","No",NA,NA,NA,NA,NA
"2101","Ontario","Canada","Male","Yes",NA,NA,1,NA,NA
"2102","Alberta","Canada","Female","Can't comment (new researcher)",NA,NA,NA,NA,NA
"2103","British Columbia","Canada","Male","No",NA,NA,NA,NA,NA
"2104","Nova Scotia","Canada","Male","No",NA,NA,NA,NA,NA
"2105","Nova Scotia","Canada","Male","No",NA,NA,NA,NA,NA
"2106","Alberta","Canada","Male","No",NA,NA,NA,NA,NA
"2108","Germany","Germany","Female","No",NA,NA,NA,NA,NA
"2109","Australia","Australia","Male","No",NA,NA,NA,NA,NA
"2111","British Columbia","Canada","Female","No",NA,NA,NA,NA,NA
"2112","Michigan","USA","Male","Yes",NA,1,NA,NA,NA
"2113","Nova Scotia","Canada","Female","Yes",NA,1,NA,1,NA
"2114","Alberta","Canada","Male","No",NA,NA,NA,NA,NA
"2115","New Brunswick","Canada","Female","Yes",NA,1,NA,NA,NA
"2116","British Columbia","Canada","Male","Can't comment (new researcher)",NA,NA,NA,NA,NA
"2118","Ontario","Canada","Male","No",NA,NA,NA,NA,NA
"2119","British Columbia","Canada","Male","Yes",NA,1,1,NA,NA
"2120","British Columbia","Canada","Male","No",NA,NA,NA,NA,NA
"2122","Quebec","Canada","Male","No",NA,NA,NA,NA,NA
"2123","Ontario","Canada","Male","No",NA,NA,NA,NA,NA
"2125","Newfoundland and Labrador","Canada","Male","Yes",1,NA,NA,1,NA
"2126","","","Male","Yes",NA,NA,1,NA,NA
"2127","","","Female","No",NA,NA,NA,NA,NA
"2128","Ontario","Canada","Male","Yes",NA,NA,NA,NA,1
"2129","British Columbia","Canada","Female","No",NA,NA,NA,NA,NA
"2130","Ontario","Canada","Female","Yes",1,NA,1,1,1
"2131","","","Male","No",NA,NA,NA,NA,NA
"2132","British Columbia","Canada","Male","Yes",1,NA,1,NA,NA
"2133","Quebec","Canada","Male","No",NA,NA,NA,NA,NA
"2134","Ontario","Canada","Female","Yes",1,NA,1,NA,NA
"2136","British Columbia","Canada","Female","Can't comment (new researcher)",NA,NA,NA,NA,NA
"2137","New Brunswick","Canada","Male","Yes",1,NA,1,NA,NA
"2140","Ontario","Canada","Female","No",NA,NA,NA,NA,NA
"2141","Korea","Korea","Male","Yes",1,NA,NA,NA,NA
"2143","Ontario","Canada","Male","Yes",1,1,NA,1,NA
"2145","","","","Yes",NA,NA,1,NA,NA
"2148","","","Male","No",NA,NA,NA,NA,NA
"2149","Australia","Australia","Male","No",NA,NA,NA,NA,NA
"2151","Ontario","Canada","Female","Yes",1,NA,1,1,NA
"2152","Newfoundland and Labrador","Canada","Male","No",NA,NA,NA,NA,NA
"2154","Alberta","Canada","Female","Yes",1,1,1,NA,NA
"2155","","","Male","No",NA,NA,NA,NA,NA
"2156","Alberta","Canada","Male","Can't comment (new researcher)",NA,NA,NA,NA,NA
"2157","Ontario","Canada","Female","No",NA,NA,NA,NA,NA
"2158","Latvia","Latvia","Male","No",NA,NA,NA,NA,NA
"2159","Alberta","Canada","Female","Can't comment (new researcher)",NA,NA,NA,NA,NA
"2160","British Columbia","Canada","Female","No",NA,NA,NA,NA,NA
"2161","Switzerland","Switzerland","Male","Yes",1,NA,1,1,NA
"2164","Israel","Israel","Male","No",NA,NA,NA,NA,NA
"2166","Israel","Israel","Male","No",NA,NA,NA,NA,NA
"2167","Ontario","Canada","Male","Can't comment (new researcher)",NA,NA,NA,NA,NA
"2170","","","Male","Yes",1,NA,NA,NA,NA
"2172","Germany","Germany","Male","No",NA,NA,NA,NA,NA
"2173","Israel","Israel","Male","Yes",1,NA,1,NA,NA
"2175","Israel","Israel","Male","No",NA,NA,NA,NA,NA
"2176","Germany","Germany","Male","No",NA,NA,NA,NA,NA
"2177","Germany","Germany","Male","Yes",NA,1,1,NA,NA
"2179","Germany","Germany","Male","No",NA,NA,NA,NA,NA
"2180","United Kingdom","United Kingdom","Male","No",NA,NA,NA,NA,NA
"2181","Belgium","Belgium","Female","No",NA,NA,NA,NA,NA
"2183","Israel","Israel","Male","No",NA,NA,NA,NA,NA
"2185","Israel","Israel","Female","No",NA,NA,NA,NA,NA
"2187","Denmark","Denmark","Male","Yes",NA,NA,1,NA,NA
"2188","Florida","USA","Male","No",NA,NA,NA,NA,NA
"2190","Newfoundland and Labrador","Canada","Male","Yes",NA,1,1,NA,NA
"2192","Netherlands","Netherlands","Male","Yes",1,1,1,NA,NA
"2193","Newfoundland and Labrador","Canada","Male","No",NA,NA,NA,NA,NA
"2194","Israel","Israel","Male","Yes",1,NA,1,NA,NA
"2195","Ontario","Canada","Male","Yes",1,1,1,NA,NA
"2196","","","Male","Yes",NA,1,1,NA,NA
"2198","Ontario","Canada","Male","Yes",NA,NA,1,NA,NA
"2200","Nova Scotia","Canada","Male","No",NA,NA,NA,NA,NA
"2201","New Brunswick","Canada","Female","Can't comment (new researcher)",NA,NA,NA,NA,NA
"2202","Nova Scotia","Canada","Male","Yes",NA,NA,1,NA,NA
"2203","","","Male","No",NA,NA,NA,NA,NA
"2204","Quebec","Canada","Male","Yes",1,1,1,1,1
"2207","Ontario","Canada","Male","No",NA,NA,NA,NA,NA
"2208","British Columbia","Canada","Male","Yes",1,1,1,NA,NA
"2209","Ontario","Canada","Female","No",NA,NA,NA,NA,NA
"2210","Ontario","Canada","Male","Yes",NA,NA,1,NA,NA
"2212","Ontario","Canada","Male","No",NA,NA,NA,NA,NA
"2213","Maryland","USA","Female","Yes",1,1,1,1,1
"2214","Newfoundland and Labrador","Canada","Male","Yes",NA,1,NA,NA,NA
"2215","Switzerland","Switzerland","Male","No",NA,NA,NA,NA,NA
"2216","Nova Scotia","Canada","Female","Yes",1,NA,1,1,NA
"2218","Nova Scotia","Canada","Male","Yes",1,NA,1,1,NA
"2219","Texas","USA","Female","No",NA,NA,NA,NA,NA
"2220","New York","USA","Female","No",NA,NA,NA,NA,NA
"2222","Ontario","Canada","Male","Yes",1,1,NA,NA,NA
"2223","Ontario","Canada","Male","No",NA,NA,NA,NA,NA
"2224","","","Female","Yes",NA,NA,1,NA,NA
"2225","Ontario","Canada","Male","No",NA,NA,NA,NA,NA
"2226","Pennsylvania","USA","Male","Yes",1,NA,1,NA,NA
"2229","Belgium","Belgium","Male","No",NA,NA,NA,NA,NA
"2230","Ontario","Canada","Female","Can't comment (new researcher)",NA,NA,NA,NA,NA
"2231","Texas","USA","Male","Yes",1,NA,1,1,NA
"2232","Illinois","USA","Male","No",NA,NA,NA,NA,NA
"2234","Finland","Finland","Female","Yes",1,NA,1,NA,NA
"2236","United Kingdom","United Kingdom","Male","Yes",NA,1,1,NA,NA
"2237","Ontario","Canada","Female","No",NA,NA,NA,NA,NA
"2238","Ontario","Canada","Male","Can't comment (new researcher)",NA,NA,NA,NA,NA
"2239","United Kingdom","United Kingdom","Female","No",NA,NA,NA,NA,NA
"2240","New Brunswick","Canada","Male","Yes",NA,NA,1,NA,NA
"2241","Quebec","Canada","Female","Yes",1,1,1,1,NA
"2243","Netherlands","Netherlands","Female","No",NA,NA,NA,NA,NA
"2245","","","Female","No",NA,NA,NA,NA,NA
"2249","Oregon","USA","Female","No",NA,NA,NA,NA,NA
"2250","Ontario","Canada","Male","Yes",NA,1,1,NA,NA
"2252","Manitoba","Canada","Female","Yes",1,NA,1,NA,NA
"2253","Belgium","Belgium","Male","No",NA,NA,NA,NA,NA
"2254","Newfoundland and Labrador","Canada","Female","No",NA,NA,NA,NA,NA
"2255","Ontario","Canada","Female","No",NA,NA,NA,NA,NA
"2256","Ontario","Canada","Female","No",NA,NA,NA,NA,NA
"2258","Alberta","Canada","Male","Yes",NA,NA,1,NA,NA
"2259","United Kingdom","United Kingdom","Female","No",NA,NA,NA,NA,NA
"2260","Ohio","USA","Male","Yes",NA,NA,1,NA,NA
"2262","Quebec","Canada","Male","No",NA,NA,NA,NA,NA
"2263","Yukon Territory","Canada","Male","Yes",NA,1,1,NA,NA
"2264","Ontario","Canada","Male","No",NA,NA,NA,NA,NA
"2266","Nova Scotia","Canada","Female","Yes",1,1,NA,NA,NA
"2267","New York","USA","Male","No",NA,NA,NA,NA,NA
"2269","Virginia","USA","Male","Can't comment (new researcher)",NA,NA,NA,NA,NA
"2270","","","Male","Yes",NA,1,1,1,NA
"2272","Minnesota","USA","Male","No",NA,NA,NA,NA,NA
"2274","Alberta","Canada","Male","Can't comment (new researcher)",NA,NA,NA,NA,NA
"2276","Alberta","Canada","Male","No",NA,NA,NA,NA,NA
"2277","Israel","Israel","Male","No",NA,NA,NA,NA,NA
"2278","Belgium","Belgium","Male","Yes",1,1,1,NA,NA
"2279","Ontario","Canada","Male","No",NA,NA,NA,NA,NA
"2280","Ontario","Canada","Male","Can't comment (new researcher)",NA,NA,NA,NA,NA
"2281","Ontario","Canada","Male","Yes",1,NA,1,NA,NA
"2282","Israel","Israel","Male","Can't comment (new researcher)",NA,NA,NA,NA,NA
"2283","United Kingdom","United Kingdom","Male","Yes",1,1,1,1,NA
"2284","","","Female","No",NA,NA,NA,NA,NA
"2287","","","Male","No",NA,NA,NA,NA,NA
"2288","Nova Scotia","Canada","Female","Can't comment (new researcher)",NA,NA,NA,NA,NA
"2289","Louisiana","USA","Male","Yes",1,1,NA,NA,NA
"2290","California","USA","Female","Yes",1,1,NA,1,NA
"2291","California","USA","Female","Yes",1,1,1,NA,NA
"2292","California","USA","Male","No",NA,NA,NA,NA,NA
"2293","California","USA","Female","No",NA,NA,NA,NA,NA
"2294","British Columbia","Canada","Female","No",NA,NA,NA,NA,NA
"2297","California","USA","Male","Yes",NA,1,1,NA,NA
"2298","New York","USA","Female","No",NA,NA,NA,NA,NA
"2299","Quebec","Canada","Female","Yes",1,NA,NA,NA,NA
"2300","Greece","Greece","Male","Yes",1,NA,1,NA,NA
"2302","Alberta","Canada","Female","Yes",NA,1,NA,NA,NA
"2303","New Brunswick","Canada","Male","Yes",1,1,1,NA,NA
"2304","Maryland","USA","Female","No",NA,NA,NA,NA,NA
"2305","Ontario","Canada","Male","No",NA,NA,NA,NA,NA
"2306","Ontario","Canada","Female","Yes",NA,NA,1,NA,NA
"2308","","","Female","Yes",NA,NA,NA,NA,NA
"2310","Manitoba","Canada","Female","Can't comment (new researcher)",NA,NA,NA,NA,NA
"2311","Nova Scotia","Canada","Female","No",NA,NA,NA,NA,NA
"2312","Ontario","Canada","Male","Yes",NA,1,NA,NA,NA
"2314","","","Male","No",NA,NA,NA,NA,NA
"2318","Germany","Germany","Male","Can't comment (new researcher)",NA,NA,NA,NA,NA
"2320","Ontario","Canada","Male","Yes",1,NA,1,NA,NA
"2322","Ontario","Canada","Female","No",NA,NA,NA,NA,NA
"2323","Ontario","Canada","Male","No",NA,NA,NA,NA,NA
"2324","Nigeria","Nigeria","Male","Yes",1,NA,NA,1,NA
"2325","Mexico","Mexico","Female","No",NA,NA,NA,NA,NA
"2326","Alberta","Canada","Male","No",NA,NA,NA,NA,NA
"2327","Hawaii","USA","Male","Yes",NA,1,NA,NA,NA
"2328","British Columbia","Canada","Male","Yes",1,1,1,1,NA
"2329","","","Male","Yes",1,1,1,1,NA
"2330","New Zealand","New Zealand","Male","Yes",1,1,NA,NA,NA
"2331","California","USA","Male","No",NA,NA,NA,NA,NA
"2334","California","USA","Male","No",NA,NA,NA,NA,NA
"2335","","","Male","No",NA,NA,NA,NA,NA
"2336","British Columbia","Canada","Male","Yes",1,NA,NA,NA,1
"2339","British Columbia","Canada","Male","No",NA,NA,NA,NA,NA
"2346","India","India","Male","Yes",1,NA,1,1,NA
"2347","Nepal","Nepal","Male","Can't comment (new researcher)",NA,NA,NA,NA,NA
"2348","Sweden","Sweden","Male","No",NA,NA,NA,NA,NA
"2350","New Zealand","New Zealand","Male","Can't comment (new researcher)",NA,NA,NA,NA,NA
"2351","Cyprus","Cyprus","Male","Yes",1,1,1,NA,NA
"2352","Italy","Italy","Male","No",NA,NA,NA,NA,NA
"2353","Austria","Austria","Male","Yes",1,1,1,NA,NA
"2354","California","USA","Female","Yes",NA,1,1,NA,NA
"2355","California","USA","Male","Yes",1,1,NA,NA,NA
"2356","Australia","Australia","Male","No",NA,NA,NA,NA,NA
"2358","Germany","Germany","Male","Yes",1,NA,1,NA,NA
"2359","","","Female","Yes",1,1,1,NA,NA
"2360","Ontario","Canada","Female","No",NA,NA,NA,NA,NA
"2361","Denmark","Denmark","Female","No",NA,NA,NA,NA,NA
"2364","Australia","Australia","Male","No",NA,NA,NA,NA,NA
"2365","Newfoundland and Labrador","Canada","Male","No",NA,NA,NA,NA,NA
"2368","France","France","Female","No",NA,NA,NA,NA,NA
"2369","Oklahoma","USA","Female","Yes",NA,1,1,NA,NA
"2370","Vermont","USA","Male","No",NA,NA,NA,NA,NA
"2373","Ontario","Canada","Male","No",NA,NA,NA,NA,NA
"2374","Ontario","Canada","Female","No",NA,NA,NA,NA,NA
"2377","Ohio","USA","Male","Yes",NA,NA,1,NA,NA
"2379","Ontario","Canada","Female","Yes",NA,NA,1,NA,NA
"2380","Italy","Italy","Male","No",NA,NA,NA,NA,NA
"2382","Sweden","Sweden","Female","No",NA,NA,NA,NA,NA
"2383","Nova Scotia","Canada","Female","Can't comment (new researcher)",NA,NA,NA,NA,NA
"2385","Ontario","Canada","Male","Yes",NA,NA,1,NA,NA
"2386","Alberta","Canada","Male","Yes",NA,NA,NA,NA,1
"2387","Ontario","Canada","Male","Yes",NA,NA,1,NA,1
"2388","Alberta","Canada","Female","Yes",NA,1,1,NA,NA
"2389","Israel","Israel","Male","No",NA,NA,NA,NA,NA
"2390","Nova Scotia","Canada","Female","Yes",1,1,1,NA,NA
"2391","Quebec","Canada","Male","No",NA,NA,NA,NA,NA
"2393","Indiana","USA","Male","Yes",1,NA,1,NA,NA
"2394","Ontario","Canada","Male","Yes",NA,NA,1,NA,NA
"2395","Maine","USA","Female","No",NA,NA,NA,NA,NA
"2396","Ontario","Canada","Female","Can't comment (new researcher)",NA,NA,NA,NA,NA
"2397","British Columbia","Canada","Male","No",NA,NA,NA,NA,NA
"2398","New York","USA","Male","Yes",1,1,1,1,1
"2401","","","Male","Yes",1,NA,1,NA,NA
"2403","Alberta","Canada","Male","Can't comment (new researcher)",NA,NA,NA,NA,NA
