"Country","gender","Location","reason_partnership_change_interest","reason_partnership_change_career","reason_partnership_change_socially","reason_partnership_change_funding","reason_partnership_change_other"
"Canada","Female","British Columbia",NA,NA,NA,NA,NA
"Australia","Female","Australia",NA,1,NA,1,NA
"Israel","Male","Israel",NA,NA,NA,NA,NA
"Canada","Male","Ontario",1,NA,1,1,NA
"Canada","Other","British Columbia",NA,1,NA,NA,NA
"Canada","Female","British Columbia",NA,1,NA,NA,NA
"Canada","Male","British Columbia",NA,NA,NA,NA,NA
"Netherlands","","Netherlands",NA,NA,NA,NA,NA
"Netherlands","Female","Netherlands",NA,NA,NA,NA,NA
"Netherlands","Male","Netherlands",1,NA,1,1,NA
"Netherlands","Female","Netherlands",NA,NA,NA,NA,NA
"Netherlands","Male","Netherlands",NA,1,NA,1,NA
"Netherlands","Female","Netherlands",NA,NA,NA,NA,NA
"Netherlands","Female","Netherlands",NA,NA,NA,1,NA
"Netherlands","Male","Netherlands",NA,NA,NA,1,NA
"","Female","",NA,NA,NA,1,1
"South Africa","Male","South Africa",NA,NA,NA,NA,NA
"Denmark","Male","Denmark",NA,1,NA,NA,NA
"Morocco","Female","Morocco",NA,NA,NA,NA,NA
"Netherlands","Female","Netherlands",NA,NA,NA,NA,NA
"Netherlands","Female","Netherlands",1,1,1,1,NA
"Netherlands","Other","Netherlands",NA,NA,NA,1,NA
"Netherlands","Female","Netherlands",NA,NA,NA,NA,NA
"Netherlands","Male","Netherlands",1,NA,NA,1,NA
"Netherlands","Male","Netherlands",NA,NA,NA,NA,NA
"Netherlands","Male","Netherlands",NA,1,NA,1,NA
"United Kingdom","Male","United Kingdom",NA,NA,NA,NA,NA
"USA","Male","California",NA,NA,NA,1,NA
"Netherlands","Female","Netherlands",NA,NA,NA,1,NA
"","Female","",NA,NA,NA,NA,NA
"Netherlands","Male","Netherlands",NA,NA,NA,NA,NA
"France","Male","France",NA,NA,NA,NA,NA
"New Zealand","Male","New Zealand",NA,NA,NA,NA,1
"","Female","",NA,NA,NA,NA,NA
"France","Female","France",NA,NA,NA,1,NA
"","Female","",1,NA,1,1,NA
"Switzerland","Male","Switzerland",NA,NA,NA,NA,NA
"Poland","Female","Poland",NA,NA,NA,NA,NA
"Turkey","Female","Turkey",NA,NA,NA,NA,NA
"Spain","Male","Spain",NA,NA,NA,NA,NA
"","Male","",NA,NA,NA,NA,NA
"Norway","Male","Norway",NA,NA,NA,NA,NA
"South Africa","Female","South Africa",1,NA,NA,NA,NA
"Portugal","Male","Portugal",NA,NA,NA,NA,NA
"Malaysia","Female","Malaysia",NA,NA,NA,NA,NA
"USA","Male","Illinois",NA,NA,NA,NA,NA
"","Female","",NA,NA,NA,NA,NA
"Netherlands","Male","Netherlands",1,NA,NA,1,NA
"Netherlands","Male","Netherlands",1,NA,1,1,NA
"Italy","Male","Italy",NA,NA,NA,NA,NA
"Italy","Male","Italy",NA,NA,NA,NA,NA
"Italy","Male","Italy",NA,NA,NA,NA,NA
"Italy","Male","Italy",1,NA,NA,1,NA
"Italy","Female","Italy",NA,NA,NA,NA,NA
"United Kingdom","Female","United Kingdom",NA,NA,NA,NA,NA
"Italy","Male","Italy",NA,NA,NA,NA,NA
"Italy","Male","Italy",NA,NA,NA,NA,NA
"Netherlands","Female","Netherlands",NA,NA,NA,NA,NA
"Italy","Male","Italy",NA,1,NA,NA,NA
"Netherlands","Female","Netherlands",NA,NA,NA,NA,NA
"Italy","Male","Italy",1,NA,NA,1,NA
"Italy","Male","Italy",NA,NA,NA,1,NA
"Italy","Male","Italy",NA,1,NA,1,NA
"United Kingdom","Female","United Kingdom",1,NA,1,NA,NA
"Italy","Male","Italy",NA,NA,NA,NA,NA
"United Kingdom","Male","United Kingdom",NA,NA,NA,NA,NA
"Italy","Male","Italy",NA,NA,NA,1,NA
"Netherlands","Male","Netherlands",NA,NA,NA,NA,NA
"Italy","Male","Italy",NA,NA,NA,NA,NA
"Belgium","Female","Belgium",NA,NA,NA,NA,NA
"Belgium","Male","Belgium",NA,NA,NA,1,NA
"Norway","Male","Norway",NA,1,NA,NA,NA
"Germany","Male","Germany",NA,NA,NA,NA,NA
"Italy","Male","Italy",1,NA,NA,1,NA
"Italy","Male","Italy",NA,NA,NA,1,NA
"Italy","Male","Italy",1,NA,NA,NA,NA
"Italy","Male","Italy",NA,1,NA,1,NA
"Italy","Female","Italy",NA,NA,NA,NA,NA
"Italy","Male","Italy",NA,NA,NA,NA,NA
"Italy","Male","Italy",NA,NA,NA,NA,NA
"Finland","Female","Finland",NA,NA,NA,NA,NA
"United Kingdom","Male","United Kingdom",NA,NA,NA,NA,NA
"Belgium","Male","Belgium",NA,NA,NA,NA,NA
"United Kingdom","Female","United Kingdom",NA,NA,NA,NA,NA
"Italy","Male","Italy",NA,NA,NA,NA,NA
"Netherlands","Female","Netherlands",NA,NA,NA,1,NA
"Netherlands","Male","Netherlands",NA,NA,NA,NA,NA
"France","Male","France",NA,NA,NA,NA,NA
"Italy","Female","Italy",NA,NA,NA,NA,NA
"Italy","Female","Italy",NA,NA,NA,1,NA
"Israel","Male","Israel",NA,NA,NA,NA,NA
"Argentina","Male","Argentina",NA,NA,NA,NA,NA
"Italy","Male","Italy",NA,NA,NA,NA,NA
"United Kingdom","Male","United Kingdom",NA,NA,NA,NA,NA
"Canada","Female","Quebec",NA,NA,NA,NA,NA
"Italy","Male","Italy",NA,NA,NA,1,NA
"Italy","Male","Italy",NA,NA,NA,1,NA
"Greece","Female","Greece",NA,NA,NA,NA,1
"Italy","Male","Italy",NA,NA,NA,1,NA
"Germany","Male","Germany",NA,NA,NA,NA,NA
"Cyprus","Female","Cyprus",NA,NA,NA,NA,1
"Hungary","Female","Hungary",NA,NA,NA,NA,NA
"Vietnam","Male","Vietnam",NA,NA,NA,NA,NA
"Japan","Male","Japan",1,NA,1,NA,NA
"United Kingdom","Female","United Kingdom",NA,NA,NA,NA,NA
"Italy","Male","Italy",NA,NA,NA,NA,NA
"France","Female","France",NA,NA,NA,NA,NA
"Italy","Female","Italy",NA,NA,NA,NA,NA
"Norway","Female","Norway",NA,NA,NA,NA,1
"Italy","Female","Italy",NA,NA,NA,NA,NA
"Canada","Female","Alberta",NA,NA,NA,NA,NA
"Netherlands","Male","Netherlands",1,NA,NA,1,NA
"Italy","Male","Italy",NA,NA,NA,NA,NA
"Spain","Female","Spain",NA,NA,NA,NA,NA
"Switzerland","Male","Switzerland",1,NA,1,NA,NA
"Finland","Male","Finland",NA,NA,NA,NA,NA
"Spain","Male","Spain",NA,NA,NA,NA,NA
"Italy","Male","Italy",NA,NA,NA,NA,NA
"United Kingdom","Male","United Kingdom",NA,NA,NA,NA,NA
"USA","Female","Massachusetts",NA,1,NA,1,NA
"India","Male","India",NA,NA,NA,NA,NA
"Netherlands","Male","Netherlands",1,NA,1,1,NA
"Italy","Male","Italy",NA,NA,NA,NA,NA
"Japan","Male","Japan",NA,NA,NA,NA,NA
"Italy","Male","Italy",NA,1,NA,1,NA
"France","Male","France",NA,NA,NA,NA,NA
"France","Female","France",NA,NA,NA,NA,NA
"","Male","",NA,NA,NA,NA,NA
"Netherlands","Male","Netherlands",1,NA,1,NA,NA
"Italy","Female","Italy",NA,NA,NA,NA,NA
"Israel","Male","Israel",1,NA,NA,1,NA
"Israel","Female","Israel",NA,NA,NA,NA,NA
"USA","Male","California",NA,NA,NA,1,NA
"Italy","Female","Italy",NA,NA,NA,NA,NA
"Egypt","Male","Egypt",NA,NA,NA,NA,NA
"Italy","Female","Italy",NA,NA,NA,1,NA
"Israel","Female","Israel",NA,NA,NA,NA,NA
"Italy","Female","Italy",NA,NA,NA,1,NA
"United Kingdom","Female","United Kingdom",1,1,1,1,NA
"Netherlands","Female","Netherlands",NA,NA,NA,NA,NA
"Malaysia","Male","Malaysia",NA,NA,NA,1,NA
"Israel","Male","Israel",NA,NA,NA,NA,NA
"Israel","Male","Israel",NA,NA,NA,NA,NA
"Spain","Male","Spain",NA,NA,NA,NA,NA
"Israel","Female","Israel",NA,NA,NA,NA,NA
"United Kingdom","Male","United Kingdom",NA,NA,NA,NA,NA
"United Kingdom","Female","United Kingdom",NA,NA,NA,NA,NA
"","Female","",NA,NA,NA,NA,NA
"Canada","Female","Ontario",1,1,NA,1,NA
"Australia","Male","Australia",NA,NA,NA,NA,NA
"USA","Male","Illinois",NA,NA,NA,1,NA
"Canada","Male","Alberta",NA,NA,NA,NA,NA
"Portugal","Male","Portugal",NA,NA,NA,NA,NA
"Italy","Male","Italy",NA,NA,NA,NA,NA
"United Kingdom","Male","United Kingdom",NA,NA,NA,NA,NA
"Israel","Female","Israel",NA,NA,NA,NA,NA
"USA","Male","California",NA,NA,NA,NA,NA
"Netherlands","Male","Netherlands",NA,NA,NA,1,NA
"Italy","Male","Italy",NA,NA,NA,1,NA
"USA","Female","Arizona",NA,NA,NA,1,NA
"USA","Female","Wisconsin",NA,NA,NA,NA,NA
"Portugal","Male","Portugal",NA,NA,NA,NA,NA
"Belgium","Male","Belgium",NA,NA,NA,NA,NA
"USA","Female","California",NA,NA,NA,NA,NA
"Netherlands","Male","Netherlands",NA,NA,NA,NA,NA
"","Female","",NA,NA,NA,NA,NA
"Montenegro","Male","Montenegro",1,NA,NA,NA,NA
"USA","Male","Nevada",NA,NA,NA,NA,NA
"Australia","Male","Australia",1,NA,1,1,NA
"Australia","Male","Australia",NA,NA,NA,NA,NA
"USA","Male","Illinois",NA,NA,NA,NA,NA
"USA","Male","New York",NA,NA,NA,NA,NA
"Australia","Female","Australia",NA,NA,NA,NA,1
"China","Male","China",NA,NA,NA,NA,NA
"Israel","Male","Israel",NA,NA,NA,NA,NA
"","Male","",NA,NA,NA,NA,NA
"Australia","Female","Australia",NA,NA,NA,NA,NA
"Australia","Male","Australia",NA,1,NA,NA,NA
"Australia","Male","Australia",NA,NA,NA,NA,NA
"Australia","Male","Australia",NA,NA,NA,NA,NA
"Australia","Male","Australia",NA,NA,NA,NA,NA
"","Female","",1,1,1,1,NA
"United Kingdom","Male","United Kingdom",NA,1,NA,1,NA
"Singapore","Male","Singapore",NA,NA,NA,NA,NA
"Italy","Female","Italy",NA,NA,NA,1,NA
"Italy","Male","Italy",NA,NA,NA,NA,NA
"United Kingdom","Male","United Kingdom",NA,NA,NA,NA,NA
"New Zealand","Male","New Zealand",NA,NA,NA,NA,NA
"Israel","Female","Israel",NA,NA,NA,NA,NA
"United Kingdom","Male","United Kingdom",NA,NA,NA,NA,NA
"Korea","Male","Korea",NA,NA,NA,NA,NA
"Canada","Male","Ontario",1,NA,NA,1,NA
"United Kingdom","Female","United Kingdom",NA,NA,NA,NA,NA
"France","Male","France",NA,NA,NA,NA,NA
"Poland","Male","Poland",NA,NA,NA,NA,NA
"Poland","Female","Poland",NA,NA,NA,NA,1
"Poland","Male","Poland",NA,NA,NA,NA,NA
"USA","Female","Oregon",NA,1,NA,1,NA
"Australia","Male","Australia",NA,NA,NA,NA,NA
"Israel","Male","Israel",NA,1,NA,1,NA
"Netherlands","Female","Netherlands",1,1,NA,1,NA
"Australia","Female","Australia",1,1,1,1,NA
"Poland","Male","Poland",1,1,NA,1,NA
"Poland","Male","Poland",NA,NA,NA,NA,NA
"Serbia","Female","Serbia",NA,NA,NA,NA,NA
"Poland","Female","Poland",NA,NA,NA,NA,NA
"Poland","Male","Poland",1,NA,NA,NA,NA
"Poland","Male","Poland",1,1,1,NA,NA
"Poland","Male","Poland",NA,NA,NA,1,NA
"Belgium","Male","Belgium",NA,NA,NA,NA,NA
"Poland","Female","Poland",NA,NA,NA,NA,NA
"Serbia","Female","Serbia",NA,NA,NA,NA,NA
"France","Male","France",NA,NA,NA,NA,NA
"France","Male","France",NA,NA,NA,NA,NA
"France","Male","France",NA,NA,NA,NA,NA
"Poland","Male","Poland",NA,NA,NA,NA,NA
"Belgium","Male","Belgium",NA,NA,NA,NA,NA
"Mexico","Female","Mexico",NA,NA,NA,NA,NA
"France","Male","France",NA,NA,NA,NA,NA
"France","Male","France",NA,NA,NA,NA,NA
"France","Male","France",NA,NA,NA,NA,NA
"Israel","Male","Israel",NA,NA,NA,NA,NA
"Japan","Male","Japan",1,NA,1,1,NA
"Kenya","Male","Kenya",NA,NA,1,NA,NA
"Israel","Male","Israel",NA,NA,NA,NA,NA
"Israel","Male","Israel",NA,NA,NA,NA,NA
"Israel","Male","Israel",NA,NA,NA,NA,NA
"Israel","Male","Israel",NA,NA,NA,NA,NA
"Israel","Male","Israel",NA,NA,NA,NA,NA
"Israel","Male","Israel",1,NA,NA,1,NA
"Israel","Male","Israel",NA,NA,NA,NA,NA
"Israel","Male","Israel",NA,NA,NA,NA,NA
"Israel","Male","Israel",1,NA,NA,NA,NA
"Israel","Male","Israel",NA,NA,NA,NA,NA
"Israel","Male","Israel",NA,NA,NA,NA,NA
"Israel","Male","Israel",NA,NA,NA,NA,NA
"Israel","Male","Israel",NA,NA,NA,NA,NA
"","Male","",NA,NA,NA,NA,NA
"Israel","Male","Israel",NA,NA,NA,NA,NA
"USA","Male","Pennsylvania",NA,NA,NA,NA,NA
"Israel","Male","Israel",NA,NA,NA,NA,NA
"Israel","Male","Israel",1,NA,NA,1,NA
"Israel","Male","Israel",NA,NA,NA,NA,NA
"Israel","Male","Israel",NA,NA,NA,NA,NA
"France","Female","France",NA,NA,NA,NA,NA
"Israel","Male","Israel",NA,NA,NA,NA,NA
"Israel","Male","Israel",NA,NA,NA,NA,NA
"Israel","Male","Israel",NA,NA,NA,NA,NA
"United Kingdom","Male","United Kingdom",1,NA,NA,NA,NA
"Israel","Male","Israel",NA,NA,NA,NA,NA
"Israel","Male","Israel",NA,NA,NA,NA,NA
"Israel","Male","Israel",NA,NA,NA,NA,NA
"Israel","Male","Israel",NA,NA,NA,NA,NA
"USA","Male","California",NA,NA,NA,NA,NA
"","Male","",1,NA,NA,1,NA
"Australia","Female","Australia",NA,NA,NA,NA,NA
"USA","Male","Maryland",1,1,1,1,NA
"Israel","Male","Israel",NA,NA,NA,NA,NA
"Israel","Male","Israel",1,NA,NA,1,NA
"Poland","Male","Poland",NA,NA,NA,NA,NA
"Israel","Male","Israel",NA,NA,NA,NA,NA
"Israel","Male","Israel",NA,NA,NA,1,NA
"Switzerland","Female","Switzerland",NA,NA,NA,NA,NA
"Serbia","Female","Serbia",1,1,1,1,NA
"Israel","Male","Israel",NA,NA,1,1,NA
"France","Male","France",NA,NA,NA,NA,NA
"","Male","",NA,NA,NA,NA,NA
"Israel","Female","Israel",NA,NA,NA,1,NA
"Netherlands","Male","Netherlands",NA,NA,NA,NA,NA
"Germany","Female","Germany",NA,NA,NA,NA,NA
"Serbia","Female","Serbia",NA,NA,NA,NA,NA
"Israel","Male","Israel",NA,NA,NA,1,NA
"Israel","Male","Israel",NA,NA,NA,NA,NA
"France","Female","France",NA,NA,1,1,NA
"Israel","Male","Israel",NA,NA,NA,NA,NA
"Israel","Male","Israel",NA,NA,NA,NA,NA
"Israel","Female","Israel",NA,NA,NA,1,NA
"USA","Male","Michigan",NA,NA,NA,NA,NA
"France","Female","France",NA,NA,NA,NA,NA
"Romania","Male","Romania",NA,NA,NA,NA,NA
"Canada","Male","British Columbia",NA,NA,NA,1,NA
"Israel","Male","Israel",NA,NA,NA,NA,NA
"Israel","Male","Israel",1,NA,NA,1,NA
"Switzerland","Male","Switzerland",NA,NA,NA,NA,NA
"Israel","Male","Israel",NA,NA,NA,NA,NA
"Israel","Male","Israel",NA,NA,NA,NA,1
"Israel","Male","Israel",NA,NA,NA,NA,NA
"","Female","",1,NA,NA,1,NA
"USA","Male","California",NA,NA,NA,NA,NA
"France","Male","France",1,1,NA,NA,NA
"Israel","Male","Israel",NA,NA,NA,NA,NA
"Israel","Male","Israel",1,NA,NA,1,NA
"Israel","Male","Israel",NA,NA,NA,NA,NA
"Israel","Male","Israel",1,NA,NA,1,NA
"Israel","Male","Israel",1,1,NA,1,NA
"Germany","Male","Germany",NA,NA,NA,NA,NA
"India","Male","India",NA,NA,NA,NA,NA
"Greece","Female","Greece",1,NA,1,1,NA
"Israel","Male","Israel",NA,NA,NA,NA,NA
"Israel","Male","Israel",NA,NA,NA,NA,NA
"Israel","Female","Israel",NA,NA,NA,NA,NA
"Canada","Female","Quebec",NA,NA,1,NA,NA
"","Female","",1,NA,NA,1,NA
"","Male","",NA,NA,NA,NA,NA
"Israel","Male","Israel",NA,NA,NA,NA,NA
"Israel","Female","Israel",NA,NA,NA,NA,NA
"Israel","Male","Israel",NA,NA,NA,NA,NA
"Israel","Male","Israel",NA,NA,NA,NA,NA
"Israel","Male","Israel",NA,NA,NA,NA,NA
"Israel","Male","Israel",NA,1,NA,NA,NA
"USA","Female","New Hampshire",NA,NA,NA,NA,NA
"Israel","Male","Israel",NA,NA,NA,1,NA
"USA","Male","Maryland",1,NA,NA,NA,NA
"Israel","Female","Israel",NA,NA,NA,NA,NA
"Canada","Female","Ontario",NA,NA,NA,NA,NA
"Switzerland","Male","Switzerland",NA,NA,NA,NA,NA
"Israel","Female","Israel",NA,1,NA,1,NA
"Israel","Male","Israel",NA,NA,NA,NA,NA
"Israel","Male","Israel",NA,NA,NA,NA,NA
"Israel","Male","Israel",1,1,NA,NA,NA
"Israel","Male","Israel",NA,NA,NA,NA,NA
"Israel","Female","Israel",NA,NA,1,NA,1
"Israel","Female","Israel",NA,NA,NA,NA,NA
"Israel","Male","Israel",1,NA,NA,1,NA
"Israel","Male","Israel",NA,NA,NA,NA,NA
"Israel","Male","Israel",1,1,NA,NA,NA
"USA","Male","Vermont",1,NA,NA,NA,NA
"Israel","Male","Israel",1,NA,NA,1,NA
"Israel","Male","Israel",1,NA,1,NA,NA
"Spain","Male","Spain",1,NA,NA,NA,NA
"Israel","Male","Israel",NA,NA,NA,NA,NA
"","Male","",NA,NA,NA,NA,NA
"Israel","Female","Israel",NA,NA,NA,NA,NA
"Israel","Female","Israel",NA,NA,NA,NA,NA
"Israel","Female","Israel",NA,NA,NA,NA,NA
"Israel","Female","Israel",NA,NA,NA,1,NA
"United Kingdom","Female","United Kingdom",NA,NA,NA,NA,NA
"Israel","Male","Israel",NA,NA,NA,NA,NA
"Israel","Female","Israel",NA,1,NA,1,NA
"Israel","Male","Israel",1,NA,NA,NA,NA
"Israel","Male","Israel",1,NA,NA,1,NA
"Israel","Male","Israel",NA,NA,NA,NA,NA
"Israel","Male","Israel",NA,NA,NA,NA,NA
"Israel","Male","Israel",NA,NA,NA,NA,1
"Israel","Male","Israel",NA,NA,NA,NA,NA
"Israel","Male","Israel",NA,NA,NA,1,NA
"Israel","Male","Israel",NA,NA,NA,NA,NA
"Israel","Male","Israel",NA,NA,NA,NA,NA
"Poland","Male","Poland",NA,NA,NA,NA,NA
"Israel","Male","Israel",NA,NA,NA,NA,NA
"Israel","Male","Israel",NA,NA,NA,NA,NA
"Israel","Female","Israel",NA,NA,NA,NA,NA
"Israel","Female","Israel",NA,NA,NA,NA,NA
"Israel","Male","Israel",1,1,NA,NA,NA
"USA","Female","Arizona",NA,NA,NA,NA,NA
"Israel","Male","Israel",NA,NA,NA,1,NA
"Israel","Male","Israel",NA,NA,NA,NA,NA
"Israel","Female","Israel",1,NA,NA,NA,NA
"Israel","Male","Israel",NA,NA,NA,NA,NA
"Israel","Male","Israel",NA,NA,NA,NA,NA
"Israel","Male","Israel",NA,NA,NA,NA,NA
"Israel","Male","Israel",NA,NA,NA,NA,NA
"Israel","Male","Israel",NA,NA,NA,NA,NA
"Israel","Female","Israel",NA,NA,NA,NA,NA
"Israel","Male","Israel",NA,NA,NA,NA,NA
"Israel","Male","Israel",NA,NA,NA,NA,NA
"USA","Female","Michigan",NA,NA,NA,NA,NA
"Canada","Female","Ontario",NA,NA,NA,NA,NA
"Israel","Male","Israel",NA,NA,NA,NA,NA
"Israel","Male","Israel",NA,NA,NA,NA,NA
"Netherlands","Male","Netherlands",NA,NA,NA,NA,NA
"Israel","Female","Israel",NA,NA,NA,1,NA
"France","Male","France",1,1,NA,NA,NA
"","Female","",NA,NA,NA,NA,NA
"Israel","Male","Israel",NA,NA,NA,NA,NA
"Israel","Male","Israel",NA,NA,NA,NA,NA
"Israel","Male","Israel",1,NA,1,NA,NA
"Israel","Male","Israel",NA,NA,NA,NA,NA
"Israel","Male","Israel",NA,NA,NA,NA,NA
"Israel","Male","Israel",1,NA,NA,NA,NA
"Israel","Male","Israel",NA,NA,NA,NA,NA
"United Kingdom","Female","United Kingdom",1,1,NA,1,NA
"United Kingdom","Female","United Kingdom",1,NA,NA,1,NA
"Israel","Male","Israel",NA,NA,NA,NA,NA
"United Kingdom","Male","United Kingdom",1,NA,NA,NA,NA
"Israel","Female","Israel",NA,NA,NA,NA,NA
"Israel","Male","Israel",NA,NA,NA,NA,NA
"Israel","Male","Israel",1,NA,NA,1,NA
"","Male","",NA,NA,NA,NA,NA
"Israel","Female","Israel",NA,NA,NA,NA,NA
"","Female","",1,1,NA,1,NA
"USA","Female","Nebraska",NA,NA,NA,NA,NA
"France","Female","France",NA,NA,NA,NA,NA
"Brazil","Male","Brazil",NA,NA,NA,NA,NA
"Brazil","Female","Brazil",NA,NA,NA,NA,NA
"Netherlands","Male","Netherlands",NA,NA,NA,1,NA
"Brazil","Male","Brazil",NA,NA,NA,NA,NA
"Brazil","Male","Brazil",NA,NA,NA,NA,NA
"Brazil","Male","Brazil",1,1,1,1,NA
"","Male","",NA,NA,NA,NA,NA
"Brazil","Male","Brazil",NA,NA,NA,NA,NA
"Brazil","Male","Brazil",NA,NA,NA,NA,NA
"Brazil","Female","Brazil",NA,NA,NA,NA,NA
"Brazil","Male","Brazil",NA,NA,NA,NA,NA
"Brazil","Female","Brazil",NA,NA,NA,NA,NA
"Brazil","Male","Brazil",NA,NA,NA,NA,NA
"Brazil","Male","Brazil",NA,NA,NA,NA,NA
"Brazil","Male","Brazil",NA,NA,NA,NA,NA
"Germany","Male","Germany",NA,NA,NA,1,NA
"Brazil","Male","Brazil",NA,NA,NA,NA,NA
"Spain","Male","Spain",1,NA,NA,NA,NA
"Brazil","Female","Brazil",1,NA,1,NA,NA
"Brazil","Female","Brazil",NA,NA,NA,NA,NA
"Italy","Male","Italy",1,NA,NA,1,NA
"Uruguay","Male","Uruguay",NA,NA,NA,NA,NA
"Canada","Female","Ontario",NA,NA,NA,NA,NA
"Canada","Female","Quebec",NA,NA,NA,NA,NA
"Canada","Male","Ontario",NA,NA,NA,1,NA
"Canada","Male","Ontario",NA,NA,NA,NA,NA
"Canada","Male","Ontario",NA,NA,NA,NA,NA
"Canada","Male","Quebec",NA,NA,NA,1,NA
"","Male","",NA,NA,NA,NA,NA
"Canada","Male","Quebec",1,1,NA,1,NA
"","Male","",NA,NA,NA,NA,NA
"Canada","Male","Ontario",NA,NA,NA,NA,NA
"Canada","Male","Alberta",NA,NA,1,1,NA
"Canada","Male","Alberta",NA,NA,NA,NA,NA
"Canada","Female","Quebec",NA,NA,NA,NA,1
"Canada","Male","Alberta",NA,NA,1,1,NA
"Canada","Male","Alberta",NA,NA,NA,NA,NA
"Canada","Male","Nova Scotia",NA,1,NA,1,NA
"Canada","Female","Alberta",NA,1,NA,1,NA
"Canada","Male","Newfoundland and Labrador",NA,NA,NA,1,NA
"Canada","Male","Alberta",1,1,1,1,NA
"Canada","Male","Alberta",NA,NA,NA,1,1
"Canada","Female","Prince Edward Island",1,1,NA,1,NA
"Canada","Male","Saskatchewan",NA,NA,NA,NA,NA
"Canada","Male","British Columbia",NA,NA,NA,NA,NA
"Canada","Female","Saskatchewan",NA,NA,NA,NA,NA
"Canada","Female","New Brunswick",NA,NA,NA,NA,NA
"Canada","Male","British Columbia",NA,NA,NA,NA,NA
"Canada","Male","Ontario",1,NA,NA,NA,NA
"Canada","Male","Ontario",1,NA,NA,NA,NA
"Canada","Male","Ontario",1,NA,NA,1,NA
"Canada","Male","Quebec",NA,NA,NA,1,NA
"Canada","Male","Ontario",NA,NA,NA,NA,NA
"Canada","Female","Nova Scotia",NA,NA,NA,1,NA
"Canada","Male","Alberta",NA,NA,NA,NA,NA
"Canada","Female","Ontario",NA,NA,NA,1,NA
"Canada","Male","Ontario",NA,NA,NA,NA,NA
"Canada","Male","Quebec",1,NA,NA,NA,NA
"Canada","Female","British Columbia",NA,NA,NA,NA,1
"Canada","Male","Alberta",NA,NA,NA,NA,NA
"Canada","Male","Quebec",1,1,NA,1,NA
"Canada","Female","Quebec",1,NA,1,1,NA
"Canada","Male","Quebec",NA,NA,NA,NA,NA
"Austria","Male","Austria",NA,NA,NA,NA,NA
"Canada","Male","Quebec",1,NA,NA,1,1
"Canada","Male","Quebec",NA,NA,NA,NA,NA
"Canada","Male","Nova Scotia",NA,NA,NA,NA,1
"","Male","",NA,NA,NA,NA,NA
"Canada","Male","Ontario",NA,NA,NA,1,NA
"Norway","Male","Norway",NA,NA,NA,NA,NA
"Canada","Male","British Columbia",NA,NA,NA,NA,NA
"Canada","Male","Saskatchewan",1,1,1,1,NA
"USA","Male","Wisconsin",NA,NA,NA,NA,NA
"Canada","Male","Quebec",NA,NA,NA,NA,NA
"Canada","Male","Ontario",NA,NA,NA,NA,NA
"Canada","Male","Alberta",NA,NA,NA,1,NA
"USA","Male","Massachusetts",NA,NA,NA,NA,NA
"Canada","Male","Quebec",NA,NA,NA,NA,NA
"Canada","Female","Quebec",NA,NA,NA,NA,NA
"Canada","Male","Quebec",NA,NA,NA,NA,NA
"Canada","Male","British Columbia",NA,NA,NA,NA,NA
"Canada","Female","British Columbia",NA,NA,NA,NA,NA
"Canada","Female","Ontario",NA,NA,NA,NA,NA
"Canada","Male","Alberta",1,1,NA,1,NA
"Canada","Male","Newfoundland and Labrador",NA,NA,NA,1,NA
"Canada","Female","Quebec",NA,NA,NA,NA,NA
"Canada","Male","British Columbia",1,1,NA,1,NA
"France","Male","France",NA,NA,NA,NA,NA
"Canada","Male","Ontario",NA,NA,NA,NA,NA
"","Male","",NA,NA,NA,NA,NA
"Canada","Male","Quebec",NA,NA,NA,NA,NA
"Canada","Male","British Columbia",NA,NA,NA,1,NA
"Canada","Male","British Columbia",NA,NA,NA,NA,NA
"Canada","Male","British Columbia",NA,NA,NA,NA,NA
"Canada","Female","Ontario",1,1,NA,1,NA
"Canada","Female","British Columbia",NA,NA,NA,NA,NA
"Canada","Male","Quebec",NA,NA,NA,NA,NA
"Canada","Male","British Columbia",NA,NA,NA,1,NA
"Canada","Male","Ontario",NA,NA,NA,1,NA
"Canada","Male","Quebec",1,NA,NA,NA,NA
"Canada","Male","Nova Scotia",NA,NA,NA,1,NA
"Canada","Female","Ontario",NA,NA,NA,NA,NA
"Canada","Female","Quebec",NA,NA,NA,1,NA
"Canada","Male","Newfoundland and Labrador",1,NA,NA,NA,NA
"Canada","Male","Quebec",NA,NA,NA,NA,NA
"Canada","Male","Alberta",NA,NA,NA,1,NA
"France","Male","France",NA,NA,NA,1,NA
"Canada","","British Columbia",NA,NA,NA,NA,NA
"Canada","Male","Ontario",NA,NA,NA,1,NA
"Canada","Male","British Columbia",NA,NA,NA,1,NA
"Canada","Female","British Columbia",1,NA,NA,NA,NA
"Canada","Male","British Columbia",1,1,1,1,NA
"","Female","",NA,NA,NA,1,NA
"","Male","",NA,NA,NA,NA,NA
"Canada","Female","Alberta",NA,NA,NA,NA,NA
"Canada","Male","Ontario",NA,NA,NA,NA,NA
"Canada","Male","Alberta",NA,NA,NA,1,NA
"Canada","Male","Alberta",NA,NA,NA,NA,NA
"Canada","Male","Ontario",1,NA,NA,NA,NA
"Canada","Female","British Columbia",NA,NA,NA,NA,1
"Canada","Male","Quebec",NA,NA,NA,NA,NA
"Canada","Male","Nova Scotia",NA,NA,NA,NA,NA
"Canada","Male","Quebec",NA,NA,NA,NA,NA
"Canada","Male","Quebec",NA,NA,NA,1,NA
"Canada","Male","Quebec",NA,NA,NA,NA,NA
"Canada","Male","Quebec",NA,NA,NA,NA,NA
"Canada","Male","Quebec",1,NA,NA,NA,NA
"Canada","Male","Ontario",NA,NA,NA,NA,NA
"Canada","Male","Alberta",NA,NA,NA,1,NA
"Canada","Female","Quebec",NA,NA,NA,NA,NA
"Canada","Male","Ontario",1,NA,NA,1,NA
"Switzerland","Male","Switzerland",NA,NA,NA,NA,NA
"Canada","","Alberta",NA,NA,NA,NA,NA
"Canada","Male","Ontario",NA,NA,NA,NA,NA
"Canada","Male","Quebec",NA,NA,NA,NA,NA
"Canada","Male","Ontario",NA,NA,NA,1,NA
"Canada","Male","Ontario",1,NA,NA,1,NA
"Canada","Male","British Columbia",NA,NA,NA,NA,NA
"Canada","Male","Ontario",NA,NA,NA,1,NA
"Poland","Male","Poland",NA,NA,NA,NA,NA
"Canada","Male","British Columbia",NA,NA,NA,1,NA
"Canada","Male","Alberta",NA,NA,NA,NA,NA
"Canada","Male","Newfoundland and Labrador",1,NA,NA,NA,NA
"Canada","Female","Quebec",1,NA,NA,NA,NA
"Canada","Male","British Columbia",NA,NA,NA,NA,NA
"Canada","Male","Alberta",1,NA,NA,1,NA
"Canada","Male","Ontario",NA,NA,NA,1,NA
"Canada","Male","Alberta",NA,NA,NA,NA,NA
"Canada","Male","British Columbia",NA,NA,NA,1,NA
"Canada","Male","Ontario",NA,NA,NA,NA,NA
"Canada","Male","Ontario",NA,NA,NA,NA,NA
"Canada","Male","Ontario",NA,NA,NA,NA,NA
"Canada","Female","Alberta",NA,NA,NA,NA,NA
"Canada","Male","Ontario",NA,NA,NA,NA,NA
"Canada","Female","Newfoundland and Labrador",NA,NA,NA,NA,NA
"Canada","Male","Ontario",NA,1,NA,1,NA
"Canada","Female","Ontario",1,NA,NA,NA,NA
"Canada","Male","Ontario",NA,NA,NA,NA,NA
"Canada","Female","Ontario",NA,NA,NA,NA,NA
"Canada","Male","Alberta",NA,NA,NA,NA,NA
"Canada","Male","British Columbia",NA,NA,NA,1,NA
"Uruguay","Male","Uruguay",NA,NA,NA,NA,NA
"","Male","",NA,NA,NA,NA,NA
"Canada","Female","Alberta",NA,NA,NA,NA,NA
"","Female","",NA,NA,NA,NA,NA
"Canada","Male","Ontario",NA,NA,NA,NA,NA
"Canada","Male","Manitoba",NA,NA,NA,NA,NA
"Canada","Male","British Columbia",NA,NA,NA,NA,NA
"Canada","Male","Ontario",NA,NA,1,1,NA
"Canada","Male","British Columbia",NA,NA,NA,1,NA
"Canada","Male","Ontario",NA,NA,NA,NA,NA
"Canada","Male","Ontario",NA,NA,NA,NA,NA
"Canada","Male","Ontario",NA,NA,NA,NA,NA
"Canada","Male","Alberta",NA,NA,NA,NA,NA
"Canada","Female","Ontario",NA,NA,NA,NA,NA
"Canada","Female","Alberta",NA,NA,NA,NA,NA
"Canada","Female","Nova Scotia",NA,NA,NA,NA,NA
"Canada","Male","Ontario",NA,NA,NA,NA,NA
"Canada","Male","Manitoba",NA,NA,NA,1,NA
"Canada","Female","Ontario",NA,NA,NA,NA,NA
"Canada","Female","Ontario",NA,NA,NA,NA,NA
"Canada","Male","Alberta",NA,NA,NA,NA,NA
"Canada","Male","Ontario",1,NA,NA,1,NA
"Canada","Female","Ontario",NA,NA,NA,NA,NA
"Canada","Male","Ontario",NA,NA,NA,NA,NA
"Canada","Male","Ontario",NA,NA,NA,NA,NA
"Canada","Female","British Columbia",NA,NA,NA,NA,NA
"Canada","","Nova Scotia",NA,NA,NA,1,NA
"Canada","Other","Ontario",NA,NA,NA,1,NA
"Canada","Male","Ontario",NA,NA,NA,NA,NA
"Canada","Female","New Brunswick",NA,NA,NA,NA,NA
"Canada","Male","Alberta",NA,NA,NA,NA,NA
"Canada","Male","Alberta",NA,NA,NA,NA,NA
"Canada","Male","New Brunswick",NA,NA,NA,NA,NA
"Canada","Male","Alberta",NA,NA,NA,NA,NA
"Canada","Male","Ontario",NA,1,NA,NA,NA
"Canada","Male","Ontario",NA,NA,NA,1,NA
"Canada","Male","Quebec",1,NA,NA,1,NA
"Canada","Female","Ontario",NA,NA,NA,NA,NA
"Canada","Female","British Columbia",NA,NA,NA,NA,NA
"Canada","Female","Ontario",NA,NA,NA,NA,NA
"Canada","Male","Ontario",NA,NA,NA,NA,NA
"Canada","Male","Ontario",NA,NA,NA,NA,NA
"Canada","Male","Alberta",NA,NA,NA,NA,NA
"Canada","Female","Ontario",NA,NA,NA,NA,NA
"Canada","Male","Ontario",NA,NA,NA,1,NA
"Canada","Male","Ontario",NA,NA,NA,NA,NA
"Canada","Female","British Columbia",NA,NA,NA,NA,1
"Canada","Male","Ontario",NA,NA,NA,NA,NA
"Canada","Male","Ontario",1,NA,NA,NA,1
"Canada","Male","Alberta",NA,NA,NA,NA,NA
"Canada","Male","Ontario",NA,NA,NA,NA,NA
"Canada","Male","Alberta",1,NA,NA,1,NA
"Canada","Male","Ontario",NA,NA,NA,1,NA
"Canada","Male","Ontario",NA,NA,NA,NA,NA
"Canada","Male","Quebec",NA,NA,NA,1,NA
"USA","Female","Vermont",NA,NA,NA,NA,NA
"Canada","","Ontario",NA,1,NA,1,NA
"Canada","Male","Ontario",NA,NA,NA,1,NA
"Canada","Male","Alberta",NA,NA,NA,NA,NA
"Canada","Male","Alberta",NA,NA,NA,NA,NA
"Canada","Male","Nova Scotia",NA,1,NA,1,NA
"Canada","Male","Alberta",1,NA,NA,NA,NA
"USA","Male","Nevada",1,NA,NA,1,NA
"Canada","Male","Ontario",NA,NA,NA,NA,NA
"Canada","Female","Ontario",NA,NA,NA,1,NA
"Canada","Female","Ontario",NA,NA,NA,NA,NA
"Canada","Male","Ontario",NA,NA,NA,NA,NA
"Canada","Male","Quebec",NA,NA,NA,1,NA
"USA","Male","Nevada",NA,1,NA,1,NA
"Canada","Female","Ontario",NA,NA,NA,1,NA
"Canada","Male","Alberta",NA,NA,NA,NA,NA
"Canada","Female","Quebec",1,NA,NA,NA,NA
"Canada","Male","Alberta",NA,NA,NA,NA,NA
"Canada","Male","Ontario",NA,NA,NA,NA,NA
"Canada","Female","Ontario",NA,NA,NA,NA,NA
"France","Male","France",NA,NA,NA,NA,NA
"Canada","Female","Alberta",NA,NA,NA,1,NA
"Canada","Male","Ontario",NA,NA,NA,NA,NA
"Canada","Female","Alberta",NA,NA,NA,NA,NA
"Canada","Male","Alberta",NA,NA,NA,1,NA
"Canada","Male","Ontario",NA,NA,NA,1,NA
"Canada","Female","Ontario",NA,NA,NA,NA,NA
"Canada","Male","Ontario",1,NA,NA,1,NA
"Canada","Male","Manitoba",NA,NA,NA,NA,NA
"Canada","Male","Quebec",NA,NA,NA,NA,NA
"Canada","Male","Manitoba",NA,NA,NA,NA,NA
"","","",NA,NA,NA,NA,1
"Canada","Male","Ontario",NA,1,NA,1,NA
"Canada","Female","Ontario",1,NA,NA,1,NA
"Canada","Female","Ontario",NA,NA,NA,NA,NA
"Canada","Female","Ontario",NA,NA,NA,1,NA
"Canada","Female","British Columbia",1,1,NA,NA,1
"Canada","Male","New Brunswick",NA,NA,NA,NA,NA
"Canada","Male","Quebec",NA,NA,NA,1,NA
"Canada","Female","Ontario",1,NA,NA,NA,NA
"Canada","Male","Ontario",NA,NA,NA,NA,NA
"Canada","Male","Quebec",NA,NA,NA,NA,NA
"Canada","Male","Ontario",1,1,1,1,NA
"Canada","Male","Alberta",NA,NA,NA,NA,NA
"Canada","Male","Ontario",NA,NA,NA,NA,NA
"Canada","Male","Alberta",NA,NA,NA,NA,NA
"USA","Male","New York",NA,NA,NA,NA,NA
"Canada","Male","Ontario",NA,NA,NA,1,NA
"Japan","Male","Japan",NA,NA,NA,NA,NA
"Canada","Male","Ontario",NA,NA,NA,1,NA
"Canada","Male","British Columbia",NA,NA,NA,1,NA
"Canada","Male","Ontario",NA,NA,NA,NA,NA
"Canada","Male","Ontario",NA,NA,NA,NA,NA
"Canada","Female","Ontario",NA,NA,NA,NA,NA
"","Male","",NA,NA,NA,1,NA
"Canada","Male","Ontario",1,1,1,1,NA
"Canada","Female","Ontario",NA,NA,NA,NA,NA
"Canada","Female","British Columbia",NA,NA,NA,NA,NA
"Canada","Male","Ontario",1,NA,NA,NA,NA
"Canada","Female","Ontario",NA,1,NA,NA,NA
"","Male","",NA,NA,NA,NA,NA
"Canada","Male","Ontario",NA,NA,NA,NA,NA
"Canada","Male","Ontario",NA,NA,1,NA,NA
"Canada","Male","Quebec",NA,NA,NA,NA,NA
"Canada","Male","Ontario",NA,NA,NA,1,NA
"Canada","Male","Saskatchewan",NA,NA,NA,NA,NA
"Canada","Male","Alberta",NA,NA,NA,NA,NA
"Canada","Male","Ontario",1,NA,NA,1,NA
"Canada","Male","Quebec",NA,NA,NA,NA,NA
"Canada","Female","Ontario",NA,NA,NA,1,NA
"Canada","Male","British Columbia",NA,NA,1,1,NA
"Canada","Female","Prince Edward Island",NA,NA,NA,NA,NA
"Canada","Male","British Columbia",1,1,NA,NA,NA
"Canada","Male","British Columbia",NA,NA,NA,1,NA
"Canada","Male","British Columbia",NA,NA,NA,1,NA
"Canada","Male","Manitoba",NA,NA,NA,NA,NA
"Canada","Male","Alberta",NA,NA,NA,NA,NA
"France","Male","France",1,NA,NA,NA,NA
"Canada","Male","Ontario",1,NA,NA,NA,NA
"Canada","Male","Ontario",NA,NA,NA,NA,NA
"Canada","Female","Alberta",1,NA,NA,1,NA
"Canada","Male","Alberta",NA,NA,NA,NA,NA
"Canada","Male","Alberta",NA,NA,NA,NA,NA
"Canada","Male","British Columbia",1,NA,NA,NA,NA
"Canada","Male","Quebec",NA,NA,NA,NA,NA
"United Kingdom","Female","United Kingdom",NA,NA,NA,NA,NA
"Canada","Male","Ontario",NA,NA,NA,NA,1
"Canada","Female","British Columbia",1,1,1,1,NA
"Canada","Male","Ontario",NA,NA,NA,1,NA
"Canada","Male","Manitoba",NA,1,NA,1,NA
"Canada","Female","British Columbia",1,NA,1,1,1
"Canada","Male","Ontario",NA,NA,NA,NA,1
"Canada","Male","Newfoundland and Labrador",NA,NA,NA,NA,NA
"Canada","Male","Ontario",NA,NA,NA,NA,NA
"","Other","",NA,NA,NA,NA,NA
"Canada","Female","British Columbia",NA,NA,NA,NA,NA
"Canada","","Ontario",NA,NA,NA,NA,NA
"USA","Male","New York",1,1,NA,1,NA
"Greece","Male","Greece",NA,NA,NA,NA,NA
"Canada","Male","Quebec",NA,NA,NA,NA,NA
"Canada","Female","Alberta",NA,NA,NA,NA,NA
"Canada","Female","British Columbia",NA,NA,NA,1,NA
"Canada","Male","Ontario",NA,NA,NA,NA,NA
"Canada","Female","British Columbia",NA,NA,1,1,NA
"Croatia","Male","Croatia",NA,NA,NA,NA,NA
"","Female","",NA,NA,NA,NA,NA
"Canada","Male","Prince Edward Island",NA,NA,NA,NA,NA
"Canada","Female","Ontario",NA,NA,NA,1,NA
"Canada","Female","British Columbia",NA,NA,NA,NA,NA
"","Male","",NA,NA,NA,NA,NA
"Canada","Male","Alberta",NA,NA,NA,NA,NA
"Canada","Male","Alberta",NA,NA,NA,1,NA
"","Male","",1,1,NA,1,NA
"Canada","Female","British Columbia",1,1,1,1,NA
"Canada","Male","Alberta",NA,NA,NA,NA,NA
"Canada","Male","Ontario",NA,NA,NA,NA,NA
"Canada","Male","Alberta",NA,NA,1,1,NA
"Canada","Male","Ontario",NA,NA,NA,1,1
"Canada","Male","Alberta",NA,NA,NA,1,NA
"Korea","Male","Korea",NA,NA,NA,NA,NA
"Canada","Male","Quebec",1,NA,NA,1,1
"Canada","Male","Ontario",1,NA,NA,1,NA
"Canada","Female","Ontario",NA,1,NA,1,NA
"Switzerland","Male","Switzerland",NA,NA,NA,1,NA
"","Female","",NA,NA,NA,NA,NA
"Canada","Female","Nova Scotia",NA,NA,NA,NA,NA
"Canada","Male","Alberta",1,1,NA,1,NA
"","Female","",1,1,NA,1,NA
"Canada","Male","Alberta",NA,NA,NA,NA,NA
"Canada","Male","New Brunswick",NA,NA,NA,NA,NA
"Canada","Male","Quebec",NA,NA,NA,1,NA
"Canada","Male","Alberta",NA,NA,NA,NA,NA
"Canada","Male","Ontario",NA,NA,NA,1,NA
"USA","Female","Vermont",NA,NA,NA,1,NA
"","Male","",NA,NA,NA,NA,NA
"Canada","Male","Quebec",1,NA,NA,NA,NA
"Canada","Female","Ontario",NA,NA,NA,NA,NA
"Canada","Male","Alberta",NA,NA,NA,NA,NA
"Canada","Male","Ontario",NA,NA,NA,1,NA
"Mexico","Male","Mexico",NA,NA,NA,NA,NA
"","Male","",NA,NA,NA,NA,NA
"Canada","Male","Ontario",NA,NA,NA,NA,NA
"Canada","Male","Nova Scotia",NA,NA,NA,NA,NA
"Canada","Male","Ontario",NA,NA,NA,NA,NA
"","Female","",NA,1,NA,1,NA
"USA","Male","Florida",1,1,NA,1,NA
"","Male","",NA,NA,NA,NA,NA
"","Male","",NA,NA,NA,NA,NA
"Australia","Male","Australia",NA,NA,NA,NA,NA
"Canada","Male","Ontario",NA,NA,NA,NA,NA
"Chile","Male","Chile",NA,NA,NA,NA,NA
"Canada","Male","Saskatchewan",NA,NA,NA,1,NA
"","Male","",NA,NA,NA,NA,NA
"Canada","Female","Yukon Territory",NA,NA,NA,1,NA
"Canada","Male","British Columbia",NA,NA,NA,NA,NA
"Canada","Male","Quebec",NA,NA,NA,NA,NA
"","Male","",NA,NA,NA,1,NA
"Canada","Male","Alberta",NA,NA,NA,NA,NA
"Canada","Female","Prince Edward Island",NA,NA,NA,1,NA
"Canada","Male","Alberta",NA,NA,NA,1,NA
"Canada","Male","British Columbia",1,1,1,NA,NA
"","Male","",NA,1,NA,NA,NA
"Canada","Male","British Columbia",NA,NA,NA,NA,NA
"Canada","Male","New Brunswick",NA,NA,NA,NA,NA
"Canada","Male","Ontario",NA,NA,1,1,NA
"Canada","Male","British Columbia",NA,NA,NA,NA,NA
"Canada","Male","Alberta",NA,NA,NA,NA,NA
"Canada","Male","British Columbia",NA,NA,NA,NA,NA
"Argentina","Male","Argentina",NA,NA,NA,NA,NA
"Canada","Male","Ontario",NA,NA,NA,NA,NA
"Canada","Male","British Columbia",NA,NA,NA,1,1
"Canada","Male","Ontario",1,1,NA,1,NA
"Canada","Male","Ontario",NA,NA,NA,NA,NA
"Canada","Male","Ontario",1,NA,NA,1,NA
"Canada","Male","Quebec",NA,NA,NA,1,NA
"Sweden","Female","Sweden",1,1,1,NA,NA
"Canada","Female","Newfoundland and Labrador",NA,NA,NA,NA,NA
"Canada","Female","Ontario",NA,NA,NA,NA,NA
"Canada","Male","Ontario",NA,NA,NA,1,NA
"Canada","Male","Alberta",NA,NA,NA,NA,NA
"Canada","Male","Newfoundland and Labrador",NA,NA,NA,NA,NA
"Canada","Male","New Brunswick",NA,NA,NA,NA,NA
"Japan","Male","Japan",NA,NA,NA,NA,NA
"Canada","Male","New Brunswick",NA,NA,1,1,NA
"Canada","Male","Ontario",NA,NA,NA,1,NA
"Canada","Male","British Columbia",NA,NA,NA,NA,NA
"Canada","Male","Ontario",NA,NA,NA,1,NA
"USA","Female","New York",NA,NA,NA,NA,NA
"","Male","",1,NA,NA,1,NA
"United Kingdom","Male","United Kingdom",NA,NA,NA,NA,NA
"","Male","",NA,NA,NA,NA,NA
"","Female","",NA,NA,NA,NA,NA
"","Male","",NA,NA,NA,NA,1
"","Female","",1,NA,NA,1,NA
"Canada","Male","British Columbia",1,NA,NA,NA,NA
"Canada","Male","New Brunswick",NA,NA,NA,NA,NA
"Canada","Male","Ontario",NA,NA,NA,NA,NA
"Canada","Male","Ontario",NA,NA,NA,NA,NA
"","Male","",1,NA,NA,1,NA
"USA","Male","New York",1,1,1,1,NA
"Canada","Male","Ontario",NA,NA,NA,NA,NA
"Canada","Male","Alberta",NA,NA,NA,NA,NA
"USA","Male","New Jersey",NA,NA,NA,NA,NA
"Australia","Male","Australia",NA,NA,NA,NA,NA
"Canada","Male","Quebec",NA,NA,NA,NA,NA
"Canada","Male","Alberta",NA,NA,NA,NA,NA
"Canada","Female","British Columbia",NA,1,NA,NA,NA
"Canada","Male","Ontario",NA,NA,NA,NA,NA
"Canada","Male","Alberta",1,NA,NA,1,NA
"Japan","Male","Japan",NA,NA,NA,1,NA
"Canada","Female","Ontario",NA,NA,NA,NA,NA
"Canada","Female","Ontario",NA,NA,NA,NA,NA
"Canada","Male","Ontario",NA,NA,NA,1,NA
"Canada","Male","Quebec",NA,NA,NA,NA,NA
"Canada","Female","Nova Scotia",NA,NA,NA,NA,NA
"Canada","Female","Ontario",NA,NA,NA,NA,NA
"Canada","Female","Ontario",NA,NA,NA,1,NA
"","Male","",NA,NA,NA,NA,NA
"Canada","Female","British Columbia",NA,NA,NA,NA,NA
"","Male","",NA,NA,NA,1,NA
"India","Male","India",NA,NA,NA,NA,NA
"Canada","Male","Ontario",NA,NA,NA,NA,NA
"Canada","Male","Ontario",NA,NA,NA,NA,NA
"Canada","Male","Quebec",NA,NA,NA,NA,NA
"USA","Male","Illinois",NA,NA,NA,NA,NA
"Canada","Male","Quebec",NA,NA,NA,NA,NA
"Canada","Male","Ontario",NA,NA,NA,NA,NA
"Canada","Male","British Columbia",NA,NA,NA,NA,NA
"Canada","Female","Alberta",NA,NA,NA,1,NA
"","Male","",1,NA,1,1,NA
"Canada","Male","Alberta",NA,NA,NA,NA,NA
"","Male","",NA,NA,NA,NA,NA
"Canada","Male","British Columbia",NA,NA,NA,1,NA
"Ethiopia","Male","Ethiopia",NA,NA,NA,1,NA
"","Male","",1,NA,NA,1,NA
"","Male","",1,NA,NA,NA,NA
"Canada","Female","Ontario",1,1,NA,1,NA
"Italy","Male","Italy",NA,NA,NA,1,NA
"","Female","",NA,NA,NA,NA,NA
"Canada","Male","Ontario",NA,NA,NA,NA,NA
"Finland","Male","Finland",NA,NA,NA,NA,NA
"Canada","Male","New Brunswick",NA,NA,NA,NA,NA
"Serbia","Female","Serbia",NA,1,NA,NA,NA
"Greece","Female","Greece",1,NA,NA,NA,NA
"Switzerland","Male","Switzerland",NA,NA,NA,NA,NA
"Canada","Male","Nova Scotia",NA,NA,NA,1,NA
"Canada","Male","Newfoundland and Labrador",1,NA,NA,NA,NA
"France","Female","France",1,NA,1,NA,1
"Canada","Male","Newfoundland and Labrador",NA,NA,NA,NA,NA
"","Male","",1,NA,NA,NA,NA
"France","Female","France",NA,NA,NA,NA,NA
"Canada","Male","Ontario",NA,NA,NA,NA,NA
"Canada","Female","Nova Scotia",NA,1,NA,1,NA
"Canada","Male","Ontario",NA,NA,NA,NA,NA
"","Male","",NA,NA,NA,NA,NA
"","Male","",NA,NA,NA,NA,NA
"Canada","Male","Newfoundland and Labrador",NA,NA,NA,NA,NA
"Canada","Male","Ontario",NA,NA,NA,NA,NA
"Canada","Male","British Columbia",NA,NA,NA,1,NA
"Brazil","Male","Brazil",1,NA,NA,NA,NA
"Canada","Male","Nova Scotia",NA,NA,NA,NA,NA
"Canada","Male","Newfoundland and Labrador",NA,NA,NA,NA,NA
"","Male","",NA,NA,NA,NA,NA
"Canada","Male","Ontario",1,NA,NA,NA,NA
"Canada","Male","Nova Scotia",NA,NA,1,NA,NA
"Canada","Male","Quebec",NA,NA,NA,NA,NA
"Canada","Female","Ontario",NA,NA,NA,NA,NA
"Canada","Female","Ontario",NA,NA,NA,NA,NA
"Canada","Male","Ontario",NA,NA,NA,NA,NA
"Canada","Male","Ontario",NA,NA,NA,1,NA
"Canada","Female","Ontario",NA,NA,NA,NA,NA
"Canada","Female","Ontario",NA,NA,NA,1,NA
"Uruguay","Female","Uruguay",NA,NA,NA,NA,NA
"","Female","",NA,NA,NA,NA,NA
"Canada","Male","Quebec",NA,NA,NA,NA,NA
"Canada","Male","Ontario",NA,NA,NA,NA,NA
"Canada","Male","Ontario",NA,NA,NA,NA,NA
"Canada","Male","Ontario",NA,NA,NA,NA,NA
"Germany","Male","Germany",1,NA,NA,1,NA
"Canada","Male","Alberta",1,NA,NA,NA,NA
"Netherlands","Male","Netherlands",1,1,NA,NA,NA
"Canada","Male","Alberta",NA,NA,NA,NA,NA
"Canada","Female","Ontario",NA,NA,NA,NA,NA
"Canada","Male","Ontario",NA,NA,NA,1,NA
"Canada","Female","Alberta",1,1,1,1,NA
"Canada","Male","Ontario",NA,NA,NA,NA,NA
"Canada","Male","Ontario",NA,NA,NA,NA,NA
"Greece","Male","Greece",NA,NA,NA,1,NA
"Canada","Male","Quebec",NA,NA,NA,1,NA
"Canada","Male","Ontario",NA,NA,NA,NA,NA
"Canada","Female","Quebec",NA,NA,NA,NA,NA
"Canada","Male","Ontario",NA,NA,NA,NA,NA
"Canada","Male","Ontario",1,1,NA,1,NA
"Canada","Female","Ontario",NA,NA,NA,NA,1
"Canada","Female","Ontario",NA,NA,NA,1,NA
"Canada","Male","Ontario",NA,NA,NA,NA,NA
"Canada","Female","Ontario",NA,NA,NA,1,NA
"Canada","Male","Quebec",NA,NA,NA,NA,NA
"Canada","Male","Newfoundland and Labrador",NA,NA,NA,NA,NA
"Canada","Male","Ontario",NA,NA,NA,NA,NA
"Canada","Male","New Brunswick",NA,NA,NA,1,NA
"Canada","Male","Ontario",NA,NA,NA,NA,NA
"","Male","",NA,NA,NA,1,NA
"Canada","Male","Ontario",NA,NA,NA,1,NA
"","Male","",1,NA,1,NA,NA
"United Kingdom","Male","United Kingdom",NA,NA,NA,1,NA
"Canada","Male","Ontario",NA,NA,NA,NA,NA
"Canada","Male","Nova Scotia",NA,NA,NA,NA,NA
"Canada","Male","Ontario",1,NA,NA,NA,NA
"Canada","Male","Ontario",NA,NA,NA,NA,NA
"Canada","Female","British Columbia",NA,NA,NA,NA,NA
"Canada","Female","British Columbia",NA,NA,NA,NA,NA
"Canada","Male","Ontario",NA,NA,1,1,NA
"Canada","Male","Ontario",NA,NA,NA,1,NA
"Canada","Male","Alberta",NA,NA,NA,NA,NA
"Canada","Female","Ontario",NA,NA,NA,NA,NA
"Canada","Male","Quebec",1,NA,NA,1,NA
"Canada","Male","Alberta",NA,NA,NA,NA,NA
"Canada","Male","Ontario",NA,NA,NA,NA,NA
"Canada","Male","Ontario",NA,NA,1,NA,NA
"Canada","Male","Ontario",NA,NA,NA,NA,NA
"Canada","Female","Quebec",NA,NA,NA,NA,NA
"Canada","Male","Quebec",1,NA,1,1,NA
"Canada","Male","Newfoundland and Labrador",NA,NA,NA,1,NA
"Canada","Male","Manitoba",NA,NA,NA,NA,NA
"Canada","Male","Ontario",NA,NA,NA,NA,1
"Canada","Male","Ontario",1,NA,NA,1,NA
"Canada","Female","Ontario",NA,NA,NA,1,NA
"","Male","",NA,NA,NA,1,NA
"Canada","Male","Ontario",NA,NA,NA,NA,NA
"Canada","Male","Ontario",NA,NA,NA,NA,NA
"Canada","Female","Ontario",NA,NA,NA,NA,NA
"Canada","Female","Nova Scotia",NA,NA,NA,NA,NA
"Canada","Male","Alberta",NA,NA,NA,NA,NA
"Brazil","Male","Brazil",NA,NA,NA,NA,NA
"Canada","Male","British Columbia",NA,NA,NA,NA,NA
"Canada","Male","British Columbia",NA,NA,NA,1,NA
"Canada","Female","Nova Scotia",NA,NA,NA,NA,NA
"Canada","Male","Ontario",1,1,NA,1,NA
"","Female","",NA,NA,NA,NA,NA
"Canada","Male","Ontario",1,NA,NA,NA,1
"Canada","Male","Ontario",NA,NA,NA,NA,NA
"Canada","Male","Newfoundland and Labrador",NA,NA,NA,NA,NA
"","Male","",1,NA,NA,NA,NA
"Canada","Male","Ontario",NA,NA,NA,NA,NA
"Canada","Female","Ontario",NA,NA,NA,NA,NA
"Canada","Male","Quebec",NA,NA,NA,NA,NA
"Canada","Male","Ontario",1,NA,NA,NA,NA
"Canada","Male","Ontario",1,NA,NA,NA,NA
"","Male","",1,NA,1,1,NA
"Canada","Male","Ontario",NA,1,NA,1,NA
"Uruguay","Male","Uruguay",NA,NA,NA,NA,NA
"Canada","Male","Alberta",NA,NA,NA,1,NA
"Canada","Female","British Columbia",NA,NA,NA,NA,NA
"USA","Female","New Hampshire",NA,NA,NA,NA,NA
"Canada","Male","Ontario",NA,NA,NA,NA,NA
"","Male","",NA,NA,NA,NA,NA
"Canada","Male","British Columbia",NA,NA,NA,NA,NA
"Canada","Female","Ontario",NA,NA,NA,NA,NA
"Canada","Male","Ontario",NA,NA,NA,NA,NA
"Canada","Male","Ontario",1,NA,NA,1,NA
"Canada","Male","Ontario",NA,NA,NA,NA,NA
"Canada","Male","Ontario",NA,NA,NA,NA,NA
"Canada","Female","Quebec",NA,NA,NA,NA,NA
"Canada","Male","British Columbia",1,NA,NA,1,NA
"Germany","Male","Germany",NA,NA,NA,1,NA
"Germany","Male","Germany",NA,NA,NA,NA,NA
"Spain","Male","Spain",1,1,NA,1,NA
"United Kingdom","Male","United Kingdom",NA,NA,NA,NA,NA
"Germany","Male","Germany",1,NA,NA,1,NA
"","Female","",NA,NA,NA,1,NA
"Italy","Male","Italy",NA,NA,NA,NA,NA
"United Kingdom","Male","United Kingdom",NA,NA,NA,NA,NA
"Canada","Male","Nova Scotia",NA,NA,NA,1,NA
"USA","Male","Maine",NA,1,NA,NA,NA
"Canada","Male","Ontario",NA,NA,NA,NA,NA
"","Male","",NA,NA,NA,NA,NA
"Canada","Female","Ontario",1,NA,NA,NA,NA
"Germany","Male","Germany",NA,NA,NA,NA,NA
"Canada","Female","Ontario",NA,NA,NA,NA,NA
"Switzerland","Female","Switzerland",NA,NA,NA,NA,NA
"Canada","Male","Quebec",NA,NA,NA,NA,NA
"Canada","Male","Ontario",NA,1,NA,1,NA
"Canada","Female","Nova Scotia",NA,NA,NA,NA,NA
"Canada","Female","Manitoba",1,NA,NA,1,NA
"Canada","Male","Manitoba",NA,NA,NA,NA,NA
"Canada","Male","Quebec",NA,NA,NA,NA,NA
"Canada","Female","Manitoba",NA,NA,NA,NA,NA
"United Kingdom","Female","United Kingdom",NA,NA,NA,NA,NA
"Canada","Female","Nova Scotia",1,1,1,1,NA
"Canada","Male","Quebec",NA,NA,NA,NA,NA
"Canada","Female","Quebec",NA,NA,NA,1,NA
"Canada","Male","Manitoba",NA,NA,NA,NA,NA
"Canada","Male","Quebec",NA,NA,NA,NA,1
"Canada","Male","Ontario",NA,NA,NA,NA,NA
"Canada","Female","Quebec",1,1,NA,1,NA
"Canada","Male","Ontario",NA,NA,NA,1,NA
"Canada","Female","Quebec",NA,NA,NA,NA,NA
"","Male","",NA,NA,NA,1,NA
"Spain","Male","Spain",1,NA,NA,NA,NA
"Canada","Male","Nova Scotia",NA,NA,NA,NA,NA
"Canada","Male","New Brunswick",NA,NA,NA,NA,NA
"Canada","Male","Ontario",NA,1,NA,NA,NA
"Canada","Male","New Brunswick",1,NA,NA,NA,NA
"Canada","Male","New Brunswick",1,1,NA,1,NA
"Canada","Male","Quebec",NA,NA,NA,NA,NA
"Canada","Female","Nunavut",NA,NA,1,1,NA
"Canada","Male","Nova Scotia",NA,NA,NA,NA,NA
"Canada","Male","Quebec",NA,NA,NA,1,NA
"Canada","Male","Quebec",NA,NA,NA,NA,NA
"Canada","Male","Nova Scotia",NA,NA,NA,1,NA
"Canada","Male","Quebec",NA,NA,NA,NA,NA
"Canada","Male","Quebec",NA,NA,NA,NA,NA
"Canada","Male","Ontario",NA,NA,NA,NA,NA
"Canada","Male","Ontario",NA,NA,NA,1,NA
"Canada","Female","Ontario",NA,NA,NA,NA,NA
"Canada","Male","Ontario",NA,NA,NA,1,NA
"Canada","Male","New Brunswick",1,NA,NA,1,NA
"Canada","Female","Quebec",NA,NA,NA,NA,NA
"Canada","Male","Ontario",NA,NA,NA,1,NA
"Canada","Male","Ontario",NA,1,NA,NA,1
"Canada","Female","Quebec",NA,NA,NA,1,NA
"France","Male","France",1,NA,NA,1,NA
"Canada","Male","New Brunswick",NA,NA,NA,NA,NA
"Canada","Male","Quebec",NA,NA,NA,NA,NA
"Canada","Male","Quebec",NA,NA,1,NA,NA
"Canada","Male","Quebec",NA,NA,NA,NA,NA
"Canada","Male","Ontario",NA,NA,NA,NA,NA
"","Female","",NA,NA,NA,NA,NA
"Canada","Female","Quebec",NA,NA,NA,1,NA
"Chile","Male","Chile",NA,NA,NA,NA,NA
"Canada","Male","New Brunswick",NA,NA,NA,NA,NA
"Canada","Male","Quebec",NA,NA,NA,NA,NA
"Canada","Male","Ontario",NA,NA,NA,NA,NA
"Canada","Male","British Columbia",NA,1,NA,1,1
"Canada","Female","Quebec",NA,NA,NA,NA,NA
"Canada","Male","Quebec",1,NA,1,1,NA
"Canada","Female","Quebec",NA,NA,NA,NA,NA
"Canada","Female","Saskatchewan",NA,NA,NA,1,NA
"Canada","Male","Quebec",NA,NA,NA,NA,NA
"Canada","Female","Quebec",NA,NA,NA,1,NA
"Canada","Female","Quebec",NA,NA,NA,1,NA
"Canada","Male","Quebec",NA,NA,NA,NA,NA
"Canada","Male","Quebec",NA,NA,NA,NA,NA
"Canada","Male","Quebec",NA,NA,NA,NA,NA
"","Female","",NA,NA,NA,NA,NA
"Canada","Male","Alberta",NA,NA,NA,NA,NA
"Canada","Male","Quebec",NA,NA,1,NA,NA
"Canada","Male","Ontario",NA,NA,NA,NA,NA
"Canada","Female","New Brunswick",NA,NA,NA,NA,NA
"Canada","Male","Ontario",1,1,1,1,NA
"Canada","Male","Ontario",NA,NA,NA,NA,NA
"Canada","Female","Ontario",NA,NA,NA,1,NA
"USA","Male","Massachusetts",1,NA,NA,1,NA
"Canada","Male","Ontario",1,NA,NA,1,NA
"Canada","Male","Quebec",NA,NA,NA,NA,NA
"Canada","Male","Ontario",NA,NA,NA,NA,NA
"Canada","Female","Ontario",NA,NA,NA,NA,NA
"Canada","Male","Ontario",1,NA,NA,1,NA
"Canada","Female","Ontario",NA,NA,NA,NA,NA
"Canada","Male","Quebec",NA,NA,NA,NA,NA
"Canada","Male","Nova Scotia",NA,NA,NA,NA,NA
"Canada","Male","New Brunswick",NA,NA,NA,NA,NA
"Canada","Male","Ontario",NA,NA,NA,NA,NA
"Canada","Male","Nova Scotia",NA,NA,NA,NA,NA
"Canada","Male","Nova Scotia",NA,NA,NA,NA,NA
"Canada","Male","Ontario",1,NA,NA,NA,NA
"Canada","Male","Nova Scotia",1,NA,NA,NA,NA
"Canada","Female","Ontario",NA,NA,NA,NA,NA
"Canada","Male","Saskatchewan",NA,NA,1,1,NA
"Canada","Female","Quebec",NA,1,NA,NA,NA
"Canada","Female","Quebec",NA,NA,NA,NA,NA
"Poland","Male","Poland",NA,NA,NA,1,NA
"Canada","Male","Newfoundland and Labrador",NA,NA,NA,NA,NA
"Canada","Male","Quebec",NA,NA,NA,1,NA
"Canada","Male","New Brunswick",1,NA,NA,NA,NA
"Canada","Male","Nova Scotia",NA,NA,NA,1,NA
"Canada","Other","New Brunswick",NA,NA,NA,1,NA
"Canada","Male","New Brunswick",NA,NA,NA,NA,NA
"Canada","Male","Quebec",NA,NA,NA,1,NA
"Canada","Male","Ontario",NA,NA,NA,NA,NA
"France","Male","France",NA,NA,NA,NA,NA
"Canada","Male","Quebec",NA,NA,NA,NA,NA
"Canada","Male","Quebec",NA,NA,NA,NA,NA
"Canada","Male","Quebec",NA,NA,NA,NA,NA
"Canada","Male","Quebec",NA,NA,NA,NA,NA
"Canada","Male","Quebec",NA,NA,NA,1,NA
"Tanzania","Male","Tanzania",1,NA,1,NA,NA
"Canada","Male","Nova Scotia",NA,NA,NA,1,NA
"","Male","",NA,NA,NA,NA,NA
"Canada","Male","Quebec",1,1,NA,1,NA
"Canada","Male","British Columbia",NA,NA,NA,NA,NA
"Canada","Male","Quebec",1,NA,NA,NA,NA
"Canada","Male","British Columbia",NA,NA,NA,NA,NA
"Canada","Female","Quebec",NA,NA,NA,NA,NA
"Canada","Male","Quebec",NA,NA,NA,NA,NA
"Canada","Female","Quebec",1,NA,NA,1,NA
"Canada","Male","Quebec",NA,NA,NA,NA,NA
"Canada","Male","Ontario",NA,NA,NA,1,NA
"Canada","Female","British Columbia",NA,NA,NA,NA,NA
"Canada","Male","Ontario",NA,NA,NA,NA,NA
"Canada","Female","Quebec",NA,NA,NA,NA,NA
"France","Male","France",NA,NA,NA,NA,NA
"Canada","Male","New Brunswick",NA,NA,NA,NA,NA
"Canada","Male","Ontario",NA,NA,NA,NA,NA
"Canada","Male","British Columbia",NA,NA,NA,NA,NA
"Canada","Male","Ontario",1,NA,NA,NA,NA
"Canada","Male","Ontario",1,NA,1,1,NA
"Canada","Male","Quebec",NA,NA,NA,1,NA
"Canada","Male","Quebec",NA,NA,NA,NA,NA
"Germany","Male","Germany",NA,NA,NA,1,NA
"Canada","Female","Quebec",NA,NA,NA,NA,NA
"Italy","Female","Italy",NA,NA,NA,1,NA
"Canada","Male","Quebec",NA,NA,NA,NA,NA
"Canada","Male","Quebec",NA,NA,NA,NA,NA
"","Male","",NA,NA,1,NA,NA
"Canada","Male","Quebec",NA,NA,NA,1,NA
"Canada","Male","Ontario",NA,NA,NA,1,NA
"Canada","Male","Nova Scotia",NA,NA,NA,1,NA
"Canada","Male","Ontario",1,1,NA,NA,NA
"Canada","Male","Newfoundland and Labrador",NA,NA,NA,NA,NA
"USA","Male","California",NA,NA,NA,1,NA
"Canada","Male","Quebec",NA,NA,NA,NA,NA
"Canada","Male","Saskatchewan",NA,NA,NA,NA,NA
"Canada","Male","Quebec",1,NA,1,NA,NA
"Canada","Female","Ontario",NA,NA,NA,NA,NA
"Canada","Male","Quebec",NA,NA,NA,NA,NA
"Canada","Male","Quebec",NA,NA,NA,NA,NA
"Canada","Male","Ontario",NA,NA,NA,1,NA
"Canada","Female","Ontario",NA,NA,NA,1,1
"Canada","Male","Ontario",NA,NA,NA,NA,NA
"Canada","Male","Quebec",NA,NA,NA,1,NA
"Canada","Female","Quebec",NA,NA,NA,NA,NA
"Canada","Male","Quebec",NA,NA,NA,NA,NA
"Canada","Male","Quebec",NA,NA,NA,1,NA
"Canada","Male","Quebec",NA,NA,NA,NA,NA
"Canada","Female","Nova Scotia",NA,NA,NA,1,NA
"USA","Male","North Carolina",NA,NA,NA,NA,NA
"Canada","Male","Ontario",NA,NA,NA,NA,NA
"USA","Female","New Jersey",1,NA,1,1,NA
"Canada","Female","Ontario",NA,NA,NA,1,NA
"Canada","Male","Ontario",NA,NA,NA,NA,NA
"Canada","Male","Ontario",NA,NA,NA,1,NA
"Canada","Male","Nova Scotia",NA,1,NA,NA,NA
"Canada","Male","Ontario",NA,NA,NA,NA,NA
"Canada","Female","Ontario",1,NA,NA,1,NA
"Canada","Male","Quebec",NA,NA,NA,NA,NA
"Canada","","Quebec",NA,NA,NA,NA,NA
"USA","Female","New Mexico",NA,NA,NA,NA,NA
"Canada","Male","New Brunswick",NA,NA,NA,1,NA
"Canada","Male","Quebec",1,NA,NA,1,NA
"Canada","Male","Quebec",NA,NA,NA,NA,NA
"","Male","",NA,NA,NA,NA,1
"Canada","Female","Ontario",NA,NA,NA,NA,NA
"Switzerland","Male","Switzerland",NA,NA,NA,NA,NA
"Canada","Male","Quebec",1,NA,NA,NA,NA
"Canada","Male","Quebec",1,NA,NA,NA,NA
"Canada","Male","Ontario",NA,NA,NA,1,NA
"Canada","Male","Quebec",NA,NA,NA,NA,NA
"Canada","Male","Ontario",NA,NA,NA,1,NA
"Germany","Male","Germany",NA,NA,NA,NA,NA
"","Female","",NA,NA,NA,NA,NA
"Canada","Other","Ontario",NA,1,NA,1,NA
"Sweden","Female","Sweden",NA,NA,NA,1,NA
"Denmark","Male","Denmark",NA,NA,NA,NA,NA
"France","Male","France",NA,NA,NA,1,NA
"Canada","Male","Quebec",1,NA,NA,NA,NA
"Canada","Male","Ontario",NA,NA,NA,NA,NA
"Canada","Male","Quebec",1,NA,NA,1,NA
"Canada","Male","Quebec",NA,NA,NA,NA,NA
"Canada","Male","Quebec",NA,NA,NA,NA,NA
"Canada","Male","New Brunswick",NA,NA,NA,NA,NA
"Canada","Female","Nova Scotia",NA,NA,NA,NA,NA
"Canada","Male","Quebec",NA,NA,NA,NA,NA
"Canada","Female","New Brunswick",NA,NA,NA,NA,NA
"Canada","Male","Ontario",NA,NA,NA,NA,NA
"Canada","Female","Ontario",NA,NA,NA,NA,NA
"Canada","Female","British Columbia",NA,NA,NA,1,NA
"Canada","Male","Quebec",NA,NA,NA,NA,NA
"Canada","Male","Quebec",NA,NA,NA,NA,NA
"Canada","Male","New Brunswick",NA,NA,NA,1,NA
"Canada","Female","Nova Scotia",NA,NA,NA,1,NA
"Canada","Female","Quebec",NA,NA,NA,NA,NA
"Canada","Male","Quebec",NA,NA,NA,NA,NA
"Canada","Male","Ontario",NA,NA,NA,1,NA
"USA","Male","Nebraska",NA,NA,NA,1,NA
"Canada","Male","Quebec",NA,NA,NA,1,NA
"Canada","Male","Quebec",NA,NA,NA,1,NA
"Canada","Male","Ontario",NA,NA,NA,NA,NA
"USA","Male","California",NA,NA,NA,NA,NA
"Canada","Male","Nova Scotia",NA,NA,NA,NA,NA
"Canada","Male","Manitoba",NA,NA,NA,NA,NA
"Canada","Female","Quebec",NA,NA,NA,NA,NA
"Brazil","Male","Brazil",NA,NA,NA,NA,NA
"Canada","Male","Quebec",NA,NA,NA,NA,NA
"Canada","Female","Ontario",NA,NA,NA,NA,NA
"Greece","Male","Greece",NA,NA,NA,NA,NA
"Canada","Female","Manitoba",NA,NA,NA,NA,NA
"Canada","Female","Quebec",NA,NA,NA,NA,NA
"Canada","Male","Ontario",NA,NA,NA,NA,NA
"Canada","Male","Ontario",NA,NA,NA,NA,NA
"Canada","Female","Ontario",1,NA,NA,1,NA
"France","Male","France",1,1,1,NA,NA
"Canada","Male","Alberta",NA,NA,NA,NA,NA
"Canada","Male","British Columbia",NA,NA,NA,NA,NA
"Canada","Male","Quebec",NA,NA,NA,NA,NA
"Canada","Male","Manitoba",NA,NA,NA,1,NA
"Canada","Male","Alberta",1,NA,NA,1,NA
"Canada","Female","Ontario",NA,NA,NA,NA,NA
"","Female","",NA,NA,NA,1,NA
"","Female","",NA,NA,NA,NA,NA
"Canada","Male","Ontario",NA,NA,1,1,NA
"Denmark","Male","Denmark",NA,NA,NA,NA,NA
"United Kingdom","Female","United Kingdom",1,NA,NA,1,NA
"Canada","Male","Newfoundland and Labrador",NA,NA,NA,NA,NA
"","Male","",NA,NA,NA,1,NA
"","Male","",NA,NA,NA,NA,NA
"Canada","Male","Alberta",NA,NA,NA,NA,NA
"Canada","Male","Quebec",NA,NA,NA,NA,NA
"Canada","Male","Nova Scotia",1,1,NA,NA,NA
"Canada","Male","Quebec",NA,NA,NA,NA,NA
"Canada","Male","Ontario",NA,NA,NA,NA,NA
"Canada","Male","British Columbia",1,NA,NA,1,NA
"Canada","Male","Newfoundland and Labrador",NA,NA,NA,NA,NA
"Canada","Male","British Columbia",1,NA,NA,NA,NA
"United Kingdom","Male","United Kingdom",NA,NA,NA,NA,NA
"","Male","",NA,NA,NA,1,NA
"Canada","Female","Quebec",1,NA,NA,NA,NA
"Canada","Male","Quebec",NA,NA,NA,NA,NA
"","Male","",NA,NA,NA,1,NA
"","Male","",NA,NA,NA,NA,NA
"Canada","Female","British Columbia",1,NA,NA,1,1
"Canada","Female","Nova Scotia",NA,NA,NA,NA,NA
"Canada","Female","Ontario",NA,NA,NA,1,NA
"Canada","Male","Ontario",NA,NA,NA,NA,NA
"Canada","Female","British Columbia",NA,NA,NA,1,NA
"Germany","Male","Germany",1,NA,NA,1,NA
"Cameroon","Male","Cameroon",NA,NA,NA,NA,NA
"Canada","Male","Saskatchewan",NA,NA,NA,NA,NA
"","Female","",NA,NA,NA,1,NA
"Canada","Male","Quebec",NA,NA,NA,NA,NA
"Canada","Female","Ontario",NA,NA,NA,NA,NA
"Canada","Male","Quebec",NA,NA,NA,NA,NA
"Netherlands","Male","Netherlands",NA,NA,NA,1,NA
"Canada","Male","Quebec",NA,NA,1,NA,NA
"","Male","",NA,NA,NA,NA,NA
"Canada","Male","Alberta",NA,NA,NA,NA,NA
"Canada","Male","Ontario",NA,NA,NA,1,NA
"Canada","Male","Ontario",1,NA,NA,1,NA
"Canada","Male","Ontario",NA,NA,NA,1,NA
"Canada","Female","Quebec",NA,NA,NA,NA,NA
"Canada","Male","British Columbia",NA,NA,NA,1,NA
"Canada","Male","Alberta",1,NA,NA,1,NA
"Canada","","Quebec",NA,NA,NA,NA,NA
"Canada","Female","Ontario",NA,NA,NA,NA,NA
"Canada","Male","Saskatchewan",NA,NA,NA,NA,NA
"Chile","Male","Chile",1,1,NA,1,1
"Canada","Male","New Brunswick",1,1,NA,1,NA
"Canada","Male","Ontario",1,NA,NA,1,NA
"Canada","Male","Quebec",NA,NA,NA,NA,NA
"Canada","Male","Ontario",NA,NA,NA,1,NA
"Canada","","Ontario",1,NA,1,1,NA
"Canada","Male","Ontario",NA,NA,NA,NA,NA
"Canada","Male","Ontario",NA,NA,NA,NA,NA
"Canada","Female","Quebec",NA,NA,NA,NA,NA
"Canada","Male","Ontario",NA,NA,NA,NA,NA
"Canada","Male","Alberta",NA,NA,NA,NA,NA
"","Male","",NA,NA,NA,NA,NA
"Australia","Male","Australia",1,NA,NA,NA,NA
"Canada","Male","Ontario",NA,NA,NA,NA,NA
"Canada","Male","Quebec",NA,NA,NA,NA,NA
"Austria","Male","Austria",NA,NA,NA,NA,NA
"France","Male","France",NA,NA,1,NA,NA
"Canada","Male","Ontario",NA,NA,NA,NA,NA
"USA","","New York",NA,NA,NA,NA,NA
"Israel","Female","Israel",NA,NA,NA,NA,NA
"Israel","Female","Israel",NA,NA,NA,NA,NA
"Israel","Male","Israel",NA,NA,NA,NA,NA
"Israel","Male","Israel",NA,NA,NA,NA,NA
"Israel","Male","Israel",NA,NA,NA,1,NA
"Israel","Other","Israel",NA,NA,NA,1,NA
"","Male","",NA,NA,NA,NA,NA
"Israel","Female","Israel",NA,NA,NA,NA,NA
"Israel","Male","Israel",NA,NA,NA,NA,NA
"Israel","Male","Israel",NA,NA,NA,NA,NA
"Israel","Male","Israel",NA,NA,NA,NA,NA
"Israel","Male","Israel",NA,NA,NA,NA,NA
"Israel","Male","Israel",NA,NA,NA,NA,NA
"Israel","Female","Israel",NA,NA,NA,NA,NA
"Israel","Male","Israel",NA,NA,NA,NA,NA
"Israel","Female","Israel",1,NA,NA,1,NA
"USA","Male","New York",1,NA,1,NA,NA
"","Male","",NA,NA,NA,NA,NA
"Israel","Male","Israel",NA,NA,NA,NA,1
"Canada","Female","Ontario",NA,NA,NA,NA,NA
"Switzerland","Male","Switzerland",1,NA,NA,NA,NA
"Israel","Male","Israel",NA,NA,NA,NA,NA
"Canada","Male","Ontario",NA,NA,NA,NA,NA
"Canada","Female","British Columbia",NA,NA,NA,NA,NA
"Canada","Female","Ontario",NA,NA,NA,NA,NA
"","Female","",NA,NA,NA,NA,NA
"Canada","Male","Quebec",NA,NA,NA,NA,NA
"Canada","Male","Nova Scotia",NA,NA,NA,NA,NA
"USA","Male","Texas",NA,NA,NA,NA,NA
"Israel","Male","Israel",1,NA,NA,NA,NA
"","Female","",NA,1,NA,NA,NA
"Canada","Male","Manitoba",NA,NA,NA,NA,NA
"Israel","Female","Israel",NA,NA,NA,NA,NA
"Israel","Male","Israel",NA,NA,NA,NA,NA
"Israel","Male","Israel",NA,NA,1,NA,NA
"","Male","",NA,1,NA,1,NA
"Canada","Female","Nova Scotia",NA,NA,NA,NA,NA
"Israel","Male","Israel",NA,NA,NA,NA,NA
"Canada","Female","Ontario",NA,NA,1,1,NA
"Canada","Male","Ontario",NA,NA,NA,1,NA
"Canada","Male","Nova Scotia",NA,NA,NA,1,NA
"Canada","Male","Quebec",NA,NA,NA,NA,NA
"Canada","Male","Nova Scotia",1,NA,NA,1,NA
"Canada","Male","Alberta",NA,NA,NA,NA,NA
"Canada","Male","Nova Scotia",NA,NA,NA,1,NA
"Canada","Male","Ontario",NA,NA,NA,NA,NA
"Canada","Female","New Brunswick",NA,1,NA,NA,NA
"Canada","Male","Ontario",NA,NA,NA,NA,NA
"Canada","Male","Alberta",NA,NA,NA,NA,NA
"Israel","Male","Israel",NA,NA,NA,NA,NA
"Canada","Male","Ontario",NA,1,NA,1,NA
"Canada","Male","Ontario",NA,NA,NA,NA,NA
"Israel","Female","Israel",NA,1,NA,NA,NA
"Canada","Male","Ontario",NA,NA,NA,NA,NA
"Canada","Male","British Columbia",NA,NA,NA,NA,NA
"Canada","Male","Nova Scotia",NA,NA,NA,1,NA
"Canada","Male","Saskatchewan",NA,NA,NA,NA,NA
"Canada","Female","Ontario",NA,1,NA,1,NA
"Canada","Male","Ontario",NA,NA,NA,1,NA
"","Male","",NA,NA,NA,NA,NA
"Canada","Male","Ontario",NA,NA,NA,NA,NA
"Canada","Other","Ontario",1,1,NA,1,NA
"Canada","Male","Quebec",NA,NA,NA,NA,NA
"Canada","Male","Ontario",1,1,1,1,NA
"Canada","Male","British Columbia",NA,NA,NA,1,NA
"Canada","Female","Ontario",1,NA,NA,1,NA
"Canada","Male","Manitoba",NA,NA,NA,NA,NA
"","Male","",NA,NA,NA,NA,NA
"Canada","Male","Nova Scotia",NA,NA,NA,1,NA
"Canada","Male","Ontario",1,NA,1,1,NA
"Canada","Male","Quebec",NA,NA,NA,NA,NA
"","Male","",NA,NA,1,NA,NA
"Canada","Male","Ontario",NA,NA,NA,NA,NA
"Canada","Female","Ontario",NA,NA,NA,1,NA
"Canada","Male","Ontario",NA,NA,NA,NA,NA
"Canada","Male","Manitoba",1,1,NA,NA,NA
"","Female","",NA,NA,NA,NA,NA
"Canada","Male","Ontario",NA,NA,NA,NA,NA
"Canada","Male","Nova Scotia",NA,NA,NA,1,NA
"Canada","Female","Prince Edward Island",NA,NA,NA,1,NA
"Canada","Male","Alberta",NA,NA,NA,NA,NA
"Canada","Male","Quebec",NA,NA,NA,NA,NA
"Canada","Male","Ontario",NA,NA,NA,1,NA
"Canada","Male","British Columbia",NA,NA,NA,1,NA
"Canada","Male","Ontario",NA,NA,NA,NA,NA
"Canada","Male","British Columbia",NA,NA,NA,1,NA
"Canada","Male","Alberta",1,NA,NA,1,NA
"Canada","Female","Ontario",1,1,NA,1,NA
"Canada","Male","Quebec",NA,NA,NA,NA,NA
"Canada","Female","Alberta",NA,NA,NA,1,NA
"Israel","Male","Israel",NA,NA,NA,NA,NA
"Canada","Male","Alberta",1,NA,NA,NA,NA
"Canada","Male","Ontario",NA,NA,NA,NA,NA
"","Male","",NA,NA,NA,1,NA
"Canada","Male","Ontario",NA,NA,NA,NA,NA
"Canada","Female","Ontario",NA,NA,NA,NA,NA
"Canada","Female","Quebec",NA,NA,NA,NA,NA
"Canada","Male","Ontario",NA,NA,NA,NA,NA
"Canada","Male","Ontario",NA,NA,NA,NA,NA
"Canada","Male","Alberta",NA,NA,NA,NA,NA
"Canada","Male","Quebec",NA,NA,NA,NA,1
"Canada","Male","Ontario",NA,NA,NA,NA,NA
"Canada","Male","Manitoba",1,1,NA,1,NA
"Canada","Male","British Columbia",NA,NA,NA,NA,NA
"Canada","Male","Saskatchewan",NA,NA,NA,1,NA
"Canada","Male","Ontario",NA,NA,NA,NA,NA
"","Male","",NA,NA,NA,NA,NA
"Canada","Female","Quebec",NA,NA,NA,NA,NA
"Canada","Female","British Columbia",NA,NA,NA,1,NA
"Canada","Male","Ontario",NA,NA,NA,NA,NA
"Canada","Male","Ontario",1,NA,NA,1,NA
"","Male","",NA,NA,NA,NA,NA
"Germany","Male","Germany",NA,NA,NA,1,NA
"Canada","Male","Ontario",NA,NA,NA,NA,NA
"Canada","Male","Ontario",NA,NA,NA,NA,NA
"Canada","Male","Ontario",NA,NA,NA,NA,NA
"Canada","Female","Ontario",NA,NA,NA,NA,NA
"Canada","Male","Ontario",NA,NA,NA,NA,NA
"Canada","Male","Ontario",NA,NA,NA,NA,NA
"Canada","Female","Ontario",NA,NA,NA,NA,NA
"Canada","Male","Alberta",NA,NA,NA,1,NA
"Canada","Male","Ontario",1,NA,NA,NA,NA
"Canada","Other","British Columbia",NA,NA,NA,NA,NA
"Canada","Male","Ontario",NA,NA,NA,NA,NA
"Canada","Male","Ontario",NA,NA,NA,NA,NA
"Canada","Male","Alberta",NA,NA,NA,NA,NA
"","Male","",NA,NA,NA,1,NA
"Canada","Male","Manitoba",NA,NA,NA,NA,NA
"Canada","Male","Quebec",NA,NA,NA,NA,NA
"Canada","Male","Manitoba",NA,NA,NA,1,NA
"Canada","Male","Ontario",NA,NA,NA,NA,NA
"Canada","Male","Alberta",NA,NA,NA,NA,NA
"Canada","Male","Alberta",NA,NA,NA,NA,NA
"Canada","Male","Nova Scotia",NA,NA,NA,NA,NA
"Canada","Male","Quebec",NA,NA,NA,NA,NA
"Canada","Female","Quebec",NA,NA,NA,NA,NA
"Canada","Female","New Brunswick",NA,NA,NA,NA,NA
"Canada","Male","Newfoundland and Labrador",1,NA,NA,1,NA
"Canada","Male","Ontario",NA,NA,NA,NA,NA
"Canada","Male","Quebec",NA,NA,NA,NA,NA
"","Male","",1,NA,NA,NA,NA
"Canada","Male","Quebec",NA,NA,NA,NA,NA
"Canada","Female","Ontario",NA,NA,NA,NA,NA
"Canada","Male","Quebec",1,NA,NA,1,NA
"Canada","Female","British Columbia",1,NA,NA,1,NA
"Canada","Male","New Brunswick",NA,NA,NA,NA,NA
"Canada","Male","Saskatchewan",NA,NA,NA,NA,NA
"Canada","Male","Ontario",1,NA,NA,1,NA
"Canada","Male","Ontario",NA,NA,NA,NA,NA
"Canada","Female","British Columbia",NA,NA,NA,NA,NA
"Canada","Male","British Columbia",NA,NA,NA,NA,NA
"Canada","Male","British Columbia",NA,1,NA,NA,NA
"Canada","Male","Nova Scotia",NA,NA,NA,1,NA
"Canada","Male","Nova Scotia",NA,NA,NA,NA,NA
"Canada","Male","Ontario",NA,NA,NA,NA,NA
"","Male","",1,NA,NA,1,NA
"Canada","Male","Nova Scotia",1,1,1,1,NA
"Canada","Male","Ontario",NA,NA,NA,NA,NA
"Canada","Female","Nova Scotia",NA,NA,NA,NA,NA
"Canada","Female","Quebec",NA,NA,NA,NA,NA
"Canada","Male","British Columbia",NA,NA,NA,1,NA
"Canada","Female","Ontario",1,NA,NA,NA,NA
"","Male","",NA,NA,NA,NA,NA
"Canada","Female","Newfoundland and Labrador",NA,NA,NA,1,NA
"","Male","",NA,NA,NA,NA,NA
"Canada","Male","British Columbia",NA,NA,NA,NA,NA
"Canada","Male","Ontario",1,NA,NA,NA,NA
"Canada","Female","Ontario",NA,NA,NA,NA,NA
"Canada","Male","Ontario",NA,NA,NA,NA,1
"Canada","Male","Quebec",NA,1,NA,NA,NA
"Canada","Male","British Columbia",NA,NA,NA,NA,NA
"Canada","Male","Ontario",NA,NA,NA,NA,NA
"Canada","Male","British Columbia",NA,NA,NA,NA,NA
"United Kingdom","Male","United Kingdom",NA,NA,NA,NA,NA
"Canada","Male","Alberta",NA,NA,NA,NA,NA
"Canada","Male","Ontario",NA,NA,NA,NA,NA
"Canada","Male","Ontario",NA,NA,NA,NA,NA
"Canada","Female","Ontario",1,NA,NA,1,NA
"Canada","Male","Ontario",NA,NA,NA,1,NA
"Canada","Male","British Columbia",NA,NA,NA,NA,NA
"Canada","Female","Ontario",NA,NA,NA,1,NA
"Canada","Male","Alberta",NA,NA,NA,NA,NA
"Canada","Male","Saskatchewan",NA,NA,NA,NA,1
"Canada","Male","Saskatchewan",NA,NA,NA,NA,NA
"Canada","Male","British Columbia",NA,NA,NA,NA,NA
"","Male","",NA,NA,NA,NA,NA
"Canada","Male","Alberta",1,NA,NA,1,NA
"","Male","",NA,NA,NA,NA,NA
"Canada","Male","Ontario",NA,NA,NA,NA,NA
"Canada","Female","Manitoba",NA,NA,NA,NA,NA
"Canada","Male","Alberta",1,NA,1,1,NA
"Canada","Male","Nova Scotia",NA,NA,NA,NA,NA
"Canada","Male","Ontario",NA,1,NA,1,NA
"Canada","Male","British Columbia",NA,NA,NA,NA,NA
"","Male","",NA,NA,NA,NA,NA
"Canada","Male","Newfoundland and Labrador",NA,NA,NA,NA,NA
"Canada","Female","Saskatchewan",NA,NA,NA,NA,NA
"Canada","Male","Newfoundland and Labrador",NA,NA,NA,1,NA
"Canada","Male","Ontario",NA,NA,NA,NA,NA
"","Female","",NA,NA,NA,1,NA
"Canada","Female","Manitoba",NA,NA,NA,NA,NA
"Canada","Male","Alberta",NA,NA,NA,NA,NA
"Canada","Male","Ontario",NA,NA,NA,NA,NA
"Canada","Male","British Columbia",1,NA,NA,1,NA
"Canada","Male","Ontario",NA,NA,NA,NA,NA
"Singapore","Male","Singapore",NA,NA,NA,NA,NA
"Canada","Female","British Columbia",NA,NA,NA,NA,NA
"Canada","Male","Ontario",NA,NA,NA,NA,NA
"Canada","Female","Ontario",NA,NA,NA,NA,NA
"Canada","Female","Manitoba",NA,NA,NA,1,NA
"Canada","Male","Manitoba",1,NA,NA,NA,NA
"Canada","Male","Ontario",NA,NA,NA,NA,NA
"Canada","Male","Ontario",NA,NA,NA,NA,NA
"","Male","",1,NA,NA,NA,NA
"United Kingdom","Male","United Kingdom",NA,NA,NA,NA,NA
"France","Male","France",NA,NA,NA,NA,NA
"Canada","Male","Manitoba",NA,NA,NA,NA,NA
"Canada","Male","British Columbia",NA,NA,NA,NA,1
"","Male","",NA,NA,NA,1,NA
"Canada","Male","Ontario",NA,NA,NA,NA,NA
"Canada","Female","Alberta",NA,NA,NA,NA,NA
"USA","Male","Washington",NA,NA,NA,1,NA
"United Kingdom","Male","United Kingdom",NA,NA,NA,NA,NA
"Canada","Male","Ontario",NA,NA,NA,NA,NA
"USA","Male","Pennsylvania",NA,NA,NA,NA,NA
"Canada","Male","Ontario",NA,NA,NA,1,NA
"","Female","",NA,NA,NA,1,NA
"Canada","Male","Ontario",NA,NA,NA,NA,NA
"Canada","Male","Ontario",NA,NA,NA,NA,NA
"","Male","",NA,NA,NA,NA,NA
"Canada","Female","British Columbia",1,1,1,1,1
"Canada","Male","British Columbia",NA,NA,NA,1,NA
"","Male","",NA,1,NA,1,NA
"Canada","Male","Ontario",NA,NA,NA,NA,NA
"Canada","Male","Ontario",NA,NA,NA,NA,NA
"","","",NA,NA,NA,1,NA
"Canada","Male","British Columbia",NA,NA,NA,NA,NA
"Canada","Male","Ontario",NA,NA,NA,NA,NA
"Canada","Male","Ontario",NA,NA,NA,NA,NA
"Canada","Male","Newfoundland and Labrador",NA,NA,NA,NA,NA
"Canada","Male","Nova Scotia",NA,NA,NA,NA,NA
"Canada","Male","Ontario",NA,NA,NA,NA,NA
"Canada","Male","British Columbia",NA,NA,NA,NA,NA
"Canada","Male","Ontario",NA,NA,NA,1,NA
"Canada","Female","Alberta",NA,NA,NA,NA,NA
"Canada","Male","British Columbia",NA,NA,NA,NA,NA
"Canada","Male","Nova Scotia",NA,NA,NA,1,NA
"Canada","Male","Nova Scotia",NA,NA,NA,NA,NA
"Canada","Male","Alberta",NA,NA,NA,NA,NA
"Germany","Female","Germany",NA,NA,NA,NA,NA
"Australia","Male","Australia",NA,NA,NA,NA,1
"Canada","Female","British Columbia",NA,NA,NA,NA,NA
"USA","Male","Michigan",NA,NA,NA,NA,NA
"Canada","Female","Nova Scotia",NA,NA,1,NA,NA
"Canada","Male","Alberta",NA,NA,NA,NA,NA
"Canada","Female","New Brunswick",NA,1,NA,NA,NA
"Canada","Male","British Columbia",NA,NA,NA,NA,NA
"Canada","Male","Ontario",NA,NA,NA,NA,NA
"Canada","Male","British Columbia",NA,NA,NA,NA,NA
"Canada","Male","British Columbia",NA,NA,NA,NA,NA
"Canada","Male","Quebec",NA,NA,1,NA,NA
"Canada","Male","Ontario",NA,NA,NA,NA,NA
"Canada","Male","Newfoundland and Labrador",NA,NA,NA,NA,NA
"","Male","",NA,NA,NA,NA,NA
"","Female","",NA,NA,NA,NA,NA
"Canada","Male","Ontario",NA,NA,1,NA,NA
"Canada","Female","British Columbia",NA,NA,NA,NA,NA
"Canada","Female","Ontario",NA,NA,NA,1,1
"","Male","",NA,NA,NA,NA,NA
"Canada","Male","British Columbia",1,NA,NA,1,NA
"Canada","Male","Quebec",NA,NA,NA,NA,NA
"Canada","Female","Ontario",NA,NA,NA,NA,NA
"Canada","Female","British Columbia",NA,NA,NA,1,NA
"Canada","Female","British Columbia",NA,NA,NA,NA,NA
"Canada","Male","New Brunswick",1,1,NA,NA,NA
"Canada","Male","Quebec",NA,NA,NA,NA,NA
"Canada","Female","Ontario",NA,NA,NA,NA,NA
"Korea","Male","Korea",NA,NA,NA,NA,NA
"Canada","Male","Ontario",NA,NA,1,1,NA
"","","",NA,NA,NA,NA,NA
"","Male","",NA,NA,NA,NA,NA
"Australia","Male","Australia",NA,NA,NA,1,NA
"Canada","Female","Ontario",1,NA,1,1,NA
"Canada","Male","Newfoundland and Labrador",NA,NA,NA,NA,NA
"Canada","Female","Alberta",1,1,NA,1,NA
"","Male","",NA,NA,NA,NA,NA
"Canada","Male","Alberta",NA,NA,NA,NA,NA
"Canada","Female","Ontario",NA,NA,NA,NA,NA
"Latvia","Male","Latvia",NA,NA,NA,NA,NA
"Canada","Female","Alberta",NA,NA,NA,NA,NA
"Canada","Female","British Columbia",1,1,1,1,NA
"Switzerland","Male","Switzerland",NA,NA,1,1,NA
"Israel","Male","Israel",NA,NA,NA,NA,NA
"Israel","Male","Israel",NA,NA,NA,NA,NA
"Canada","Male","Ontario",NA,NA,NA,NA,NA
"","Male","",NA,NA,NA,NA,NA
"Germany","Male","Germany",NA,NA,NA,1,NA
"Israel","Male","Israel",NA,NA,NA,NA,NA
"Israel","Male","Israel",NA,NA,NA,NA,NA
"Germany","Male","Germany",NA,NA,NA,NA,NA
"Germany","Male","Germany",NA,1,NA,1,NA
"Germany","Male","Germany",NA,NA,NA,NA,NA
"United Kingdom","Male","United Kingdom",NA,NA,NA,NA,NA
"Belgium","Female","Belgium",NA,NA,NA,NA,NA
"Israel","Male","Israel",NA,NA,NA,NA,NA
"Israel","Female","Israel",NA,NA,NA,NA,NA
"Denmark","Male","Denmark",NA,NA,NA,1,NA
"USA","Male","Florida",NA,NA,NA,NA,NA
"Canada","Male","Newfoundland and Labrador",NA,1,NA,1,NA
"Netherlands","Male","Netherlands",1,NA,NA,1,NA
"Canada","Male","Newfoundland and Labrador",NA,NA,NA,NA,NA
"Israel","Male","Israel",NA,NA,NA,NA,NA
"Canada","Male","Ontario",1,1,1,NA,NA
"","Male","",NA,1,NA,1,NA
"Canada","Male","Ontario",NA,NA,NA,1,NA
"Canada","Male","Nova Scotia",NA,NA,NA,NA,NA
"Canada","Female","New Brunswick",NA,NA,NA,NA,NA
"Canada","Male","Nova Scotia",NA,NA,NA,1,NA
"","Male","",NA,NA,NA,NA,NA
"Canada","Male","Quebec",1,NA,1,1,1
"Canada","Male","Ontario",1,NA,NA,1,1
"Canada","Male","British Columbia",NA,NA,NA,1,NA
"Canada","Female","Ontario",NA,NA,NA,1,NA
"Canada","Male","Ontario",NA,NA,NA,NA,NA
"Canada","Male","Ontario",NA,NA,NA,NA,NA
"USA","Female","Maryland",1,1,1,1,1
"Canada","Male","Newfoundland and Labrador",NA,1,NA,NA,NA
"Switzerland","Male","Switzerland",1,1,1,NA,1
"Canada","Female","Nova Scotia",NA,NA,NA,NA,NA
"Canada","Male","Nova Scotia",NA,NA,NA,NA,NA
"USA","Female","Texas",NA,NA,NA,NA,NA
"USA","Female","New York",NA,NA,NA,NA,NA
"Canada","Male","Ontario",NA,NA,NA,NA,NA
"Canada","Male","Ontario",NA,NA,NA,NA,NA
"","Female","",NA,NA,NA,1,NA
"Canada","Male","Ontario",NA,NA,NA,1,NA
"USA","Male","Pennsylvania",NA,NA,NA,1,NA
"Belgium","Male","Belgium",NA,NA,NA,NA,NA
"Canada","Female","Ontario",NA,NA,NA,NA,NA
"USA","Male","Texas",NA,NA,NA,NA,NA
"USA","Male","Illinois",NA,NA,NA,1,NA
"Finland","Female","Finland",NA,NA,NA,NA,NA
"United Kingdom","Male","United Kingdom",NA,NA,NA,1,NA
"Canada","Female","Ontario",1,1,NA,1,NA
"Canada","Male","Ontario",NA,NA,NA,NA,NA
"United Kingdom","Female","United Kingdom",NA,NA,NA,NA,NA
"Canada","Male","New Brunswick",NA,NA,NA,1,NA
"Canada","Female","Quebec",NA,NA,NA,NA,NA
"Netherlands","Female","Netherlands",NA,NA,NA,NA,NA
"","Female","",NA,NA,NA,NA,NA
"USA","Female","Oregon",NA,NA,NA,NA,NA
"Canada","Male","Ontario",NA,1,NA,1,NA
"Canada","Female","Manitoba",NA,NA,NA,1,NA
"Belgium","Male","Belgium",NA,NA,NA,NA,NA
"Canada","Female","Newfoundland and Labrador",NA,NA,NA,NA,NA
"Canada","Female","Ontario",NA,NA,NA,NA,NA
"Canada","Female","Ontario",NA,NA,NA,1,NA
"Canada","Male","Alberta",NA,NA,NA,1,NA
"United Kingdom","Female","United Kingdom",NA,NA,NA,NA,NA
"USA","Male","Ohio",NA,NA,NA,NA,NA
"Canada","Male","Quebec",NA,NA,NA,NA,NA
"Canada","Male","Yukon Territory",NA,NA,NA,NA,NA
"Canada","Male","Ontario",NA,NA,NA,1,NA
"Canada","Female","Nova Scotia",1,1,NA,1,NA
"USA","Male","New York",NA,NA,NA,NA,NA
"USA","Male","Virginia",NA,NA,NA,NA,NA
"","Male","",NA,1,1,1,NA
"USA","Male","Minnesota",NA,NA,NA,NA,NA
"Canada","Male","Alberta",NA,NA,NA,NA,NA
"USA","Female","Tennessee",NA,NA,NA,NA,NA
"Canada","Male","Alberta",NA,1,NA,NA,NA
"Israel","Male","Israel",NA,NA,NA,NA,NA
"Belgium","Male","Belgium",1,1,NA,1,NA
"Canada","Male","Ontario",NA,NA,NA,NA,NA
"Canada","Male","Ontario",NA,NA,NA,NA,NA
"Canada","Male","Ontario",NA,NA,NA,NA,NA
"Israel","Male","Israel",NA,NA,NA,NA,NA
"United Kingdom","Male","United Kingdom",NA,NA,NA,NA,NA
"","Female","",NA,NA,NA,NA,NA
"","Male","",NA,NA,NA,NA,NA
"Canada","Female","Nova Scotia",NA,NA,NA,NA,NA
"USA","Male","Louisiana",1,NA,NA,NA,NA
"USA","Female","California",1,NA,1,NA,NA
"USA","Female","California",1,1,1,1,NA
"USA","Male","California",NA,NA,NA,NA,NA
"USA","Female","California",NA,NA,NA,NA,NA
"Canada","Female","British Columbia",NA,NA,NA,NA,NA
"USA","Male","California",1,1,NA,1,NA
"USA","Female","New York",NA,NA,NA,NA,NA
"Canada","Female","Quebec",NA,NA,NA,NA,NA
"Greece","Male","Greece",1,NA,NA,1,NA
"Canada","Female","Alberta",NA,1,NA,NA,NA
"Canada","Male","New Brunswick",NA,NA,NA,NA,NA
"USA","Female","Maryland",NA,NA,1,NA,NA
"Canada","Male","Ontario",NA,NA,NA,NA,NA
"Canada","Female","Ontario",NA,NA,NA,1,NA
"","Female","",NA,NA,NA,1,NA
"Canada","Female","Manitoba",NA,NA,NA,NA,NA
"Canada","Female","Nova Scotia",NA,NA,NA,NA,NA
"Canada","Male","Ontario",NA,NA,NA,1,NA
"","Male","",NA,NA,NA,NA,NA
"Germany","Male","Germany",NA,NA,NA,NA,NA
"Canada","Male","Ontario",NA,NA,NA,NA,NA
"Canada","Female","Ontario",NA,NA,NA,NA,NA
"Canada","Male","Ontario",NA,NA,NA,NA,NA
"Nigeria","Male","Nigeria",NA,NA,NA,NA,NA
"Mexico","Female","Mexico",NA,NA,NA,NA,NA
"Canada","Male","Alberta",NA,NA,NA,NA,NA
"USA","Male","Hawaii",NA,NA,NA,1,NA
"Canada","Male","British Columbia",NA,NA,NA,NA,NA
"","Male","",NA,1,NA,1,NA
"New Zealand","Male","New Zealand",1,NA,1,NA,NA
"USA","Male","California",NA,NA,NA,NA,NA
"USA","Male","California",NA,NA,NA,NA,NA
"","Male","",NA,NA,NA,NA,NA
"Canada","Male","British Columbia",NA,NA,NA,NA,NA
"Canada","Male","British Columbia",NA,NA,NA,1,NA
"India","Male","India",NA,NA,1,1,NA
"Nepal","Male","Nepal",NA,NA,NA,NA,NA
"Sweden","Male","Sweden",NA,NA,NA,NA,NA
"New Zealand","Male","New Zealand",NA,NA,NA,NA,NA
"Cyprus","Male","Cyprus",NA,NA,NA,NA,NA
"Italy","Male","Italy",NA,NA,NA,NA,NA
"Austria","Male","Austria",NA,1,1,1,NA
"USA","Female","California",1,NA,NA,1,NA
"USA","Male","California",NA,NA,NA,NA,NA
"Australia","Male","Australia",NA,NA,NA,NA,NA
"Germany","Male","Germany",1,NA,1,1,NA
"","Female","",NA,NA,NA,NA,NA
"Canada","Female","Ontario",NA,NA,NA,NA,NA
"Denmark","Female","Denmark",NA,NA,NA,1,NA
"Australia","Male","Australia",NA,NA,NA,NA,NA
"Canada","Male","Newfoundland and Labrador",NA,NA,NA,NA,NA
"France","Female","France",NA,NA,NA,NA,NA
"USA","Female","Oklahoma",NA,1,NA,1,NA
"USA","Male","Vermont",NA,NA,NA,NA,NA
"Canada","Male","Ontario",NA,NA,NA,NA,NA
"Canada","Female","Ontario",NA,NA,NA,NA,NA
"USA","Male","Ohio",NA,NA,NA,1,NA
"Canada","Female","Ontario",NA,NA,NA,NA,NA
"Italy","Male","Italy",NA,NA,NA,NA,NA
"Sweden","Female","Sweden",1,NA,1,NA,NA
"Canada","Female","Nova Scotia",NA,NA,NA,NA,NA
"Canada","Male","Ontario",NA,NA,NA,1,NA
"Canada","Male","Alberta",NA,NA,NA,NA,1
"Canada","Male","Ontario",NA,NA,NA,NA,NA
"Canada","Female","Alberta",NA,NA,NA,NA,NA
"Israel","Male","Israel",NA,NA,NA,NA,NA
"Canada","Female","Nova Scotia",1,NA,NA,1,NA
"Canada","Male","Quebec",NA,NA,NA,NA,NA
"USA","Male","Indiana",NA,NA,NA,NA,NA
"Canada","Male","Ontario",NA,NA,NA,1,NA
"USA","Female","Maine",NA,NA,NA,NA,NA
"Canada","Female","Ontario",NA,NA,NA,NA,NA
"Canada","Male","British Columbia",NA,NA,NA,NA,NA
"USA","Male","New York",NA,NA,NA,1,NA
"","Male","",1,NA,NA,1,1
"Canada","Male","Alberta",NA,NA,NA,NA,NA
"Canada","Male","British Columbia",NA,NA,NA,NA,NA
"","Male","",NA,NA,NA,NA,1
"USA","Male","Maryland",NA,NA,NA,NA,NA
"France","Male","France",1,NA,NA,1,NA
"Finland","Female","Finland",NA,NA,NA,NA,NA
"Switzerland","Female","Switzerland",NA,NA,NA,NA,NA
"Australia","Male","Australia",NA,NA,NA,NA,NA
"Germany","Male","Germany",NA,NA,NA,NA,NA
"Canada","Male","Quebec",NA,NA,NA,NA,NA
"Canada","Female","Nova Scotia",NA,NA,NA,NA,NA
"Canada","Male","Quebec",NA,NA,NA,1,NA
"USA","Male","Colorado",NA,NA,NA,NA,NA
"","Male","",NA,NA,NA,NA,NA
"","Female","",NA,NA,NA,NA,NA
"","Male","",NA,NA,NA,NA,NA
"Canada","Male","Ontario",NA,NA,NA,1,NA
"Germany","Female","Germany",NA,NA,NA,NA,NA
"USA","Male","Michigan",1,NA,1,1,NA
"USA","Female","Colorado",NA,NA,NA,NA,NA
"Canada","Female","Ontario",1,NA,NA,1,NA
"Ethiopia","Male","Ethiopia",1,1,NA,1,NA
"","Female","",1,1,NA,NA,NA
"Lesotho","Male","Lesotho",NA,NA,1,1,NA
"Canada","","Quebec",NA,NA,NA,NA,NA
"Canada","Male","Quebec",NA,NA,NA,NA,NA
"Canada","Male","British Columbia",NA,NA,NA,NA,NA
"Canada","Male","Saskatchewan",1,NA,NA,NA,NA
"Indonesia","Female","Indonesia",NA,NA,NA,NA,NA
"Bangladesh","Female","Bangladesh",NA,NA,NA,NA,1
"Vietnam","Female","Vietnam",NA,NA,NA,NA,NA
"Nicaragua","Male","Nicaragua",NA,NA,NA,1,NA
"Canada","Male","Quebec",NA,NA,NA,NA,NA
"India","Female","India",NA,NA,NA,NA,NA
"Philippines","Female","Philippines",NA,NA,NA,NA,NA
"Kenya","Male","Kenya",NA,NA,NA,NA,NA
"Russian Federation","Female","Russian Federation",NA,NA,NA,NA,NA
"India","Male","India",NA,NA,NA,NA,NA
"Israel","Male","Israel",NA,NA,NA,NA,NA
"Japan","Male","Japan",NA,NA,NA,NA,NA
"Canada","Male","Quebec",NA,NA,NA,NA,NA
"USA","Male","California",1,1,NA,1,NA
"Colombia","Male","Colombia",1,NA,NA,1,NA
"Canada","Male","Ontario",NA,NA,NA,NA,NA
"Canada","Male","British Columbia",NA,NA,NA,1,NA
"Nigeria","Female","Nigeria",NA,NA,NA,NA,NA
"USA","Male","Nevada",NA,NA,NA,1,NA
"Israel","Male","Israel",NA,NA,NA,1,NA
"Mozambique","Male","Mozambique",NA,NA,NA,1,NA
"Malaysia","Male","Malaysia",NA,NA,NA,1,NA
"Taiwan","Male","Taiwan",NA,NA,1,NA,NA
"Dominican Republic","Male","Dominican Republic",NA,NA,NA,NA,NA
"Canada","Male","British Columbia",NA,1,NA,1,NA
"Canada","Female","Ontario",NA,NA,NA,NA,NA
"USA","Male","Massachusetts",NA,NA,NA,NA,NA
"Russian Federation","Male","Russian Federation",NA,NA,NA,1,NA
"","Other","",NA,NA,NA,NA,NA
"","Female","",NA,NA,NA,NA,NA
"Canada","Male","Ontario",1,NA,NA,NA,NA
"Indonesia","Male","Indonesia",1,1,NA,1,NA
"USA","Female","California",NA,NA,NA,NA,NA
"Nepal","Male","Nepal",NA,NA,NA,NA,NA
"India","Male","India",NA,NA,NA,NA,NA
"Japan","Male","Japan",NA,NA,NA,NA,NA
"USA","Male","Iowa",1,1,NA,NA,NA
"","Female","",NA,NA,NA,NA,NA
"Canada","Male","Ontario",NA,NA,NA,1,NA
"Canada","Male","Ontario",NA,NA,NA,NA,NA
"Canada","Male","Ontario",NA,NA,NA,NA,NA
"Canada","Female","Alberta",NA,NA,NA,1,NA
"Canada","Male","Saskatchewan",NA,NA,NA,NA,1
"Canada","Female","Ontario",NA,NA,NA,NA,NA
"Lebanon","Female","Lebanon",NA,NA,NA,NA,NA
"Canada","Male","Ontario",NA,NA,NA,1,NA
"USA","Female","Hawaii",1,NA,NA,1,NA
"","Female","",NA,NA,NA,NA,NA
"Australia","Female","Australia",1,1,NA,1,NA
"Malaysia","Female","Malaysia",1,NA,NA,NA,NA
"Canada","Male","Ontario",NA,NA,NA,NA,NA
"Canada","Male","Ontario",NA,NA,NA,NA,NA
"Germany","Male","Germany",NA,1,NA,1,NA
"Switzerland","Female","Switzerland",NA,NA,NA,NA,NA
"","Male","",NA,NA,NA,NA,NA
"Canada","Male","Ontario",1,NA,NA,1,NA
"Canada","Female","Alberta",NA,NA,NA,1,NA
"","Male","",NA,1,NA,NA,NA
"Canada","Female","Quebec",1,NA,1,1,NA
"Canada","Male","British Columbia",1,NA,1,1,NA
"Canada","Male","British Columbia",1,1,NA,1,NA
"Canada","Female","British Columbia",NA,NA,NA,NA,NA
"Canada","Male","Ontario",NA,NA,NA,NA,NA
"Canada","Male","Ontario",NA,NA,NA,NA,NA
"Germany","Male","Germany",NA,NA,NA,NA,NA
"Canada","Male","Alberta",NA,NA,NA,NA,NA
"","Male","",NA,NA,NA,1,NA
"Canada","Female","Quebec",1,NA,NA,1,NA
"Bangladesh","Male","Bangladesh",NA,NA,NA,NA,NA
"USA","Female","Hawaii",NA,NA,NA,NA,1
"Indonesia","Male","Indonesia",1,NA,1,NA,1
"France","Male","France",NA,NA,NA,NA,NA
"USA","Female","California",NA,NA,NA,NA,NA
"","Female","",NA,NA,NA,NA,NA
"USA","Male","California",1,NA,1,1,NA
"United Kingdom","Female","United Kingdom",NA,1,NA,NA,NA
"USA","Male","Florida",NA,NA,NA,NA,NA
"Canada","Female","Quebec",NA,NA,NA,NA,NA
"Canada","Male","Ontario",NA,NA,NA,1,NA
"Canada","Male","Quebec",NA,NA,NA,NA,NA
"Nigeria","Male","Nigeria",NA,NA,NA,NA,NA
"Canada","Female","British Columbia",NA,NA,NA,NA,NA
"USA","Male","Hawaii",NA,NA,NA,NA,NA
"Canada","Female","Ontario",NA,NA,NA,1,NA
"USA","Female","Alabama",NA,NA,NA,NA,NA
"","Female","",1,NA,1,1,NA
"USA","Male","California",NA,NA,NA,NA,NA
"Spain","Male","Spain",NA,NA,NA,NA,NA
"USA","Male","Texas",NA,NA,NA,NA,NA
"USA","Female","Massachusetts",NA,1,NA,1,NA
"USA","Male","North Carolina",NA,1,NA,1,1
"USA","Female","Massachusetts",NA,NA,NA,NA,NA
"","Male","",NA,NA,NA,1,NA
"","Male","",NA,NA,NA,NA,NA
"United Kingdom","Male","United Kingdom",NA,NA,NA,NA,NA
"United Kingdom","Male","United Kingdom",NA,NA,NA,1,NA
"United Kingdom","Male","United Kingdom",NA,NA,NA,NA,NA
"United Kingdom","Male","United Kingdom",NA,1,NA,1,NA
"","Male","",NA,NA,NA,NA,NA
"United Kingdom","Male","United Kingdom",NA,NA,NA,1,NA
"United Kingdom","Female","United Kingdom",1,NA,NA,1,NA
"United Kingdom","Male","United Kingdom",NA,NA,NA,NA,NA
"United Kingdom","Female","United Kingdom",NA,NA,NA,NA,NA
"United Kingdom","Male","United Kingdom",NA,NA,NA,1,NA
"United Kingdom","Male","United Kingdom",1,1,NA,1,NA
"USA","Female","Massachusetts",NA,NA,NA,NA,NA
"United Kingdom","Male","United Kingdom",NA,NA,NA,NA,NA
"United Kingdom","Male","United Kingdom",1,NA,NA,1,NA
"United Kingdom","Female","United Kingdom",NA,NA,NA,1,NA
"United Kingdom","Male","United Kingdom",1,NA,NA,NA,NA
"United Kingdom","Male","United Kingdom",NA,NA,NA,NA,NA
"United Kingdom","Female","United Kingdom",NA,NA,NA,NA,NA
"United Kingdom","Male","United Kingdom",NA,1,NA,1,NA
"United Kingdom","Male","United Kingdom",NA,NA,NA,NA,NA
"United Kingdom","Male","United Kingdom",1,NA,NA,NA,NA
"United Kingdom","Male","United Kingdom",NA,NA,NA,1,NA
"United Kingdom","Male","United Kingdom",NA,NA,NA,NA,1
"United Kingdom","Male","United Kingdom",NA,NA,NA,NA,NA
"Switzerland","Male","Switzerland",NA,NA,NA,1,NA
"United Kingdom","Male","United Kingdom",NA,NA,NA,NA,1
"United Kingdom","Male","United Kingdom",NA,NA,NA,NA,NA
"Hong Kong","Male","Hong Kong",NA,NA,NA,NA,NA
"United Kingdom","Male","United Kingdom",NA,NA,NA,NA,NA
"United Kingdom","Male","United Kingdom",NA,NA,NA,NA,NA
"Switzerland","Male","Switzerland",NA,NA,NA,NA,NA
"United Kingdom","Female","United Kingdom",NA,NA,NA,NA,NA
"United Kingdom","Male","United Kingdom",NA,NA,NA,1,NA
"United Kingdom","Male","United Kingdom",NA,NA,NA,NA,NA
"United Kingdom","Female","United Kingdom",NA,NA,NA,NA,NA
"United Kingdom","Male","United Kingdom",NA,NA,NA,NA,NA
"United Kingdom","Male","United Kingdom",1,NA,1,1,NA
"United Kingdom","Male","United Kingdom",1,NA,NA,1,NA
"United Kingdom","Male","United Kingdom",NA,NA,NA,NA,NA
"Spain","Male","Spain",NA,NA,NA,NA,NA
"United Kingdom","Male","United Kingdom",NA,NA,NA,NA,NA
"United Kingdom","Male","United Kingdom",NA,NA,NA,NA,NA
"Australia","Female","Australia",NA,1,NA,NA,NA
"China","Male","China",NA,NA,NA,NA,NA
"Canada","Female","Saskatchewan",NA,NA,NA,NA,NA
"USA","Male","Washington",NA,NA,NA,NA,NA
"USA","Male","Oregon",1,1,NA,1,NA
"United Kingdom","Female","United Kingdom",NA,NA,NA,NA,NA
"United Kingdom","Male","United Kingdom",NA,NA,NA,1,NA
"United Kingdom","Female","United Kingdom",NA,NA,NA,NA,NA
"Russian Federation","Male","Russian Federation",1,1,1,1,NA
"United Kingdom","Female","United Kingdom",1,NA,NA,1,NA
"United Kingdom","Female","United Kingdom",NA,NA,NA,NA,NA
"Germany","Male","Germany",NA,NA,NA,NA,NA
"United Kingdom","Male","United Kingdom",NA,NA,NA,1,NA
"United Kingdom","Female","United Kingdom",NA,NA,NA,NA,NA
"United Kingdom","Male","United Kingdom",1,1,NA,NA,NA
"United Kingdom","Female","United Kingdom",NA,NA,NA,NA,NA
"United Kingdom","Male","United Kingdom",NA,NA,NA,NA,NA
"United Kingdom","Male","United Kingdom",NA,NA,NA,NA,NA
"United Kingdom","Male","United Kingdom",1,1,NA,1,NA
"United Kingdom","Male","United Kingdom",NA,NA,NA,NA,NA
"United Kingdom","Male","United Kingdom",NA,NA,NA,NA,NA
"United Kingdom","Female","United Kingdom",NA,NA,NA,NA,NA
"United Kingdom","Male","United Kingdom",NA,NA,NA,1,NA
"","Female","",NA,NA,NA,NA,NA
"United Kingdom","Female","United Kingdom",NA,NA,NA,NA,NA
"United Kingdom","Female","United Kingdom",NA,NA,NA,1,NA
"United Kingdom","Male","United Kingdom",NA,NA,NA,NA,NA
"United Kingdom","Female","United Kingdom",1,NA,NA,1,NA
"China","Female","China",NA,NA,NA,NA,1
"United Kingdom","Male","United Kingdom",NA,NA,NA,NA,NA
"United Kingdom","Male","United Kingdom",NA,NA,NA,NA,NA
"United Kingdom","Male","United Kingdom",NA,NA,NA,NA,NA
"Spain","Male","Spain",1,NA,NA,1,NA
"United Kingdom","Male","United Kingdom",NA,NA,NA,NA,NA
"United Kingdom","Female","United Kingdom",NA,NA,NA,NA,NA
"United Kingdom","Male","United Kingdom",NA,NA,NA,1,NA
"United Kingdom","Male","United Kingdom",1,1,NA,NA,NA
"United Kingdom","Female","United Kingdom",NA,NA,NA,NA,NA
"USA","Male","Illinois",NA,NA,NA,NA,NA
"United Kingdom","Male","United Kingdom",NA,NA,NA,NA,NA
"Canada","Male","Quebec",1,NA,NA,1,NA
"United Kingdom","Female","United Kingdom",1,NA,NA,NA,NA
"Italy","Male","Italy",NA,NA,NA,NA,NA
"Canada","Male","Alberta",NA,NA,NA,NA,NA
"United Kingdom","Male","United Kingdom",NA,NA,NA,NA,NA
"United Kingdom","Male","United Kingdom",NA,NA,NA,NA,NA
"United Kingdom","Male","United Kingdom",NA,NA,NA,1,NA
"United Kingdom","Female","United Kingdom",NA,NA,NA,1,NA
"United Kingdom","Male","United Kingdom",NA,1,NA,1,NA
"United Kingdom","Male","United Kingdom",1,NA,NA,NA,NA
"United Kingdom","Female","United Kingdom",NA,1,NA,1,NA
"United Kingdom","Male","United Kingdom",NA,NA,NA,NA,NA
"United Kingdom","Female","United Kingdom",NA,NA,NA,NA,NA
"United Kingdom","Female","United Kingdom",NA,NA,NA,NA,NA
"United Kingdom","Male","United Kingdom",NA,NA,NA,NA,NA
"","Male","",NA,NA,NA,1,NA
"United Kingdom","Male","United Kingdom",NA,NA,NA,NA,NA
"","Male","",NA,NA,NA,NA,NA
"United Kingdom","Female","United Kingdom",NA,NA,NA,NA,NA
"United Kingdom","Male","United Kingdom",NA,NA,NA,1,NA
"","Male","",NA,NA,NA,NA,NA
"United Kingdom","Female","United Kingdom",NA,NA,NA,1,NA
"United Kingdom","Male","United Kingdom",1,1,NA,1,NA
"United Kingdom","Female","United Kingdom",NA,NA,NA,NA,NA
"United Kingdom","Male","United Kingdom",1,1,NA,1,NA
"United Kingdom","Female","United Kingdom",1,NA,NA,NA,NA
"United Kingdom","Female","United Kingdom",1,NA,NA,1,NA
"United Kingdom","Male","United Kingdom",NA,NA,NA,NA,NA
"Switzerland","Male","Switzerland",NA,NA,NA,NA,NA
"United Kingdom","Male","United Kingdom",NA,NA,NA,NA,NA
"United Kingdom","Female","United Kingdom",NA,NA,NA,NA,NA
"United Kingdom","Male","United Kingdom",NA,1,NA,NA,NA
"Germany","Male","Germany",NA,NA,NA,1,NA
"United Kingdom","Male","United Kingdom",NA,NA,NA,NA,NA
"Canada","Male","Ontario",NA,NA,NA,NA,NA
"","Male","",NA,NA,NA,NA,NA
"United Kingdom","Male","United Kingdom",NA,NA,NA,NA,NA
"Canada","Female","New Brunswick",NA,1,NA,NA,NA
"USA","Male","Massachusetts",NA,NA,NA,NA,NA
"United Kingdom","","United Kingdom",NA,NA,NA,NA,NA
"Canada","Male","Quebec",NA,NA,NA,1,NA
"United Kingdom","Male","United Kingdom",NA,NA,NA,NA,NA
"United Kingdom","Male","United Kingdom",1,1,NA,1,NA
"United Kingdom","Male","United Kingdom",NA,NA,NA,NA,NA
"Australia","Male","Australia",NA,NA,NA,NA,NA
"Australia","Male","Australia",NA,NA,NA,NA,NA
"Australia","Female","Australia",NA,1,NA,NA,NA
"Australia","Male","Australia",NA,NA,NA,NA,NA
"Australia","Female","Australia",NA,NA,NA,NA,NA
"Australia","Male","Australia",NA,1,1,NA,NA
"Australia","Female","Australia",1,1,1,1,NA
"United Kingdom","Male","United Kingdom",NA,NA,NA,NA,NA
"Netherlands","Male","Netherlands",NA,1,NA,1,NA
"Belgium","Male","Belgium",NA,NA,NA,NA,NA
"United Kingdom","Male","United Kingdom",NA,NA,NA,1,NA
"Netherlands","Female","Netherlands",1,1,NA,1,NA
"Australia","Male","Australia",NA,NA,NA,NA,NA
"Belgium","Male","Belgium",NA,NA,NA,NA,NA
"United Kingdom","Female","United Kingdom",1,NA,1,1,NA
"Netherlands","Male","Netherlands",NA,NA,NA,NA,NA
"Netherlands","Male","Netherlands",NA,NA,NA,1,NA
"United Kingdom","Male","United Kingdom",NA,NA,NA,NA,NA
"United Kingdom","Female","United Kingdom",NA,NA,NA,1,NA
"Netherlands","Male","Netherlands",NA,NA,NA,NA,NA
"United Kingdom","Male","United Kingdom",1,NA,NA,NA,NA
"United Kingdom","Male","United Kingdom",NA,NA,NA,NA,NA
"United Kingdom","Female","United Kingdom",NA,NA,NA,NA,NA
"United Kingdom","Male","United Kingdom",NA,NA,NA,NA,NA
"United Kingdom","Male","United Kingdom",NA,NA,NA,NA,NA
"","Male","",NA,NA,NA,NA,NA
"Germany","Male","Germany",1,NA,NA,1,NA
"United Kingdom","Female","United Kingdom",NA,1,NA,1,NA
"Netherlands","Male","Netherlands",NA,NA,NA,1,NA
"United Kingdom","Male","United Kingdom",NA,NA,NA,NA,NA
"United Kingdom","Male","United Kingdom",NA,NA,NA,NA,NA
"United Kingdom","Male","United Kingdom",NA,NA,NA,NA,NA
"Italy","Male","Italy",NA,NA,NA,NA,NA
"United Kingdom","Male","United Kingdom",NA,NA,NA,1,NA
"United Kingdom","Male","United Kingdom",NA,NA,NA,1,NA
"United Kingdom","Male","United Kingdom",1,NA,NA,NA,NA
"Netherlands","Female","Netherlands",NA,NA,NA,1,NA
"United Kingdom","Male","United Kingdom",NA,1,NA,NA,NA
"Canada","Female","Quebec",NA,NA,NA,NA,NA
"United Kingdom","Male","United Kingdom",NA,NA,NA,NA,NA
"Canada","Male","British Columbia",NA,NA,NA,1,NA
"Netherlands","Female","Netherlands",NA,NA,NA,1,NA
"Canada","Male","Ontario",NA,NA,NA,NA,NA
"United Kingdom","Male","United Kingdom",1,1,1,1,NA
"Switzerland","Male","Switzerland",1,NA,NA,1,NA
"United Kingdom","Male","United Kingdom",NA,NA,NA,NA,NA
"Canada","Male","Ontario",NA,NA,NA,NA,NA
"Canada","Male","British Columbia",NA,1,NA,NA,NA
"Australia","Male","Australia",NA,NA,NA,NA,1
"Canada","Male","Alberta",NA,NA,NA,NA,NA
"Israel","Male","Israel",NA,NA,NA,NA,NA
"United Kingdom","Male","United Kingdom",NA,NA,NA,1,NA
"Canada","Female","Ontario",NA,NA,NA,NA,NA
"Canada","Male","Quebec",1,NA,NA,1,NA
"USA","Female","Nebraska",1,NA,NA,NA,NA
"","Male","",1,NA,NA,1,NA
"","Male","",NA,NA,1,1,NA
"USA","Female","Nebraska",NA,NA,NA,1,1
"Canada","Male","British Columbia",NA,NA,NA,1,NA
"USA","Female","Massachusetts",NA,NA,NA,NA,NA
"","Male","",NA,NA,NA,NA,NA
"USA","Male","Nebraska",NA,NA,NA,NA,NA
"India","Male","India",NA,1,NA,NA,NA
"Connecticut","Female","Connecticut",NA,NA,NA,NA,NA
"","Male","",NA,NA,NA,NA,NA
"USA","Female","New Hampshire",1,NA,1,NA,NA
"USA","Female","New Hampshire",NA,NA,NA,NA,NA
"USA","Male","New York",NA,NA,NA,NA,NA
"United Kingdom","Female","United Kingdom",NA,NA,NA,NA,NA
"","Female","",NA,NA,NA,NA,NA
"Australia","Male","Australia",NA,NA,NA,1,NA
"Canada","Male","Quebec",NA,NA,NA,NA,NA
"United Kingdom","Female","United Kingdom",NA,NA,NA,NA,NA
"Canada","Male","Quebec",NA,NA,NA,NA,NA
"United Kingdom","Female","United Kingdom",NA,NA,NA,NA,NA
"Canada","Female","New Brunswick",NA,NA,NA,NA,NA
"","Male","",NA,NA,1,1,NA
"USA","Male","Massachusetts",NA,NA,NA,NA,NA
"Canada","Female","Ontario",NA,1,NA,1,NA
"Canada","Female","Nova Scotia",NA,NA,NA,NA,NA
"Australia","Female","Australia",NA,NA,NA,NA,NA
"Australia","Female","Australia",NA,NA,NA,NA,NA
"USA","Female","Virginia",NA,NA,NA,NA,NA
"New Zealand","Female","New Zealand",NA,NA,NA,NA,NA
"Australia","Female","Australia",NA,NA,NA,NA,NA
"USA","Female","California",NA,NA,NA,NA,NA
"United Kingdom","Male","United Kingdom",NA,NA,NA,1,NA
"Connecticut","Male","Connecticut",NA,1,NA,NA,NA
"Canada","Female","Ontario",NA,NA,NA,NA,NA
"United Kingdom","Male","United Kingdom",NA,NA,NA,NA,NA
"New Zealand","Female","New Zealand",NA,NA,NA,NA,NA
"District of Columbia","Male","District of Columbia",NA,NA,NA,NA,NA
"Portugal","Male","Portugal",NA,NA,NA,NA,NA
"New Zealand","Female","New Zealand",NA,NA,NA,NA,NA
"Canada","Male","Ontario",NA,NA,NA,NA,NA
"United Kingdom","Male","United Kingdom",NA,NA,1,1,1
"Canada","Male","Quebec",NA,NA,NA,NA,NA
"New Zealand","Male","New Zealand",NA,NA,NA,NA,NA
"New Zealand","Male","New Zealand",NA,NA,NA,NA,NA
"Portugal","Female","Portugal",NA,NA,NA,NA,NA
"","Female","",NA,NA,NA,NA,NA
"","Male","",1,1,NA,1,NA
"Brazil","Male","Brazil",1,NA,NA,1,NA
