"Country","Country_work","gender","Location","view_change_partnership"
"Netherlands","Russia","Male","Netherlands","Very positive"
"Netherlands","United Kingdom","Male","Netherlands","Neutral"
"Netherlands","Canada","Female","Netherlands","Slightly negative"
"Netherlands","Brazil","Male","Netherlands","Neutral"
"","Australia","Female","","Slightly negative"
"Denmark","Japan","Male","Denmark","Slightly positive"
"Netherlands","United Kingdom","Female","Netherlands","Slightly positive"
"Netherlands","Netherlands","Other","Netherlands","Very positive"
"Netherlands","Uruguay","Male","Netherlands","Neutral"
"Netherlands","Australia","Male","Netherlands","Slightly negative"
"USA","United States","Male","California","Slightly negative"
"Netherlands","Indonesia","Female","Netherlands","Very positive"
"New Zealand","New Zealand","Male","New Zealand","Very positive"
"France","France","Female","France","Slightly negative"
"","Bangladesh","Female","","Very positive"
"South Africa","South Africa","Female","South Africa","Very positive"
"Netherlands","Netherlands","Male","Netherlands","Very positive"
"Netherlands","Netherlands","Male","Netherlands","Very positive"
"Italy","Italy","Male","Italy","Slightly positive"
"Italy","Italy","Male","Italy","Slightly positive"
"Italy","Italy","Male","Italy","Slightly positive"
"Italy","Italy","Male","Italy","Slightly negative"
"Italy","Italy","Male","Italy","Neutral"
"United Kingdom","United Kingdom","Female","United Kingdom","Slightly positive"
"Italy","Italy","Male","Italy","Slightly positive"
"Belgium","Netherlands","Male","Belgium","Slightly negative"
"Norway","Norway","Male","Norway","Neutral"
"Italy","Italy","Male","Italy","Very negative"
"Italy","Italy","Male","Italy","Slightly negative"
"Italy","Italy","Male","Italy","Very positive"
"Italy","Italy","Male","Italy","Slightly negative"
"Netherlands","Netherlands","Female","Netherlands","Slightly negative"
"Italy","Italy","Female","Italy","Very negative"
"Italy","Italy","Male","Italy","Slightly positive"
"Italy","Italy","Male","Italy","Neutral"
"Greece","Greece","Female","Greece","Slightly negative"
"Italy","Netherlands","Male","Italy","Slightly negative"
"Cyprus","Cyprus","Female","Cyprus","Neutral"
"Japan","Japan","Male","Japan","Very positive"
"Norway","Norway","Female","Norway","Slightly positive"
"Netherlands","Netherlands","Male","Netherlands","Slightly positive"
"Switzerland","Italy","Male","Switzerland","Slightly positive"
"USA","United States","Female","Massachusetts","Very positive"
"Netherlands","Netherlands","Male","Netherlands","Very positive"
"Italy","Italy","Male","Italy","Very negative"
"Netherlands","Netherlands","Male","Netherlands","Very positive"
"Israel","Israel","Male","Israel","Slightly positive"
"USA","United States","Male","California","Slightly positive"
"Italy","Italy","Female","Italy","Slightly negative"
"Italy","Italy","Female","Italy","Very positive"
"United Kingdom","Canada","Female","United Kingdom","Very positive"
"Malaysia","Malaysia","Male","Malaysia","Slightly negative"
"Canada","Canada","Female","Ontario","Slightly positive"
"USA","Italy","Male","Illinois","Slightly positive"
"Netherlands","Netherlands","Male","Netherlands","Very negative"
"Italy","Italy","Male","Italy","Slightly negative"
"USA","United States","Female","Arizona","Slightly positive"
"Montenegro","Montenegro","Male","Montenegro","Slightly positive"
"Australia","Australia","Male","Australia","Slightly positive"
"Australia","Australia","Female","Australia","Very positive"
"Australia","Australia","Male","Australia","Very positive"
"","Australia","Female","","Very negative"
"United Kingdom","United Kingdom","Male","United Kingdom","Slightly negative"
"Italy","Germany","Female","Italy","Slightly negative"
"Canada","Canada","Male","Ontario","Slightly positive"
"Poland","Poland","Female","Poland","Very negative"
"USA","United States","Female","Oregon","Neutral"
"Israel","United States","Male","Israel","Slightly negative"
"Netherlands","Netherlands","Female","Netherlands","Very positive"
"Australia","Australia","Female","Australia","Very positive"
"Poland","Poland","Male","Poland","Very positive"
"Poland","Poland","Male","Poland","Slightly positive"
"Poland","Poland","Male","Poland","Very positive"
"Poland","Poland","Male","Poland","Slightly positive"
"Japan","Japan","Male","Japan","Slightly positive"
"Kenya","Kenya","Male","Kenya","Very positive"
"Israel","Israel","Male","Israel","Slightly positive"
"Israel","Israel","Male","Israel","Neutral"
"Israel","Israel","Male","Israel","Slightly negative"
"United Kingdom","Australia","Male","United Kingdom","Slightly positive"
"","Australia","Male","","Very positive"
"USA","United States","Male","Maryland","Very positive"
"Israel","Israel","Male","Israel","Slightly positive"
"Israel","Israel","Male","Israel","Slightly positive"
"Serbia","Serbia","Female","Serbia","Slightly positive"
"Israel","Israel","Male","Israel","Slightly positive"
"Israel","Israel","Female","Israel","Slightly positive"
"Israel","Israel","Male","Israel","Neutral"
"France","France","Female","France","Neutral"
"Israel","Israel","Female","Israel","Very positive"
"Canada","Canada","Male","British Columbia","Slightly negative"
"Israel","Israel","Male","Israel","Very positive"
"Israel","Israel","Male","Israel","Slightly negative"
"","Poland","Female","","Very positive"
"France","Israel","Male","France","Slightly positive"
"Israel","Israel","Male","Israel","Slightly positive"
"Israel","Israel","Male","Israel","Very positive"
"Israel","Israel","Male","Israel","Slightly positive"
"Greece","Italy","Female","Greece","Slightly positive"
"Canada","France","Female","Quebec","Slightly positive"
"","United States","Female","","Slightly positive"
"Israel","Israel","Male","Israel","Slightly positive"
"Israel","Israel","Male","Israel","Neutral"
"USA","Israel","Male","Maryland","Slightly positive"
"Israel","Israel","Female","Israel","Neutral"
"Israel","Israel","Male","Israel","Slightly positive"
"Israel","","Female","Israel","Slightly positive"
"Israel","Israel","Male","Israel","Very positive"
"Israel","Israel","Male","Israel","Slightly positive"
"USA","Israel","Male","Vermont","Slightly positive"
"Israel","","Male","Israel","Very positive"
"Israel","Israel","Male","Israel","Very positive"
"Spain","Israel","Male","Spain","Very positive"
"Israel","Israel","Female","Israel","Very positive"
"Israel","Israel","Female","Israel","Neutral"
"Israel","Israel","Male","Israel","Very positive"
"Israel","Israel","Male","Israel","Slightly positive"
"Israel","Israel","Male","Israel","Neutral"
"Israel","","Male","Israel","Neutral"
"Israel","Israel","Male","Israel","Slightly positive"
"Israel","Israel","Male","Israel","Slightly positive"
"Israel","Israel","Female","Israel","Neutral"
"Israel","Israel","Female","Israel","Slightly negative"
"Israel","Israel","Male","Israel","Very positive"
"Israel","Israel","Male","Israel","Neutral"
"United Kingdom","United Kingdom","Female","United Kingdom","Slightly positive"
"United Kingdom","United Kingdom","Female","United Kingdom","Slightly positive"
"United Kingdom","United Kingdom","Male","United Kingdom","Very positive"
"Israel","Israel","Male","Israel","Neutral"
"","United States","Female","","Slightly negative"
"Netherlands","Brazil","Male","Netherlands","Slightly positive"
"Brazil","Brazil","Male","Brazil","Slightly positive"
"Germany","Germany","Male","Germany","Neutral"
"Spain","Spain","Male","Spain","Very positive"
"Brazil","Brazil","Female","Brazil","Very positive"
"Italy","Italy","Male","Italy","Very positive"
"Canada","Canada","Male","Ontario","Slightly positive"
"Canada","Canada","Male","Quebec","Slightly negative"
"Canada","Canada","Male","Quebec","Slightly positive"
"Canada","Canada","Male","Alberta","Slightly positive"
"Canada","Canada","Female","Quebec","Neutral"
"Canada","Canada","Male","Alberta","Very positive"
"Canada","Canada","Male","Nova Scotia","Slightly positive"
"Canada","Canada","Female","Alberta","Slightly positive"
"Canada","Canada","Male","Newfoundland and Labrador","Slightly negative"
"Canada","Canada","Male","Alberta","Very positive"
"Canada","Canada","Male","Alberta","Slightly positive"
"Canada","Canada","Female","Prince Edward Island","Slightly positive"
"Canada","Canada","Male","Ontario","Neutral"
"Canada","Canada","Male","Ontario","Neutral"
"Canada","Canada","Male","Ontario","Very positive"
"Canada","Canada","Male","Quebec","Slightly positive"
"Canada","Canada","Female","Nova Scotia","Slightly positive"
"Canada","Canada","Female","Ontario","Slightly positive"
"Canada","Canada","Male","Quebec","Slightly positive"
"Canada","Canada","Female","British Columbia","Slightly positive"
"Canada","Canada","Male","Quebec","Very positive"
"Canada","Canada","Female","Quebec","Very positive"
"Canada","Canada","Male","Quebec","Very positive"
"Canada","Canada","Male","Nova Scotia","Very negative"
"Canada","Canada","Male","Ontario","Very negative"
"Canada","Canada","Male","Saskatchewan","Neutral"
"Canada","Canada","Male","Alberta","Very negative"
"Canada","Canada","Male","Alberta","Very positive"
"Canada","Canada","Male","Newfoundland and Labrador","Very positive"
"Canada","Canada","Male","British Columbia","Very positive"
"Canada","Canada","Male","British Columbia","Neutral"
"Canada","Canada","Female","Ontario","Very positive"
"Canada","Canada","Male","British Columbia","Slightly positive"
"Canada","Canada","Male","Ontario","Very negative"
"Canada","Canada","Male","Quebec","Very positive"
"Canada","Canada","Male","Nova Scotia","Neutral"
"Canada","Canada","Female","Quebec","Neutral"
"Canada","Canada","Male","Newfoundland and Labrador","Slightly positive"
"Canada","Canada","Male","Alberta","Very negative"
"France","Canada","Male","France","Slightly positive"
"Canada","Canada","Male","Ontario","Slightly negative"
"Canada","Canada","Male","British Columbia","Slightly positive"
"Canada","Canada","Female","British Columbia","Slightly positive"
"Canada","Canada","Male","British Columbia","Very positive"
"","Canada","Female","","Slightly negative"
"Canada","Canada","Male","Alberta","Neutral"
"Canada","Canada","Male","Ontario","Neutral"
"Canada","Canada","Female","British Columbia","Neutral"
"Canada","","Male","Quebec","Slightly negative"
"Canada","Central African Republic","Male","Quebec","Neutral"
"Canada","Canada","Male","Alberta","Very negative"
"Canada","Canada","Male","Ontario","Slightly positive"
"Canada","Canada","Male","Ontario","Very negative"
"Canada","Canada","Male","Ontario","Very positive"
"Canada","Canada","Male","Ontario","Neutral"
"Canada","Canada","Male","British Columbia","Slightly negative"
"Canada","Chad","Male","Newfoundland and Labrador","Very positive"
"Canada","Canada","Female","Quebec","Neutral"
"Canada","Canada","Male","Alberta","Neutral"
"Canada","Canada","Male","Ontario","Slightly negative"
"Canada","","Male","British Columbia","Slightly positive"
"Canada","Canada","Male","Ontario","Very positive"
"Canada","Canada","Female","Ontario","Very positive"
"Canada","Canada","Male","British Columbia","Slightly negative"
"Canada","Canada","Male","Ontario","Very negative"
"Canada","Canada","Male","British Columbia","Slightly positive"
"Canada","","Male","Manitoba","Neutral"
"Canada","Canada","Male","Ontario","Slightly positive"
"Canada","Canada","","Nova Scotia","Slightly negative"
"Canada","Canada","Other","Ontario","Very positive"
"Canada","Canada","Male","Ontario","Slightly negative"
"Canada","Canada","Male","Ontario","Slightly negative"
"Canada","Canada","Male","Quebec","Slightly positive"
"Canada","Canada","Male","Ontario","Neutral"
"Canada","Canada","Female","British Columbia","Slightly negative"
"Canada","Canada","Male","Ontario","Slightly positive"
"Canada","Canada","Male","Alberta","Slightly positive"
"Canada","Canada","Male","Ontario","Slightly negative"
"Canada","Canada","Male","Quebec","Neutral"
"Canada","","","Ontario","Very positive"
"Canada","Canada","Male","Ontario","Very negative"
"Canada","Canada","Male","Nova Scotia","Slightly negative"
"Canada","Canada","Male","Alberta","Slightly positive"
"USA","Canada","Male","Nevada","Very positive"
"Canada","Canada","Female","Ontario","Neutral"
"Canada","Canada","Male","Quebec","Slightly negative"
"USA","Canada","Male","Nevada","Slightly negative"
"Canada","Canada","Female","Ontario","Slightly negative"
"Canada","Canada","Female","Quebec","Very positive"
"Canada","Canada","Female","Alberta","Slightly negative"
"Canada","Canada","Male","Alberta","Neutral"
"Canada","Canada","Male","Ontario","Slightly negative"
"Canada","","Male","Ontario","Very positive"
"","Canada","","","Very negative"
"Canada","Canada","Male","Ontario","Slightly negative"
"Canada","Canada","Female","Ontario","Slightly positive"
"Canada","Canada","Female","Ontario","Slightly negative"
"Canada","Canada","Female","British Columbia","Neutral"
"Canada","Canada","Male","Quebec","Very negative"
"Canada","Canada","Female","Ontario","Neutral"
"Canada","Canada","Male","Ontario","Slightly positive"
"Canada","Canada","Male","Ontario","Very negative"
"Canada","Canada","Male","Ontario","Very negative"
"Canada","Canada","Male","British Columbia","Slightly positive"
"","Canada","Male","","Slightly negative"
"Canada","Canada","Male","Ontario","Very positive"
"Canada","Canada","Male","Ontario","Slightly positive"
"Canada","Canada","Female","Ontario","Neutral"
"Canada","Canada","Male","Ontario","Very positive"
"Canada","Canada","Male","Ontario","Very negative"
"Canada","Canada","Male","Ontario","Very positive"
"Canada","Canada","Female","Ontario","Neutral"
"Canada","Canada","Male","British Columbia","Neutral"
"Canada","Canada","Male","British Columbia","Very positive"
"Canada","Canada","Male","British Columbia","Slightly negative"
"Canada","Canada","Male","British Columbia","Very positive"
"France","Canada","Male","France","Very positive"
"Canada","Canada","Male","Ontario","Very positive"
"Canada","Canada","Female","Alberta","Slightly positive"
"Canada","Canada","Male","British Columbia","Neutral"
"Canada","Canada","Male","Ontario","Very positive"
"Canada","Canada","Female","British Columbia","Very positive"
"Canada","Canada","Male","Ontario","Neutral"
"Canada","Canada","Male","Manitoba","Neutral"
"Canada","Canada","Female","British Columbia","Neutral"
"Canada","Canada","Male","Ontario","Very negative"
"USA","Canada","Male","New York","Slightly positive"
"Canada","Canada","Female","British Columbia","Slightly negative"
"Canada","Canada","Female","British Columbia","Neutral"
"Canada","Canada","Female","Ontario","Slightly negative"
"Canada","Canada","Male","Alberta","Neutral"
"","Canada","Male","","Very positive"
"Canada","Canada","Female","British Columbia","Slightly positive"
"Canada","Canada","Male","Alberta","Slightly positive"
"Canada","Canada","Male","Ontario","Slightly negative"
"Canada","Canada","Male","Alberta","Neutral"
"Canada","Canada","Male","Quebec","Slightly positive"
"Canada","Canada","Male","Ontario","Slightly positive"
"Canada","Canada","Female","Ontario","Slightly negative"
"Switzerland","Canada","Male","Switzerland","Neutral"
"Canada","Canada","Male","Alberta","Neutral"
"","Canada","Female","","Very positive"
"Canada","Canada","Male","Quebec","Very negative"
"Canada","Canada","Male","Ontario","Slightly negative"
"USA","Canada","Female","Vermont","Slightly negative"
"Canada","Canada","Male","Quebec","Slightly positive"
"Canada","Canada","Male","Ontario","Neutral"
"","United States","Female","","Slightly negative"
"USA","Canada","Male","Florida","Very positive"
"Canada","Canada","Male","Saskatchewan","Slightly positive"
"Canada","Canada","Female","Yukon Territory","Neutral"
"","Canada","Male","","Slightly negative"
"Canada","Canada","Female","Prince Edward Island","Slightly negative"
"Canada","Canada","Male","Alberta","Neutral"
"Canada","Canada","Male","British Columbia","Very positive"
"","Canada","Male","","Slightly positive"
"Canada","Canada","Male","Ontario","Very positive"
"Canada","Canada","Male","British Columbia","Slightly negative"
"Canada","Canada","Male","Ontario","Slightly positive"
"Canada","Canada","Male","Ontario","Very positive"
"Canada","Canada","Male","Quebec","Slightly negative"
"Sweden","Canada","Female","Sweden","Slightly positive"
"Canada","Canada","Male","Ontario","Slightly positive"
"Canada","Canada","Male","New Brunswick","Slightly negative"
"Canada","Canada","Male","Ontario","Neutral"
"Canada","Canada","Male","Ontario","Very positive"
"","Canada","Male","","Slightly positive"
"","Canada","Male","","Very positive"
"","Canada","Female","","Slightly positive"
"Canada","Canada","Male","British Columbia","Neutral"
"","Canada","Male","","Slightly positive"
"USA","United States","Male","New York","Very positive"
"Canada","Canada","Female","British Columbia","Neutral"
"Canada","Canada","Male","Alberta","Slightly positive"
"Japan","Canada","Male","Japan","Slightly negative"
"Canada","Canada","Male","Ontario","Slightly positive"
"Canada","Canada","Female","Ontario","Very negative"
"","Canada","Male","","Slightly negative"
"Canada","Canada","Female","Alberta","Slightly negative"
"","Canada","Male","","Slightly negative"
"Canada","Canada","Male","British Columbia","Slightly positive"
"Ethiopia","Canada","Male","Ethiopia","Very positive"
"","Canada","Male","","Slightly positive"
"","Canada","Male","","Neutral"
"Canada","Canada","Female","Ontario","Slightly positive"
"Italy","Canada","Male","Italy","Slightly negative"
"Serbia","Serbia","Female","Serbia","Slightly positive"
"Greece","Canada","Female","Greece","Slightly positive"
"Canada","Canada","Male","Nova Scotia","Slightly negative"
"Canada","Canada","Male","Newfoundland and Labrador","Very positive"
"France","Canada","Female","France","Very positive"
"","Canada","Male","","Neutral"
"Canada","Canada","Female","Nova Scotia","Very negative"
"Canada","Canada","Male","British Columbia","Slightly negative"
"Brazil","Canada","Male","Brazil","Very positive"
"Canada","Canada","Male","Ontario","Slightly negative"
"Canada","Canada","Male","Nova Scotia","Very positive"
"Canada","Canada","Male","Ontario","Slightly positive"
"Canada","Canada","Female","Ontario","Neutral"
"Germany","Canada","Male","Germany","Neutral"
"Canada","Canada","Male","Alberta","Very negative"
"Netherlands","Canada","Male","Netherlands","Very positive"
"Canada","Canada","Male","Ontario","Very negative"
"Canada","Canada","Female","Alberta","Very positive"
"Greece","Canada","Male","Greece","Slightly negative"
"Canada","Canada","Male","Quebec","Neutral"
"Canada","Canada","Male","Ontario","Very positive"
"Canada","Canada","Female","Ontario","Very negative"
"Canada","Canada","Female","Ontario","Slightly positive"
"Canada","Canada","Female","Ontario","Very positive"
"Canada","Canada","Male","New Brunswick","Slightly negative"
"","Canada","Male","","Very positive"
"Canada","Canada","Male","Ontario","Neutral"
"","Canada","Male","","Very positive"
"United Kingdom","Canada","Male","United Kingdom","Neutral"
"Canada","Canada","Male","Ontario","Slightly negative"
"Canada","Canada","Male","Ontario","Very positive"
"Canada","Canada","Male","Ontario","Neutral"
"Canada","Canada","Male","Quebec","Slightly positive"
"Canada","Canada","Male","Ontario","Neutral"
"Canada","Canada","Male","Quebec","Very positive"
"Canada","Canada","Male","Newfoundland and Labrador","Slightly positive"
"Canada","Canada","Male","Ontario","Very negative"
"Canada","Canada","Male","Ontario","Slightly positive"
"Canada","Canada","Female","Ontario","Slightly negative"
"","Canada","Male","","Neutral"
"Canada","Canada","Male","British Columbia","Slightly negative"
"Canada","Canada","Male","Ontario","Slightly positive"
"Canada","Canada","Male","Ontario","Neutral"
"","Canada","Male","","Very positive"
"Canada","Canada","Male","Ontario","Very positive"
"Canada","Canada","Male","Ontario","Neutral"
"","Canada","Male","","Slightly positive"
"Canada","Canada","Male","Ontario","Slightly positive"
"Canada","Canada","Male","Alberta","Neutral"
"Canada","Canada","Male","Ontario","Very positive"
"Canada","Canada","Male","British Columbia","Very positive"
"Germany","","Male","Germany","Very negative"
"Spain","Canada","Male","Spain","Very positive"
"Germany","Canada","Male","Germany","Neutral"
"","Canada","Female","","Slightly negative"
"Canada","Canada","Male","Nova Scotia","Slightly negative"
"USA","Canada","Male","Maine","Slightly positive"
"Canada","Canada","Female","Ontario","Slightly positive"
"Canada","Canada","Male","Ontario","Slightly positive"
"Canada","Canada","Female","Manitoba","Very positive"
"Canada","Canada","Female","Nova Scotia","Very positive"
"Canada","Canada","Female","Quebec","Slightly negative"
"Canada","Canada","Male","Quebec","Very positive"
"Canada","Canada","Female","Quebec","Slightly positive"
"Canada","Canada","Male","Ontario","Very negative"
"","Canada","Male","","Neutral"
"Spain","Canada","Male","Spain","Neutral"
"Canada","Canada","Male","Ontario","Neutral"
"Canada","Canada","Male","New Brunswick","Slightly positive"
"Canada","Canada","Male","New Brunswick","Slightly positive"
"Canada","Canada","Female","Nunavut","Neutral"
"Canada","Canada","Male","Quebec","Neutral"
"Canada","Canada","Male","Nova Scotia","Very positive"
"Canada","Canada","Male","Ontario","Slightly negative"
"Canada","Canada","Male","Ontario","Neutral"
"Canada","Canada","Male","New Brunswick","Neutral"
"Canada","Canada","Male","Ontario","Very negative"
"Canada","Canada","Male","Ontario","Slightly positive"
"Canada","Canada","Female","Quebec","Slightly positive"
"France","Canada","Male","France","Slightly negative"
"Canada","Canada","Male","Quebec","Slightly positive"
"Canada","Canada","Female","Quebec","Slightly negative"
"Canada","Canada","Male","British Columbia","Neutral"
"Canada","Canada","Male","Quebec","Slightly positive"
"Canada","Canada","Female","Saskatchewan","Slightly negative"
"Canada","Canada","Female","Quebec","Slightly negative"
"Canada","Canada","Female","Quebec","Slightly positive"
"Canada","Canada","Male","Quebec","Neutral"
"Canada","Canada","Male","Ontario","Very positive"
"Canada","Canada","Female","Ontario","Slightly negative"
"USA","Canada","Male","Massachusetts","Very positive"
"Canada","Canada","Male","Ontario","Very positive"
"Canada","Canada","Male","Ontario","Neutral"
"Canada","Canada","Male","Ontario","Slightly positive"
"Canada","Canada","Male","Nova Scotia","Very positive"
"Canada","Canada","Male","Saskatchewan","Slightly positive"
"Canada","Canada","Female","Quebec","Slightly negative"
"Poland","Canada","Male","Poland","Slightly positive"
"Canada","Canada","Male","Quebec","Very positive"
"Canada","Canada","Male","New Brunswick","Very positive"
"Canada","Canada","Male","Nova Scotia","Very positive"
"Canada","Canada","Other","New Brunswick","Slightly negative"
"Canada","Canada","Male","Quebec","Neutral"
"Canada","Canada","Male","Quebec","Very negative"
"Tanzania","Canada","Male","Tanzania","Very positive"
"Canada","Canada","Male","Nova Scotia","Slightly negative"
"Canada","Canada","Male","Quebec","Very positive"
"Canada","Canada","Male","Quebec","Slightly positive"
"Canada","Canada","Female","Quebec","Slightly positive"
"Canada","Canada","Male","Ontario","Slightly positive"
"Canada","Canada","Male","Ontario","Neutral"
"Canada","Canada","Male","Ontario","Very positive"
"Canada","Canada","Male","Quebec","Slightly positive"
"Germany","Canada","Male","Germany","Very negative"
"Italy","Canada","Female","Italy","Slightly positive"
"","","Male","","Slightly positive"
"Canada","Canada","Male","Quebec","Slightly positive"
"Canada","Canada","Male","Ontario","Slightly positive"
"Canada","Canada","Male","Nova Scotia","Slightly positive"
"Canada","Canada","Male","Ontario","Slightly positive"
"USA","Canada","Male","California","Slightly negative"
"Canada","Canada","Male","Quebec","Very positive"
"Canada","Canada","Male","Ontario","Slightly positive"
"Canada","Canada","Female","Ontario","Slightly positive"
"Canada","Canada","Male","Quebec","Very positive"
"Canada","Canada","Male","Quebec","Slightly negative"
"Canada","Canada","Female","Nova Scotia","Slightly positive"
"USA","United States","Female","New Jersey","Slightly negative"
"Canada","Canada","Female","Ontario","Very negative"
"Canada","Canada","Male","Ontario","Slightly positive"
"Canada","Canada","Male","Nova Scotia","Slightly positive"
"Canada","Canada","Female","Ontario","Very positive"
"Canada","Canada","Male","New Brunswick","Very negative"
"Canada","Canada","Male","Quebec","Neutral"
"","Canada","Male","","Slightly positive"
"Canada","Canada","Male","Quebec","Slightly negative"
"Canada","Canada","Male","Quebec","Slightly positive"
"Canada","Canada","Male","Ontario","Very negative"
"Canada","Canada","Male","Ontario","Slightly negative"
"Canada","Canada","Other","Ontario","Neutral"
"Sweden","Sweden","Female","Sweden","Very positive"
"France","Canada","Male","France","Slightly negative"
"Canada","Canada","Male","Quebec","Neutral"
"Canada","Canada","Male","Quebec","Slightly positive"
"Canada","Canada","Male","Quebec","Very positive"
"Canada","Canada","Female","British Columbia","Slightly negative"
"Canada","Canada","Male","New Brunswick","Slightly positive"
"Canada","Canada","Female","Nova Scotia","Slightly negative"
"Canada","Canada","Male","Ontario","Slightly negative"
"USA","United States","Male","Nebraska","Slightly negative"
"Canada","Canada","Male","Quebec","Very negative"
"Canada","Canada","Male","Quebec","Slightly negative"
"Canada","Canada","Female","Ontario","Very positive"
"Canada","Canada","Male","Manitoba","Slightly positive"
"Canada","Canada","Male","Alberta","Very positive"
"","Canada","Female","","Neutral"
"Canada","Canada","Male","Ontario","Slightly negative"
"United Kingdom","United Kingdom","Female","United Kingdom","Very positive"
"","Canada","Male","","Slightly negative"
"Canada","Canada","Male","Nova Scotia","Very positive"
"Canada","Canada","Male","British Columbia","Slightly positive"
"Canada","Canada","Male","British Columbia","Slightly positive"
"","Canada","Male","","Very negative"
"Canada","Canada","Female","Quebec","Very positive"
"","Canada","Male","","Slightly negative"
"Canada","Canada","Female","British Columbia","Very positive"
"Canada","Canada","Female","Ontario","Slightly positive"
"Canada","Canada","Female","British Columbia","Slightly negative"
"Germany","Canada","Male","Germany","Slightly negative"
"","Canada","Female","","Neutral"
"Netherlands","Canada","Male","Netherlands","Slightly positive"
"Canada","Canada","Male","Quebec","Slightly positive"
"Canada","Canada","Male","Ontario","Slightly negative"
"Canada","Canada","Male","Ontario","Slightly negative"
"Canada","","Male","Ontario","Slightly positive"
"Canada","Canada","Male","British Columbia","Slightly negative"
"Canada","Canada","Male","Alberta","Slightly negative"
"Chile","Chile","Male","Chile","Slightly positive"
"Canada","Canada","Male","New Brunswick","Slightly positive"
"Canada","Canada","Male","Ontario","Neutral"
"Canada","Canada","Male","Ontario","Slightly negative"
"Canada","Canada","","Ontario","Slightly positive"
"Australia","Australia","Male","Australia","Very positive"
"France","Canada","Male","France","Slightly positive"
"Israel","Israel","Male","Israel","Neutral"
"Israel","Antarctica","Other","Israel","Neutral"
"Israel","Israel","Female","Israel","Very positive"
"USA","Israel","Male","New York","Very positive"
"Israel","Israel","Male","Israel","Neutral"
"Switzerland","Israel","Male","Switzerland","Very positive"
"Israel","Israel","Male","Israel","Very positive"
"","United States","Female","","Neutral"
"Israel","Israel","Male","Israel","Slightly positive"
"","Canada","Male","","Slightly positive"
"Canada","Canada","Female","Ontario","Slightly positive"
"Canada","Canada","Male","Ontario","Slightly negative"
"Canada","Canada","Male","Nova Scotia","Neutral"
"Canada","Canada","Male","Nova Scotia","Slightly positive"
"Canada","Canada","Male","Nova Scotia","Slightly negative"
"Canada","Canada","Female","New Brunswick","Slightly positive"
"Canada","Canada","Male","Ontario","Very positive"
"Israel","Israel","Female","Israel","Very positive"
"Canada","Canada","Male","Nova Scotia","Slightly negative"
"Canada","Canada","Female","Ontario","Slightly positive"
"Canada","Canada","Male","Ontario","Slightly negative"
"Canada","Canada","Other","Ontario","Slightly positive"
"Canada","Canada","Male","Ontario","Slightly positive"
"Canada","Canada","Male","British Columbia","Slightly negative"
"Canada","Canada","Female","Ontario","Slightly positive"
"Canada","Canada","Male","Nova Scotia","Neutral"
"Canada","Canada","Male","Ontario","Slightly positive"
"","Canada","Male","","Very positive"
"Canada","Canada","Female","Ontario","Slightly negative"
"Canada","Canada","Male","Manitoba","Very positive"
"Canada","Canada","Male","Nova Scotia","Slightly positive"
"Canada","Canada","Female","Prince Edward Island","Very negative"
"Canada","Canada","Male","Ontario","Very negative"
"Canada","Canada","Male","British Columbia","Very negative"
"Canada","Canada","Male","British Columbia","Slightly negative"
"Canada","Canada","Male","Alberta","Slightly positive"
"Canada","Canada","Female","Ontario","Neutral"
"Canada","Canada","Female","Alberta","Slightly positive"
"Canada","Canada","Male","Alberta","Very positive"
"","Canada","Male","","Very positive"
"Canada","Canada","Male","Quebec","Slightly positive"
"Canada","Canada","Male","Manitoba","Neutral"
"Canada","Canada","Male","Saskatchewan","Slightly negative"
"Canada","Canada","Female","British Columbia","Very negative"
"Canada","Canada","Male","Ontario","Very positive"
"Germany","Canada","Male","Germany","Very negative"
"Canada","Canada","Male","Alberta","Neutral"
"Canada","Canada","Male","Ontario","Very positive"
"","Canada","Male","","Slightly negative"
"Canada","Canada","Male","Manitoba","Neutral"
"Canada","Canada","Male","Newfoundland and Labrador","Slightly positive"
"","Canada","Male","","Very positive"
"Canada","Canada","Male","Quebec","Slightly positive"
"Canada","Canada","Female","British Columbia","Neutral"
"Canada","Canada","Male","Ontario","Slightly negative"
"Canada","Canada","Male","British Columbia","Slightly positive"
"Canada","Canada","Male","Nova Scotia","Very positive"
"","Canada","Male","","Slightly positive"
"Canada","Canada","Male","Nova Scotia","Slightly positive"
"Canada","Canada","Male","British Columbia","Neutral"
"Canada","Canada","Female","Ontario","Very positive"
"Canada","Canada","Female","Newfoundland and Labrador","Neutral"
"Canada","Canada","Male","Ontario","Slightly positive"
"Canada","Canada","Male","Ontario","Slightly negative"
"Canada","Canada","Male","Quebec","Very positive"
"Canada","Canada","Female","Ontario","Very positive"
"Canada","Canada","Male","Ontario","Slightly negative"
"Canada","Canada","Female","Ontario","Neutral"
"Canada","Canada","Male","Saskatchewan","Very negative"
"Canada","Canada","Male","Alberta","Slightly negative"
"Canada","Canada","Male","Alberta","Very positive"
"Canada","Canada","Male","Ontario","Slightly positive"
"Canada","Canada","Male","Newfoundland and Labrador","Slightly positive"
"","Canada","Female","","Very positive"
"Canada","Canada","Male","British Columbia","Very positive"
"Canada","Canada","Female","Manitoba","Slightly negative"
"Canada","Canada","Male","Manitoba","Slightly positive"
"","","Male","","Neutral"
"Canada","Canada","Male","British Columbia","Very positive"
"","Canada","Male","","Very negative"
"USA","Canada","Male","Washington","Slightly negative"
"Canada","Canada","Male","Ontario","Slightly negative"
"","Canada","Female","","Slightly negative"
"Canada","Canada","Female","British Columbia","Very positive"
"Canada","Canada","Male","British Columbia","Very negative"
"","Canada","Male","","Neutral"
"","Canada","","","Neutral"
"Canada","Canada","Male","Ontario","Slightly negative"
"Canada","Canada","Male","Nova Scotia","Slightly positive"
"Australia","Canada","Male","Australia","Slightly negative"
"Canada","Canada","Female","Nova Scotia","Slightly negative"
"Canada","Canada","Female","New Brunswick","Slightly positive"
"Canada","Canada","Male","Quebec","Neutral"
"Canada","Canada","Male","Ontario","Slightly negative"
"Canada","Canada","Female","Ontario","Slightly positive"
"Canada","Canada","Male","British Columbia","Slightly positive"
"Canada","Canada","Female","British Columbia","Neutral"
"Canada","Canada","Male","New Brunswick","Slightly negative"
"Canada","Canada","Male","Ontario","Neutral"
"Australia","Israel","Male","Australia","Very positive"
"Canada","Canada","Female","Ontario","Slightly positive"
"Canada","Canada","Female","Alberta","Neutral"
"Canada","Canada","Female","British Columbia","Very positive"
"Switzerland","Canada","Male","Switzerland","Neutral"
"Germany","Germany","Male","Germany","Slightly positive"
"Germany","Canada","Male","Germany","Neutral"
"Denmark","Canada","Male","Denmark","Slightly negative"
"Canada","Canada","Male","Newfoundland and Labrador","Slightly negative"
"Netherlands","Canada","Male","Netherlands","Slightly positive"
"Canada","Canada","Male","Ontario","Very positive"
"","Canada","Male","","Slightly positive"
"Canada","Canada","Male","Ontario","Slightly negative"
"Canada","Canada","Male","Nova Scotia","Slightly negative"
"Canada","Canada","Male","Quebec","Very positive"
"Canada","Canada","Male","Ontario","Slightly negative"
"Canada","Canada","Male","British Columbia","Neutral"
"Canada","Canada","Female","Ontario","Slightly negative"
"USA","United States","Female","Maryland","Very positive"
"Canada","Canada","Male","Newfoundland and Labrador","Neutral"
"Switzerland","Canada","Male","Switzerland","Slightly positive"
"","Canada","Female","","Slightly positive"
"Canada","Canada","Male","Ontario","Very negative"
"USA","United States","Male","Pennsylvania","Slightly negative"
"USA","United States","Male","Illinois","Very positive"
"United Kingdom","United Kingdom","Male","United Kingdom","Slightly positive"
"Canada","Canada","Female","Ontario","Slightly positive"
"Canada","Canada","Male","New Brunswick","Slightly negative"
"Canada","Canada","Male","Ontario","Neutral"
"Canada","Canada","Female","Manitoba","Very negative"
"Canada","Canada","Female","Ontario","Slightly positive"
"Canada","Canada","Male","Alberta","Very negative"
"Canada","Canada","Male","Ontario","Slightly positive"
"Canada","Canada","Female","Nova Scotia","Very positive"
"","United States","Male","","Very positive"
"Canada","Canada","Male","Alberta","Neutral"
"Belgium","United States","Male","Belgium","Very positive"
"USA","United States","Male","Louisiana","Very positive"
"USA","United States","Female","California","Very positive"
"USA","United States","Female","California","Very positive"
"USA","United States","Male","California","Neutral"
"Greece","Canada","Male","Greece","Neutral"
"Canada","Canada","Female","Alberta","Neutral"
"USA","United States","Female","Maryland","Very positive"
"Canada","Canada","Female","Ontario","Very positive"
"","Canada","Female","","Neutral"
"Canada","Canada","Male","Ontario","Slightly positive"
"USA","United States","Male","Hawaii","Slightly positive"
"","Canada","Male","","Slightly positive"
"New Zealand","New Zealand","Male","New Zealand","Very positive"
"Canada","Canada","Male","British Columbia","Slightly negative"
"India","India","Male","India","Slightly negative"
"Austria","Austria","Male","Austria","Very positive"
"USA","United States","Female","California","Slightly positive"
"Germany","Germany","Male","Germany","Very positive"
"Denmark","Denmark","Female","Denmark","Slightly negative"
"USA","United States","Female","Oklahoma","Slightly positive"
"USA","United States","Male","Ohio","Slightly positive"
"Sweden","Canada","Female","Sweden","Very positive"
"Canada","Canada","Male","Ontario","Slightly negative"
"Canada","Canada","Male","Alberta","Slightly negative"
"Canada","Canada","Female","Nova Scotia","Slightly negative"
"Canada","Canada","Male","Ontario","Very positive"
"","Canada","Male","","Very positive"
"","Canada","Male","","Neutral"
"France","France","Male","France","Slightly negative"
"Canada","Canada","Male","Quebec","Slightly positive"
"Canada","Canada","Male","Ontario","Very negative"
"USA","United States","Male","Michigan","Very positive"
"Canada","Canada","Female","Ontario","Slightly positive"
"Ethiopia","Ethiopia","Male","Ethiopia","Very positive"
"","United States","Female","","Very positive"
"Lesotho","Lesotho","Male","Lesotho","Very positive"
"Canada","Canada","Male","Saskatchewan","Slightly positive"
"Bangladesh","Bangladesh","Female","Bangladesh","Slightly positive"
"Nicaragua","Nicaragua","Male","Nicaragua","Very positive"
"USA","United States","Male","California","Slightly negative"
"Colombia","Colombia","Male","Colombia","Very positive"
"Canada","Canada","Male","British Columbia","Slightly negative"
"USA","United States","Male","Nevada","Neutral"
"Israel","Israel","Male","Israel","Slightly positive"
"Mozambique","Mozambique","Male","Mozambique","Very positive"
"Malaysia","Malaysia","Male","Malaysia","Very positive"
"Taiwan","Taiwan","Male","Taiwan","Slightly positive"
"Canada","Canada","Male","British Columbia","Slightly positive"
"Russian Federation","Canada","Male","Russian Federation","Very negative"
"Canada","Canada","Male","Ontario","Very positive"
"Indonesia","Canada","Male","Indonesia","Neutral"
"USA","United States","Male","Iowa","Slightly positive"
"Canada","Canada","Male","Ontario","Slightly negative"
"Canada","Canada","Female","Alberta","Very positive"
"Canada","Canada","Male","Saskatchewan","Neutral"
"Canada","Canada","Male","Ontario","Neutral"
"USA","Canada","Female","Hawaii","Slightly positive"
"Australia","Australia","Female","Australia","Slightly positive"
"Malaysia","Malaysia","Female","Malaysia","Very positive"
"Germany","Germany","Male","Germany","Very positive"
"Canada","Canada","Male","Ontario","Slightly positive"
"Canada","Canada","Female","Alberta","Neutral"
"","Canada","Male","","Neutral"
"Canada","Canada","Female","Quebec","Very positive"
"Canada","Canada","Male","British Columbia","Slightly positive"
"Canada","Canada","Male","British Columbia","Slightly positive"
"","Bangladesh","Male","","Neutral"
"Canada","Canada","Female","Quebec","Slightly negative"
"USA","United States","Female","Hawaii","Slightly positive"
"Indonesia","Indonesia","Male","Indonesia","Neutral"
"USA","","Male","California","Very positive"
"United Kingdom","United States","Female","United Kingdom","Slightly positive"
"Canada","Canada","Male","Ontario","Very positive"
"Canada","Canada","Female","Ontario","Slightly positive"
"","United States","Female","","Slightly positive"
"USA","United States","Female","Massachusetts","Slightly negative"
"USA","United States","Male","North Carolina","Slightly positive"
"","Canada","Male","","Very negative"
"United Kingdom","United Kingdom","Male","United Kingdom","Neutral"
"United Kingdom","United Kingdom","Male","United Kingdom","Neutral"
"United Kingdom","United Kingdom","Male","United Kingdom","Very positive"
"United Kingdom","United Kingdom","Female","United Kingdom","Very positive"
"United Kingdom","United Kingdom","Male","United Kingdom","Neutral"
"United Kingdom","United Kingdom","Male","United Kingdom","Slightly positive"
"United Kingdom","United Kingdom","Male","United Kingdom","Very positive"
"United Kingdom","United Kingdom","Female","United Kingdom","Very positive"
"United Kingdom","United Kingdom","Male","United Kingdom","Slightly positive"
"United Kingdom","United Kingdom","Male","United Kingdom","Very positive"
"United Kingdom","United Kingdom","Male","United Kingdom","Very positive"
"United Kingdom","United Kingdom","Male","United Kingdom","Slightly negative"
"United Kingdom","United Kingdom","Male","United Kingdom","Slightly positive"
"Switzerland","United Kingdom","Male","Switzerland","Neutral"
"United Kingdom","United Kingdom","Male","United Kingdom","Very positive"
"United Kingdom","United Kingdom","Male","United Kingdom","Neutral"
"United Kingdom","United Kingdom","Male","United Kingdom","Slightly positive"
"United Kingdom","United Kingdom","Male","United Kingdom","Slightly positive"
"Australia","Australia","Female","Australia","Slightly negative"
"USA","United Kingdom","Male","Washington","Very positive"
"USA","United Kingdom","Male","Oregon","Very positive"
"United Kingdom","United Kingdom","Male","United Kingdom","Slightly positive"
"Russian Federation","United Kingdom","Male","Russian Federation","Very positive"
"United Kingdom","United Kingdom","Female","United Kingdom","Slightly positive"
"United Kingdom","United Kingdom","Male","United Kingdom","Slightly positive"
"United Kingdom","United Kingdom","Male","United Kingdom","Very positive"
"United Kingdom","","Male","United Kingdom","Very positive"
"United Kingdom","United Kingdom","Male","United Kingdom","Slightly negative"
"United Kingdom","United Kingdom","Female","United Kingdom","Slightly negative"
"United Kingdom","United Kingdom","Female","United Kingdom","Neutral"
"China","United Kingdom","Female","China","Very positive"
"Spain","United Kingdom","Male","Spain","Very positive"
"United Kingdom","United Kingdom","Male","United Kingdom","Slightly positive"
"United Kingdom","United Kingdom","Male","United Kingdom","Slightly positive"
"Canada","Canada","Male","Quebec","Very positive"
"United Kingdom","United Kingdom","Female","United Kingdom","Slightly positive"
"United Kingdom","United Kingdom","Male","United Kingdom","Neutral"
"United Kingdom","","Female","United Kingdom","Slightly negative"
"United Kingdom","United Kingdom","Male","United Kingdom","Very positive"
"United Kingdom","United Kingdom","Male","United Kingdom","Neutral"
"United Kingdom","United Kingdom","Female","United Kingdom","Slightly positive"
"","United Kingdom","Male","","Neutral"
"United Kingdom","United Kingdom","Male","United Kingdom","Very positive"
"United Kingdom","United Kingdom","Female","United Kingdom","Slightly negative"
"United Kingdom","United Kingdom","Male","United Kingdom","Slightly positive"
"United Kingdom","United Kingdom","Male","United Kingdom","Very positive"
"United Kingdom","United Kingdom","Female","United Kingdom","Slightly positive"
"United Kingdom","United Kingdom","Female","United Kingdom","Very positive"
"United Kingdom","United Kingdom","Male","United Kingdom","Very positive"
"Germany","United Kingdom","Male","Germany","Very negative"
"Canada","Canada","Female","New Brunswick","Neutral"
"Canada","Canada","Male","Quebec","Slightly negative"
"United Kingdom","United Kingdom","Male","United Kingdom","Slightly positive"
"Australia","Australia","Female","Australia","Neutral"
"Australia","Australia","Male","Australia","Slightly negative"
"Australia","Australia","Female","Australia","Slightly positive"
"Netherlands","Netherlands","Male","Netherlands","Neutral"
"United Kingdom","United Kingdom","Male","United Kingdom","Neutral"
"Netherlands","Netherlands","Female","Netherlands","Neutral"
"United Kingdom","United Kingdom","Female","United Kingdom","Slightly positive"
"Netherlands","Netherlands","Male","Netherlands","Slightly negative"
"United Kingdom","United Kingdom","Female","United Kingdom","Very positive"
"United Kingdom","United Kingdom","Male","United Kingdom","Neutral"
"Germany","United Kingdom","Male","Germany","Slightly positive"
"United Kingdom","United Kingdom","Female","United Kingdom","Slightly negative"
"Netherlands","Netherlands","Male","Netherlands","Slightly positive"
"United Kingdom","United Kingdom","Male","United Kingdom","Neutral"
"United Kingdom","United Kingdom","Male","United Kingdom","Neutral"
"United Kingdom","United Kingdom","Male","United Kingdom","Neutral"
"Netherlands","Netherlands","Female","Netherlands","Very negative"
"United Kingdom","United Kingdom","Male","United Kingdom","Slightly negative"
"United Kingdom","United Kingdom","Male","United Kingdom","Neutral"
"Canada","Canada","Male","British Columbia","Slightly negative"
"Netherlands","Netherlands","Female","Netherlands","Very negative"
"United Kingdom","United Kingdom","Male","United Kingdom","Slightly positive"
"Switzerland","Switzerland","Male","Switzerland","Very positive"
"Canada","Canada","Male","British Columbia","Neutral"
"Australia","Australia","Male","Australia","Slightly negative"
"United Kingdom","United Kingdom","Male","United Kingdom","Neutral"
"Canada","Canada","Male","Quebec","Slightly positive"
"USA","United States","Female","Nebraska","Very positive"
"","Colombia","Male","","Very positive"
"","Colombia","Male","","Slightly positive"
"USA","United States","Female","Nebraska","Very positive"
"Canada","Canada","Male","British Columbia","Slightly negative"
"India","India","Male","India","Slightly positive"
"USA","United States","Female","New Hampshire","Very positive"
"Australia","Australia","Male","Australia","Slightly negative"
"","Colombia","Male","","Very positive"
"Canada","Canada","Female","Ontario","Slightly negative"
"United Kingdom","United Kingdom","Male","United Kingdom","Neutral"
"Connecticut","United States","Male","Connecticut","Slightly negative"
"United Kingdom","United Kingdom","Male","United Kingdom","Neutral"
"","Canada","Male","","Slightly positive"
"Brazil","Brazil","Male","Brazil","Neutral"
