"X","Country","Country_work","gender","Location","partnership_outside","partnership_outside_before"
2,"Australia","","Female","Australia","Some partnership","No partnership"
4,"Canada","","Male","Ontario","Strong partnership","Some partnership"
5,"Canada","Barbados","Other","British Columbia","Some partnership","Strong partnership"
6,"Canada","Antarctica","Female","British Columbia","Exclusive partnership","Some partnership"
10,"Netherlands","Russia","Male","Netherlands","Some partnership","No partnership"
12,"Netherlands","United Kingdom","Male","Netherlands","Some partnership","No partnership"
14,"Netherlands","Canada","Female","Netherlands","Some partnership","No partnership"
15,"Netherlands","Brazil","Male","Netherlands","Some partnership","Some partnership"
16,"","Australia","Female","","Some partnership","No partnership"
18,"Denmark","Japan","Male","Denmark","Some partnership","Some partnership"
21,"Netherlands","United Kingdom","Female","Netherlands","Some partnership","Some partnership"
22,"Netherlands","Netherlands","Other","Netherlands","Some partnership","No partnership"
24,"Netherlands","Uruguay","Male","Netherlands","No partnership","Some partnership"
26,"Netherlands","Australia","Male","Netherlands","Some partnership","Strong partnership"
28,"USA","United States","Male","California","Strong partnership","Some partnership"
29,"Netherlands","Indonesia","Female","Netherlands","Some partnership","No partnership"
33,"New Zealand","New Zealand","Male","New Zealand","Some partnership","No partnership"
35,"France","France","Female","France","Some partnership","No partnership"
36,"","Bangladesh","Female","","Some partnership","Some partnership"
43,"South Africa","South Africa","Female","South Africa","Some partnership","No partnership"
48,"Netherlands","Netherlands","Male","Netherlands","Strong partnership","Some partnership"
49,"Netherlands","Netherlands","Male","Netherlands","Strong partnership","Strong partnership"
53,"Italy","Italy","Male","Italy","Some partnership","No partnership"
59,"Italy","Italy","Male","Italy","Some partnership","No partnership"
61,"Italy","Italy","Male","Italy","Some partnership","No partnership"
62,"Italy","Italy","Male","Italy","No partnership","No partnership"
63,"Italy","Italy","Male","Italy","Some partnership","No partnership"
64,"United Kingdom","United Kingdom","Female","United Kingdom","Strong partnership","Some partnership"
67,"Italy","Italy","Male","Italy","Some partnership","Some partnership"
71,"Belgium","Netherlands","Male","Belgium","Some partnership","No partnership"
72,"Norway","Norway","Male","Norway","No partnership","Some partnership"
74,"Italy","Italy","Male","Italy","Some partnership","No partnership"
75,"Italy","Italy","Male","Italy","Some partnership","No partnership"
76,"Italy","Italy","Male","Italy","Some partnership","Some partnership"
77,"Italy","Italy","Male","Italy","Some partnership","Some partnership"
86,"Netherlands","Netherlands","Female","Netherlands","Strong partnership","Some partnership"
90,"Italy","Italy","Female","Italy","No partnership","Some partnership"
96,"Italy","Italy","Male","Italy","Some partnership","No partnership"
97,"Italy","Italy","Male","Italy","Some partnership","No partnership"
98,"Greece","Greece","Female","Greece","Some partnership","No partnership"
99,"Italy","Netherlands","Male","Italy","Strong partnership","Some partnership"
101,"Cyprus","Cyprus","Female","Cyprus","No partnership","Some partnership"
104,"Japan","Japan","Male","Japan","Some partnership","No partnership"
109,"Norway","Norway","Female","Norway","No partnership","Some partnership"
112,"Netherlands","Netherlands","Male","Netherlands","Strong partnership","Some partnership"
115,"Switzerland","Italy","Male","Switzerland","Strong partnership","Some partnership"
120,"USA","United States","Female","Massachusetts","Some partnership","No partnership"
122,"Netherlands","Netherlands","Male","Netherlands","Some partnership","No partnership"
125,"Italy","Italy","Male","Italy","Some partnership","Some partnership"
129,"Netherlands","Netherlands","Male","Netherlands","Strong partnership","Some partnership"
131,"Israel","Israel","Male","Israel","Some partnership","No partnership"
133,"USA","United States","Male","California","Some partnership","No partnership"
136,"Italy","Italy","Female","Italy","Strong partnership","No partnership"
138,"Italy","Italy","Female","Italy","Some partnership","No partnership"
139,"United Kingdom","Canada","Female","United Kingdom","Strong partnership","No partnership"
141,"Malaysia","Malaysia","Male","Malaysia","Some partnership","Strong partnership"
149,"Canada","Canada","Female","Ontario","Some partnership","No partnership"
151,"USA","Italy","Male","Illinois","Some partnership","Some partnership"
158,"Netherlands","Netherlands","Male","Netherlands","Some partnership","No partnership"
159,"Italy","Italy","Male","Italy","Some partnership","No partnership"
160,"USA","United States","Female","Arizona","Some partnership","No partnership"
167,"Montenegro","Montenegro","Male","Montenegro","Some partnership","Some partnership"
169,"Australia","Australia","Male","Australia","Some partnership","No partnership"
173,"Australia","Australia","Female","Australia","Some partnership","No partnership"
178,"Australia","Australia","Male","Australia","Some partnership","Some partnership"
182,"","Australia","Female","","Some partnership","No partnership"
183,"United Kingdom","United Kingdom","Male","United Kingdom","Some partnership","No partnership"
185,"Italy","Germany","Female","Italy","Strong partnership","Some partnership"
192,"Canada","Canada","Male","Ontario","Some partnership","No partnership"
196,"Poland","Poland","Female","Poland","No partnership","Some partnership"
198,"USA","United States","Female","Oregon","Strong partnership","Exclusive partnership"
200,"Israel","United States","Male","Israel","Exclusive partnership","Exclusive partnership"
201,"Netherlands","Netherlands","Female","Netherlands","Some partnership","No partnership"
202,"Australia","Australia","Female","Australia","Some partnership","No partnership"
203,"Poland","Poland","Male","Poland","Some partnership","No partnership"
207,"Poland","Poland","Male","Poland","Some partnership","Some partnership"
208,"Poland","Poland","Male","Poland","Some partnership","No partnership"
209,"Poland","Poland","Male","Poland","Strong partnership","Some partnership"
223,"Japan","Japan","Male","Japan","Some partnership","Some partnership"
224,"Kenya","Kenya","Male","Kenya","Some partnership","Strong partnership"
230,"Israel","Israel","Male","Israel","Some partnership","Some partnership"
233,"Israel","Israel","Male","Israel","No partnership","Some partnership"
242,"Israel","Israel","Male","Israel","Some partnership","Some partnership"
249,"United Kingdom","Australia","Male","United Kingdom","Some partnership","No partnership"
255,"","Australia","Male","","Strong partnership","Some partnership"
257,"USA","United States","Male","Maryland","Strong partnership","No partnership"
259,"Israel","Israel","Male","Israel","Some partnership","Some partnership"
262,"Israel","Israel","Male","Israel","Some partnership","No partnership"
264,"Serbia","Serbia","Female","Serbia","Some partnership","No partnership"
265,"Israel","Israel","Male","Israel","Strong partnership","No partnership"
268,"Israel","Israel","Female","Israel","Some partnership","No partnership"
272,"Israel","Israel","Male","Israel","No partnership","Some partnership"
274,"France","France","Female","France","Some partnership","No partnership"
277,"Israel","Israel","Female","Israel","Strong partnership","No partnership"
281,"Canada","Canada","Male","British Columbia","Strong partnership","Some partnership"
283,"Israel","Israel","Male","Israel","Some partnership","No partnership"
286,"Israel","Israel","Male","Israel","No partnership","Some partnership"
288,"","Poland","Female","","Some partnership","No partnership"
290,"France","Israel","Male","France","Some partnership","No partnership"
292,"Israel","Israel","Male","Israel","Strong partnership","Some partnership"
294,"Israel","Israel","Male","Israel","Strong partnership","Strong partnership"
295,"Israel","Israel","Male","Israel","Some partnership","Strong partnership"
298,"Greece","Italy","Female","Greece","Some partnership","No partnership"
302,"Canada","France","Female","Quebec","Some partnership","Some partnership"
303,"","United States","Female","","Some partnership","No partnership"
310,"Israel","Israel","Male","Israel","Some partnership","Strong partnership"
312,"Israel","Israel","Male","Israel","Strong partnership","Some partnership"
313,"USA","Israel","Male","Maryland","Some partnership","No partnership"
317,"Israel","Israel","Female","Israel","Some partnership","Some partnership"
320,"Israel","Israel","Male","Israel","No partnership","No partnership"
322,"Israel","","Female","Israel","Some partnership","No partnership"
324,"Israel","Israel","Male","Israel","Some partnership","No partnership"
326,"Israel","Israel","Male","Israel","No partnership","Some partnership"
327,"USA","Israel","Male","Vermont","Strong partnership","Some partnership"
328,"Israel","","Male","Israel","Some partnership","No partnership"
329,"Israel","Israel","Male","Israel","Strong partnership","Some partnership"
330,"Spain","Israel","Male","Spain","Some partnership","Strong partnership"
336,"Israel","Israel","Female","Israel","Some partnership","No partnership"
339,"Israel","Israel","Female","Israel","No partnership","Exclusive partnership"
340,"Israel","Israel","Male","Israel","Some partnership","Some partnership"
341,"Israel","Israel","Male","Israel","Some partnership","No partnership"
344,"Israel","Israel","Male","Israel","No partnership","Strong partnership"
346,"Israel","","Male","Israel","Some partnership","Strong partnership"
354,"Israel","Israel","Male","Israel","Some partnership","Strong partnership"
356,"Israel","Israel","Male","Israel","Some partnership","Some partnership"
358,"Israel","Israel","Female","Israel","Some partnership","No partnership"
372,"Israel","Israel","Female","Israel","Some partnership","No partnership"
373,"France","France","Male","France","No partnership","No partnership"
377,"Israel","Israel","Male","Israel","Some partnership","No partnership"
380,"Israel","Israel","Male","Israel","Exclusive partnership","Some partnership"
382,"United Kingdom","United Kingdom","Female","United Kingdom","Some partnership","No partnership"
383,"United Kingdom","United Kingdom","Female","United Kingdom","Strong partnership","Some partnership"
385,"United Kingdom","United Kingdom","Male","United Kingdom","Strong partnership","Some partnership"
388,"Israel","Israel","Male","Israel","Some partnership","No partnership"
391,"","United States","Female","","Some partnership","No partnership"
396,"Netherlands","Brazil","Male","Netherlands","Some partnership","No partnership"
399,"Brazil","Brazil","Male","Brazil","Some partnership","No partnership"
409,"Germany","Germany","Male","Germany","Strong partnership","Some partnership"
411,"Spain","Spain","Male","Spain","Strong partnership","No partnership"
412,"Brazil","Brazil","Female","Brazil","Strong partnership","No partnership"
414,"Italy","Italy","Male","Italy","Strong partnership","Some partnership"
418,"Canada","Canada","Male","Ontario","Strong partnership","Some partnership"
421,"Canada","Canada","Male","Quebec","Some partnership","No partnership"
423,"Canada","Canada","Male","Quebec","Some partnership","No partnership"
426,"Canada","Canada","Male","Alberta","Some partnership","No partnership"
428,"Canada","Canada","Female","Quebec","No partnership","Some partnership"
429,"Canada","Canada","Male","Alberta","Some partnership","No partnership"
431,"Canada","Canada","Male","Nova Scotia","Exclusive partnership","Strong partnership"
432,"Canada","Canada","Female","Alberta","Strong partnership","Some partnership"
433,"Canada","Canada","Male","Newfoundland and Labrador","No partnership","Some partnership"
434,"Canada","Canada","Male","Alberta","Some partnership","No partnership"
435,"Canada","Canada","Male","Alberta","Some partnership","Strong partnership"
436,"Canada","Canada","Female","Prince Edward Island","Strong partnership","No partnership"
442,"Canada","Canada","Male","Ontario","Some partnership","No partnership"
443,"Canada","Canada","Male","Ontario","Some partnership","No partnership"
444,"Canada","Canada","Male","Ontario","Strong partnership","Some partnership"
445,"Canada","Canada","Male","Quebec","Some partnership","Some partnership"
447,"Canada","Canada","Female","Nova Scotia","Exclusive partnership","Strong partnership"
449,"Canada","Canada","Female","Ontario","Some partnership","No partnership"
451,"Canada","Canada","Male","Quebec","Some partnership","Some partnership"
452,"Canada","Canada","Female","British Columbia","Some partnership","Some partnership"
454,"Canada","Canada","Male","Quebec","Strong partnership","Strong partnership"
455,"Canada","Canada","Female","Quebec","Some partnership","No partnership"
458,"Canada","Canada","Male","Quebec","Strong partnership","Some partnership"
460,"Canada","Canada","Male","Nova Scotia","No partnership","Some partnership"
462,"Canada","Canada","Male","Ontario","Some partnership","Some partnership"
465,"Canada","Canada","Male","Saskatchewan","Some partnership","No partnership"
469,"Canada","Canada","Male","Alberta","Some partnership","Some partnership"
477,"Canada","Canada","Male","Alberta","Strong partnership","Some partnership"
478,"Canada","Canada","Male","Newfoundland and Labrador","Some partnership","Strong partnership"
480,"Canada","Canada","Male","British Columbia","Strong partnership","Strong partnership"
485,"Canada","Canada","Male","British Columbia","Some partnership","Some partnership"
488,"Canada","Canada","Female","Ontario","Some partnership","Strong partnership"
491,"Canada","Canada","Male","British Columbia","Strong partnership","Some partnership"
492,"Canada","Canada","Male","Ontario","Some partnership","No partnership"
493,"Canada","Canada","Male","Quebec","Some partnership","No partnership"
494,"Canada","Canada","Male","Nova Scotia","No partnership","Some partnership"
496,"Canada","Canada","Female","Quebec","Some partnership","No partnership"
497,"Canada","Canada","Male","Newfoundland and Labrador","No partnership","Some partnership"
499,"Canada","Canada","Male","Alberta","No partnership","Some partnership"
500,"France","Canada","Male","France","Strong partnership","Some partnership"
502,"Canada","Canada","Male","Ontario","Some partnership","No partnership"
503,"Canada","Canada","Male","British Columbia","Some partnership","No partnership"
504,"Canada","Canada","Female","British Columbia","Some partnership","No partnership"
505,"Canada","Canada","Male","British Columbia","Strong partnership","Some partnership"
506,"","Canada","Female","","Some partnership","Some partnership"
510,"Canada","Canada","Male","Alberta","Strong partnership","Some partnership"
512,"Canada","Canada","Male","Ontario","No partnership","Some partnership"
513,"Canada","Canada","Female","British Columbia","No partnership","Some partnership"
517,"Canada","","Male","Quebec","Some partnership","No partnership"
520,"Canada","Central African Republic","Male","Quebec","No partnership","Strong partnership"
522,"Canada","Canada","Male","Alberta","Strong partnership","Some partnership"
524,"Canada","Canada","Male","Ontario","Some partnership","No partnership"
529,"Canada","Canada","Male","Ontario","Some partnership","No partnership"
530,"Canada","Canada","Male","Ontario","Strong partnership","Some partnership"
532,"Canada","Canada","Male","Ontario","No partnership","No partnership"
534,"Canada","Canada","Male","British Columbia","Some partnership","No partnership"
536,"Canada","Chad","Male","Newfoundland and Labrador","Some partnership","Some partnership"
537,"Canada","Canada","Female","Quebec","Some partnership","Some partnership"
539,"Canada","Canada","Male","Alberta","Some partnership","Strong partnership"
540,"Canada","Canada","Male","Ontario","Some partnership","No partnership"
542,"Canada","","Male","British Columbia","Some partnership","No partnership"
549,"Canada","Canada","Male","Ontario","Strong partnership","Some partnership"
550,"Canada","Canada","Female","Ontario","Some partnership","Some partnership"
554,"Canada","Canada","Male","British Columbia","No partnership","Some partnership"
562,"Canada","Canada","Male","Ontario","Strong partnership","Some partnership"
563,"Canada","Canada","Male","British Columbia","Some partnership","Some partnership"
572,"Canada","","Male","Manitoba","No partnership","Some partnership"
576,"Canada","Canada","Male","Ontario","Strong partnership","Strong partnership"
581,"Canada","Canada","","Nova Scotia","Some partnership","No partnership"
582,"Canada","Canada","Other","Ontario","Strong partnership","Some partnership"
589,"Canada","Canada","Male","Ontario","Some partnership","Exclusive partnership"
590,"Canada","Canada","Male","Ontario","Some partnership","No partnership"
591,"Canada","Canada","Male","Quebec","Strong partnership","Some partnership"
599,"Canada","Canada","Male","Ontario","Some partnership","No partnership"
601,"Canada","Canada","Female","British Columbia","No partnership","Some partnership"
603,"Canada","Canada","Male","Ontario","Some partnership","No partnership"
606,"Canada","Canada","Male","Alberta","Strong partnership","Strong partnership"
607,"Canada","Canada","Male","Ontario","Some partnership","No partnership"
609,"Canada","Canada","Male","Quebec","Some partnership","No partnership"
611,"Canada","","","Ontario","Some partnership","No partnership"
612,"Canada","Canada","Male","Ontario","Strong partnership","Some partnership"
615,"Canada","Canada","Male","Nova Scotia","Some partnership","No partnership"
616,"Canada","Canada","Male","Alberta","Some partnership","Strong partnership"
617,"USA","Canada","Male","Nevada","Some partnership","No partnership"
619,"Canada","Canada","Female","Ontario","Strong partnership","Some partnership"
622,"Canada","Canada","Male","Quebec","Some partnership","No partnership"
623,"USA","Canada","Male","Nevada","Strong partnership","Some partnership"
624,"Canada","Canada","Female","Ontario","Some partnership","No partnership"
626,"Canada","Canada","Female","Quebec","Some partnership","Some partnership"
631,"Canada","Canada","Female","Alberta","Some partnership","No partnership"
634,"Canada","Canada","Male","Alberta","Some partnership","No partnership"
635,"Canada","Canada","Male","Ontario","No partnership","Some partnership"
637,"Canada","","Male","Ontario","Strong partnership","Some partnership"
641,"","Canada","","","Strong partnership","Exclusive partnership"
642,"Canada","Canada","Male","Ontario","Some partnership","No partnership"
643,"Canada","Canada","Female","Ontario","Some partnership","No partnership"
645,"Canada","Canada","Female","Ontario","Some partnership","Some partnership"
646,"Canada","Canada","Female","British Columbia","No partnership","Strong partnership"
648,"Canada","Canada","Male","Quebec","Some partnership","Some partnership"
649,"Canada","Canada","Female","Ontario","No partnership","Some partnership"
652,"Canada","Canada","Male","Ontario","Some partnership","No partnership"
657,"Canada","Canada","Male","Ontario","Some partnership","No partnership"
659,"Canada","Canada","Male","Ontario","Strong partnership","Some partnership"
660,"Canada","Canada","Male","British Columbia","Some partnership","No partnership"
664,"","Canada","Male","","Strong partnership","Some partnership"
665,"Canada","Canada","Male","Ontario","Strong partnership","Some partnership"
668,"Canada","Canada","Male","Ontario","Some partnership","No partnership"
669,"Canada","Canada","Female","Ontario","No partnership","Some partnership"
672,"Canada","Canada","Male","Ontario","Some partnership","No partnership"
674,"Canada","Canada","Male","Ontario","Some partnership","Strong partnership"
677,"Canada","Canada","Male","Ontario","Some partnership","No partnership"
679,"Canada","Canada","Female","Ontario","Some partnership","Some partnership"
680,"Canada","Canada","Male","British Columbia","Some partnership","No partnership"
682,"Canada","Canada","Male","British Columbia","Some partnership","No partnership"
683,"Canada","Canada","Male","British Columbia","No partnership","Some partnership"
684,"Canada","Canada","Male","British Columbia","Exclusive partnership","Exclusive partnership"
687,"France","Canada","Male","France","Strong partnership","No partnership"
688,"Canada","Canada","Male","Ontario","Some partnership","Strong partnership"
690,"Canada","Canada","Female","Alberta","Some partnership","Some partnership"
693,"Canada","Canada","Male","British Columbia","No partnership","Some partnership"
696,"Canada","Canada","Male","Ontario","Strong partnership","Some partnership"
697,"Canada","Canada","Female","British Columbia","Strong partnership","Some partnership"
698,"Canada","Canada","Male","Ontario","Some partnership","Strong partnership"
699,"Canada","Canada","Male","Manitoba","Strong partnership","Some partnership"
700,"Canada","Canada","Female","British Columbia","Strong partnership","Strong partnership"
701,"Canada","Canada","Male","Ontario","Some partnership","Some partnership"
707,"USA","Canada","Male","New York","Some partnership","No partnership"
711,"Canada","Canada","Female","British Columbia","Some partnership","No partnership"
713,"Canada","Canada","Female","British Columbia","Some partnership","No partnership"
717,"Canada","Canada","Female","Ontario","Strong partnership","Strong partnership"
721,"Canada","Canada","Male","Alberta","Some partnership","Strong partnership"
722,"","Canada","Male","","Some partnership","No partnership"
723,"Canada","Canada","Female","British Columbia","Some partnership","No partnership"
726,"Canada","Canada","Male","Alberta","Some partnership","No partnership"
727,"Canada","Canada","Male","Ontario","Some partnership","No partnership"
728,"Canada","Canada","Male","Alberta","Some partnership","Strong partnership"
730,"Canada","Canada","Male","Quebec","Some partnership","No partnership"
731,"Canada","Canada","Male","Ontario","Strong partnership","Exclusive partnership"
732,"Canada","Canada","Female","Ontario","Strong partnership","Some partnership"
733,"Switzerland","Canada","Male","Switzerland","Some partnership","No partnership"
736,"Canada","Canada","Male","Alberta","Strong partnership","No partnership"
737,"","Canada","Female","","Some partnership","Some partnership"
740,"Canada","Canada","Male","Quebec","Some partnership","No partnership"
742,"Canada","Canada","Male","Ontario","Some partnership","No partnership"
743,"USA","Canada","Female","Vermont","Some partnership","No partnership"
745,"Canada","Canada","Male","Quebec","No partnership","Some partnership"
748,"Canada","Canada","Male","Ontario","No partnership","Some partnership"
754,"","United States","Female","","Some partnership","Strong partnership"
755,"USA","Canada","Male","Florida","Strong partnership","Strong partnership"
761,"Canada","Canada","Male","Saskatchewan","Some partnership","Strong partnership"
763,"Canada","Canada","Female","Yukon Territory","Some partnership","No partnership"
766,"","Canada","Male","","Some partnership","No partnership"
768,"Canada","Canada","Female","Prince Edward Island","Some partnership","Some partnership"
769,"Canada","Canada","Male","Alberta","Strong partnership","Strong partnership"
770,"Canada","Canada","Male","British Columbia","Strong partnership","No partnership"
771,"","Canada","Male","","Some partnership","Strong partnership"
774,"Canada","Canada","Male","Ontario","Some partnership","Some partnership"
780,"Canada","Canada","Male","British Columbia","No partnership","Some partnership"
781,"Canada","Canada","Male","Ontario","Some partnership","No partnership"
783,"Canada","Canada","Male","Ontario","No partnership","Some partnership"
784,"Canada","Canada","Male","Quebec","Strong partnership","Strong partnership"
785,"Sweden","Canada","Female","Sweden","Some partnership","No partnership"
788,"Canada","Canada","Male","Ontario","Some partnership","No partnership"
793,"Canada","Canada","Male","New Brunswick","Some partnership","No partnership"
794,"Canada","Canada","Male","Ontario","Some partnership","Some partnership"
796,"Canada","Canada","Male","Ontario","Some partnership","Some partnership"
798,"","Canada","Male","","Some partnership","Some partnership"
802,"","Canada","Male","","No partnership","Some partnership"
803,"","Canada","Female","","Strong partnership","Some partnership"
804,"Canada","Canada","Male","British Columbia","Strong partnership","Some partnership"
808,"","Canada","Male","","No partnership","No partnership"
809,"USA","United States","Male","New York","Strong partnership","No partnership"
816,"Canada","Canada","Female","British Columbia","Some partnership","Strong partnership"
818,"Canada","Canada","Male","Alberta","No partnership","No partnership"
819,"Japan","Canada","Male","Japan","Some partnership","No partnership"
822,"Canada","Canada","Male","Ontario","Exclusive partnership","No partnership"
826,"Canada","Canada","Female","Ontario","Strong partnership","Some partnership"
829,"","Canada","Male","","Some partnership","No partnership"
838,"Canada","Canada","Female","Alberta","Some partnership","No partnership"
839,"","Canada","Male","","No partnership","Some partnership"
842,"Canada","Canada","Male","British Columbia","Some partnership","Some partnership"
843,"Ethiopia","Canada","Male","Ethiopia","Strong partnership","Some partnership"
844,"","Canada","Male","","Some partnership","No partnership"
845,"","Canada","Male","","Some partnership","Strong partnership"
846,"Canada","Canada","Female","Ontario","Strong partnership","Some partnership"
847,"Italy","Canada","Male","Italy","Some partnership","Some partnership"
850,"Finland","Canada","Male","Finland","Some partnership","Some partnership"
852,"Serbia","Serbia","Female","Serbia","Some partnership","No partnership"
853,"Greece","Canada","Female","Greece","Some partnership","Some partnership"
855,"Canada","Canada","Male","Nova Scotia","Some partnership","No partnership"
856,"Canada","Canada","Male","Newfoundland and Labrador","Some partnership","No partnership"
857,"France","Canada","Female","France","Strong partnership","Some partnership"
859,"","Canada","Male","","No partnership","Some partnership"
862,"Canada","Canada","Female","Nova Scotia","Some partnership","No partnership"
868,"Canada","Canada","Male","British Columbia","Some partnership","Some partnership"
869,"Brazil","Canada","Male","Brazil","Some partnership","No partnership"
873,"Canada","Canada","Male","Ontario","Some partnership","No partnership"
874,"Canada","Canada","Male","Nova Scotia","Strong partnership","Some partnership"
879,"Canada","Canada","Male","Ontario","Some partnership","No partnership"
881,"Canada","Canada","Female","Ontario","No partnership","Some partnership"
888,"Germany","Canada","Male","Germany","Some partnership","No partnership"
889,"Canada","Canada","Male","Alberta","Some partnership","Some partnership"
890,"Netherlands","Canada","Male","Netherlands","Strong partnership","Some partnership"
893,"Canada","Canada","Male","Ontario","Some partnership","No partnership"
894,"Canada","Canada","Female","Alberta","Strong partnership","Some partnership"
897,"Greece","Canada","Male","Greece","Strong partnership","Some partnership"
898,"Canada","Canada","Male","Quebec","Some partnership","No partnership"
902,"Canada","Canada","Male","Ontario","Strong partnership","Some partnership"
903,"Canada","Canada","Female","Ontario","No partnership","Some partnership"
904,"Canada","Canada","Female","Ontario","No partnership","Some partnership"
906,"Canada","Canada","Female","Ontario","Some partnership","No partnership"
910,"Canada","Canada","Male","New Brunswick","Some partnership","Strong partnership"
912,"","Canada","Male","","Some partnership","No partnership"
913,"Canada","Canada","Male","Ontario","Some partnership","No partnership"
914,"","Canada","Male","","Strong partnership","Some partnership"
915,"United Kingdom","Canada","Male","United Kingdom","Some partnership","No partnership"
918,"Canada","Canada","Male","Ontario","Some partnership","Some partnership"
922,"Canada","Canada","Male","Ontario","Some partnership","No partnership"
923,"Canada","Canada","Male","Ontario","Some partnership","No partnership"
926,"Canada","Canada","Male","Quebec","Some partnership","No partnership"
929,"Canada","Canada","Male","Ontario","Some partnership","No partnership"
932,"Canada","Canada","Male","Quebec","Strong partnership","Some partnership"
933,"Canada","Canada","Male","Newfoundland and Labrador","No partnership","Strong partnership"
935,"Canada","Canada","Male","Ontario","Some partnership","Some partnership"
936,"Canada","Canada","Male","Ontario","Some partnership","No partnership"
937,"Canada","Canada","Female","Ontario","No partnership","Some partnership"
938,"","Canada","Male","","Strong partnership","Strong partnership"
946,"Canada","Canada","Male","British Columbia","Some partnership","Some partnership"
948,"Canada","Canada","Male","Ontario","Strong partnership","Some partnership"
950,"Canada","Canada","Male","Ontario","No partnership","Some partnership"
953,"","Canada","Male","","Strong partnership","Some partnership"
957,"Canada","Canada","Male","Ontario","Some partnership","No partnership"
958,"Canada","Canada","Male","Ontario","Some partnership","Some partnership"
959,"","Canada","Male","","No partnership","Some partnership"
960,"Canada","Canada","Male","Ontario","Some partnership","Some partnership"
962,"Canada","Canada","Male","Alberta","Some partnership","No partnership"
970,"Canada","Canada","Male","Ontario","Some partnership","No partnership"
974,"Canada","Canada","Male","British Columbia","Some partnership","No partnership"
975,"Germany","","Male","Germany","Strong partnership","Some partnership"
977,"Spain","Canada","Male","Spain","Strong partnership","Some partnership"
979,"Germany","Canada","Male","Germany","Strong partnership","Some partnership"
980,"","Canada","Female","","Some partnership","No partnership"
983,"Canada","Canada","Male","Nova Scotia","Strong partnership","Some partnership"
984,"USA","Canada","Male","Maine","Some partnership","Some partnership"
987,"Canada","Canada","Female","Ontario","Some partnership","Some partnership"
992,"Canada","Canada","Male","Ontario","Some partnership","Strong partnership"
994,"Canada","Canada","Female","Manitoba","Strong partnership","No partnership"
999,"Canada","Canada","Female","Nova Scotia","Some partnership","Some partnership"
1001,"Canada","Canada","Female","Quebec","Some partnership","Some partnership"
1003,"Canada","Canada","Male","Quebec","Some partnership","Exclusive partnership"
1005,"Canada","Canada","Female","Quebec","Some partnership","Some partnership"
1006,"Canada","Canada","Male","Ontario","Some partnership","No partnership"
1008,"","Canada","Male","","No partnership","Some partnership"
1009,"Spain","Canada","Male","Spain","Some partnership","Strong partnership"
1012,"Canada","Canada","Male","Ontario","Strong partnership","Exclusive partnership"
1013,"Canada","Canada","Male","New Brunswick","Some partnership","Some partnership"
1014,"Canada","Canada","Male","New Brunswick","No partnership","No partnership"
1016,"Canada","Canada","Female","Nunavut","Strong partnership","No partnership"
1018,"Canada","Canada","Male","Quebec","Some partnership","Some partnership"
1020,"Canada","Canada","Male","Nova Scotia","Strong partnership","No partnership"
1024,"Canada","Canada","Male","Ontario","Some partnership","No partnership"
1026,"Canada","Canada","Male","Ontario","No partnership","Some partnership"
1027,"Canada","Canada","Male","New Brunswick","Strong partnership","Some partnership"
1029,"Canada","Canada","Male","Ontario","No partnership","No partnership"
1030,"Canada","Canada","Male","Ontario","Some partnership","No partnership"
1031,"Canada","Canada","Female","Quebec","No partnership","Some partnership"
1032,"France","Canada","Male","France","Some partnership","No partnership"
1035,"Canada","Canada","Male","Quebec","Some partnership","No partnership"
1039,"Canada","Canada","Female","Quebec","Some partnership","Strong partnership"
1044,"Canada","Canada","Male","British Columbia","Some partnership","No partnership"
1046,"Canada","Canada","Male","Quebec","Some partnership","Some partnership"
1048,"Canada","Canada","Female","Saskatchewan","Some partnership","No partnership"
1050,"Canada","Canada","Female","Quebec","Some partnership","Strong partnership"
1051,"Canada","Canada","Female","Quebec","Some partnership","No partnership"
1057,"Canada","Canada","Male","Quebec","Some partnership","Some partnership"
1060,"Canada","Canada","Male","Ontario","Strong partnership","Some partnership"
1062,"Canada","Canada","Female","Ontario","Some partnership","No partnership"
1063,"USA","Canada","Male","Massachusetts","Strong partnership","No partnership"
1064,"Canada","Canada","Male","Ontario","Strong partnership","Strong partnership"
1068,"Canada","Canada","Male","Ontario","No partnership","Some partnership"
1076,"Canada","Canada","Male","Ontario","Some partnership","No partnership"
1077,"Canada","Canada","Male","Nova Scotia","No partnership","Some partnership"
1079,"Canada","Canada","Male","Saskatchewan","Strong partnership","No partnership"
1080,"Canada","Canada","Female","Quebec","Some partnership","No partnership"
1082,"Poland","Canada","Male","Poland","Strong partnership","No partnership"
1084,"Canada","Canada","Male","Quebec","Strong partnership","Some partnership"
1085,"Canada","Canada","Male","New Brunswick","Some partnership","No partnership"
1086,"Canada","Canada","Male","Nova Scotia","Some partnership","Some partnership"
1087,"Canada","Canada","Other","New Brunswick","Some partnership","No partnership"
1089,"Canada","Canada","Male","Quebec","No partnership","Some partnership"
1096,"Canada","Canada","Male","Quebec","Some partnership","No partnership"
1097,"Tanzania","Canada","Male","Tanzania","Some partnership","Some partnership"
1098,"Canada","Canada","Male","Nova Scotia","Some partnership","No partnership"
1100,"Canada","Canada","Male","Quebec","Strong partnership","Some partnership"
1102,"Canada","Canada","Male","Quebec","Strong partnership","Some partnership"
1106,"Canada","Canada","Female","Quebec","Some partnership","Some partnership"
1108,"Canada","Canada","Male","Ontario","Some partnership","No partnership"
1116,"Canada","Canada","Male","Ontario","Some partnership","No partnership"
1117,"Canada","Canada","Male","Ontario","Strong partnership","Some partnership"
1118,"Canada","Canada","Male","Quebec","Some partnership","No partnership"
1120,"Germany","Canada","Male","Germany","Strong partnership","Some partnership"
1122,"Italy","Canada","Female","Italy","Strong partnership","Some partnership"
1125,"","","Male","","Some partnership","Some partnership"
1126,"Canada","Canada","Male","Quebec","Strong partnership","Strong partnership"
1127,"Canada","Canada","Male","Ontario","Some partnership","Some partnership"
1128,"Canada","Canada","Male","Nova Scotia","Some partnership","No partnership"
1129,"Canada","Canada","Male","Ontario","Strong partnership","Some partnership"
1131,"USA","Canada","Male","California","Strong partnership","Some partnership"
1134,"Canada","Canada","Male","Quebec","Strong partnership","Strong partnership"
1138,"Canada","Canada","Male","Ontario","Some partnership","No partnership"
1139,"Canada","Canada","Female","Ontario","Strong partnership","No partnership"
1141,"Canada","Canada","Male","Quebec","Strong partnership","Some partnership"
1144,"Canada","Canada","Male","Quebec","Some partnership","Some partnership"
1146,"Canada","Canada","Female","Nova Scotia","Some partnership","No partnership"
1149,"USA","United States","Female","New Jersey","Some partnership","Strong partnership"
1150,"Canada","Canada","Female","Ontario","Strong partnership","Some partnership"
1152,"Canada","Canada","Male","Ontario","No partnership","Some partnership"
1153,"Canada","Canada","Male","Nova Scotia","Strong partnership","Some partnership"
1155,"Canada","Canada","Female","Ontario","Some partnership","No partnership"
1159,"Canada","Canada","Male","New Brunswick","Some partnership","Strong partnership"
1160,"Canada","Canada","Male","Quebec","Some partnership","No partnership"
1162,"","Canada","Male","","Some partnership","No partnership"
1165,"Canada","Canada","Male","Quebec","Some partnership","Some partnership"
1166,"Canada","Canada","Male","Quebec","Some partnership","Some partnership"
1167,"Canada","Canada","Male","Ontario","Some partnership","Some partnership"
1169,"Canada","Canada","Male","Ontario","Some partnership","No partnership"
1172,"Canada","Canada","Other","Ontario","Strong partnership","No partnership"
1173,"Sweden","Sweden","Female","Sweden","Strong partnership","Some partnership"
1175,"France","Canada","Male","France","Some partnership","Some partnership"
1176,"Canada","Canada","Male","Quebec","Some partnership","Some partnership"
1178,"Canada","Canada","Male","Quebec","Some partnership","No partnership"
1183,"Canada","Canada","Male","Quebec","Some partnership","No partnership"
1187,"Canada","Canada","Female","British Columbia","Some partnership","No partnership"
1190,"Canada","Canada","Male","New Brunswick","Some partnership","No partnership"
1191,"Canada","Canada","Female","Nova Scotia","Some partnership","Strong partnership"
1194,"Canada","Canada","Male","Ontario","Strong partnership","Some partnership"
1195,"USA","United States","Male","Nebraska","No partnership","Some partnership"
1196,"Canada","Canada","Male","Quebec","No partnership","Strong partnership"
1197,"Canada","Canada","Male","Quebec","Some partnership","Some partnership"
1211,"Canada","Canada","Female","Ontario","Some partnership","No partnership"
1212,"France","Canada","Male","France","Some partnership","Some partnership"
1216,"Canada","Canada","Male","Manitoba","Some partnership","No partnership"
1217,"Canada","Canada","Male","Alberta","Strong partnership","No partnership"
1219,"","Canada","Female","","No partnership","Some partnership"
1221,"Canada","Canada","Male","Ontario","Strong partnership","Some partnership"
1223,"United Kingdom","United Kingdom","Female","United Kingdom","Some partnership","Some partnership"
1225,"","Canada","Male","","Some partnership","No partnership"
1229,"Canada","Canada","Male","Nova Scotia","Some partnership","No partnership"
1232,"Canada","Canada","Male","British Columbia","Strong partnership","Some partnership"
1234,"Canada","Canada","Male","British Columbia","Some partnership","No partnership"
1236,"","Canada","Male","","Some partnership","Strong partnership"
1237,"Canada","Canada","Female","Quebec","Some partnership","No partnership"
1239,"","Canada","Male","","Strong partnership","Some partnership"
1241,"Canada","Canada","Female","British Columbia","Some partnership","No partnership"
1243,"Canada","Canada","Female","Ontario","Exclusive partnership","No partnership"
1245,"Canada","Canada","Female","British Columbia","Strong partnership","Some partnership"
1246,"Germany","Canada","Male","Germany","Strong partnership","Some partnership"
1249,"","Canada","Female","","Some partnership","No partnership"
1253,"Netherlands","Canada","Male","Netherlands","Some partnership","Some partnership"
1254,"Canada","Canada","Male","Quebec","Some partnership","No partnership"
1257,"Canada","Canada","Male","Ontario","Some partnership","No partnership"
1258,"Canada","Canada","Male","Ontario","Strong partnership","Some partnership"
1259,"Canada","","Male","Ontario","Some partnership","No partnership"
1261,"Canada","Canada","Male","British Columbia","Some partnership","Some partnership"
1262,"Canada","Canada","Male","Alberta","Some partnership","No partnership"
1266,"Chile","Chile","Male","Chile","Some partnership","No partnership"
1267,"Canada","Canada","Male","New Brunswick","Some partnership","No partnership"
1268,"Canada","Canada","Male","Ontario","Some partnership","Some partnership"
1270,"Canada","Canada","Male","Ontario","Some partnership","No partnership"
1271,"Canada","Canada","","Ontario","Strong partnership","Some partnership"
1278,"Australia","Australia","Male","Australia","Strong partnership","Exclusive partnership"
1282,"France","Canada","Male","France","Some partnership","No partnership"
1290,"Israel","Antarctica","Other","Israel","Strong partnership","Strong partnership"
1300,"Israel","Israel","Female","Israel","Some partnership","No partnership"
1301,"USA","Israel","Male","New York","Some partnership","Strong partnership"
1303,"Israel","Israel","Male","Israel","Some partnership","No partnership"
1305,"Switzerland","Israel","Male","Switzerland","Some partnership","No partnership"
1314,"Israel","Israel","Male","Israel","Some partnership","Some partnership"
1315,"","United States","Female","","Some partnership","Strong partnership"
1319,"Israel","Israel","Male","Israel","Some partnership","No partnership"
1320,"","Canada","Male","","Strong partnership","No partnership"
1323,"Canada","Canada","Female","Ontario","No partnership","No partnership"
1324,"Canada","Canada","Male","Ontario","Some partnership","No partnership"
1325,"Canada","Canada","Male","Nova Scotia","Some partnership","Some partnership"
1327,"Canada","Canada","Male","Nova Scotia","Some partnership","No partnership"
1329,"Canada","Canada","Male","Nova Scotia","Some partnership","Some partnership"
1331,"Canada","Canada","Female","New Brunswick","Some partnership","No partnership"
1335,"Canada","Canada","Male","Ontario","Some partnership","No partnership"
1337,"Israel","Israel","Female","Israel","Strong partnership","No partnership"
1340,"Canada","Canada","Male","Nova Scotia","Strong partnership","Some partnership"
1342,"Canada","Canada","Female","Ontario","Some partnership","No partnership"
1343,"Canada","Canada","Male","Ontario","Some partnership","Strong partnership"
1346,"Canada","Canada","Other","Ontario","Some partnership","Strong partnership"
1348,"Canada","Canada","Male","Ontario","Some partnership","No partnership"
1349,"Canada","Canada","Male","British Columbia","Strong partnership","Some partnership"
1350,"Canada","Canada","Female","Ontario","Some partnership","No partnership"
1353,"Canada","Canada","Male","Nova Scotia","Some partnership","Strong partnership"
1354,"Canada","Canada","Male","Ontario","Some partnership","No partnership"
1356,"","Canada","Male","","Strong partnership","Some partnership"
1358,"Canada","Canada","Female","Ontario","Some partnership","No partnership"
1360,"Canada","Canada","Male","Manitoba","Some partnership","Some partnership"
1363,"Canada","Canada","Male","Nova Scotia","Some partnership","Some partnership"
1364,"Canada","Canada","Female","Prince Edward Island","Some partnership","Strong partnership"
1367,"Canada","Canada","Male","Ontario","No partnership","Some partnership"
1368,"Canada","Canada","Male","British Columbia","Some partnership","Strong partnership"
1370,"Canada","Canada","Male","British Columbia","Strong partnership","Some partnership"
1371,"Canada","Canada","Male","Alberta","Some partnership","Some partnership"
1372,"Canada","Canada","Female","Ontario","Some partnership","Some partnership"
1374,"Canada","Canada","Female","Alberta","Strong partnership","Some partnership"
1376,"Canada","Canada","Male","Alberta","No partnership","Some partnership"
1378,"","Canada","Male","","Strong partnership","Some partnership"
1385,"Canada","Canada","Male","Quebec","Some partnership","No partnership"
1387,"Canada","Canada","Male","Manitoba","Some partnership","Some partnership"
1389,"Canada","Canada","Male","Saskatchewan","Some partnership","No partnership"
1393,"Canada","Canada","Female","British Columbia","Some partnership","No partnership"
1395,"Canada","Canada","Male","Ontario","Strong partnership","Some partnership"
1397,"Germany","Canada","Male","Germany","Some partnership","No partnership"
1405,"Canada","Canada","Male","Alberta","Some partnership","No partnership"
1406,"Canada","Canada","Male","Ontario","Some partnership","No partnership"
1411,"","Canada","Male","","Some partnership","Some partnership"
1414,"Canada","Canada","Male","Manitoba","No partnership","Some partnership"
1422,"Canada","Canada","Male","Newfoundland and Labrador","Some partnership","No partnership"
1425,"","Canada","Male","","Some partnership","No partnership"
1428,"Canada","Canada","Male","Quebec","Some partnership","No partnership"
1429,"Canada","Canada","Female","British Columbia","Strong partnership","Strong partnership"
1432,"Canada","Canada","Male","Ontario","Some partnership","No partnership"
1436,"Canada","Canada","Male","British Columbia","No partnership","Some partnership"
1437,"Canada","Canada","Male","Nova Scotia","Strong partnership","No partnership"
1440,"","Canada","Male","","Strong partnership","No partnership"
1441,"Canada","Canada","Male","Nova Scotia","Strong partnership","Some partnership"
1445,"Canada","Canada","Male","British Columbia","Strong partnership","Some partnership"
1446,"Canada","Canada","Female","Ontario","Some partnership","No partnership"
1448,"Canada","Canada","Female","Newfoundland and Labrador","Strong partnership","Some partnership"
1451,"Canada","Canada","Male","Ontario","No partnership","Some partnership"
1453,"Canada","Canada","Male","Ontario","No partnership","Strong partnership"
1454,"Canada","Canada","Male","Quebec","Some partnership","No partnership"
1462,"Canada","Canada","Female","Ontario","Some partnership","No partnership"
1463,"Canada","Canada","Male","Ontario","Some partnership","Some partnership"
1465,"Canada","Canada","Female","Ontario","Some partnership","Some partnership"
1467,"Canada","Canada","Male","Saskatchewan","Some partnership","Strong partnership"
1471,"Canada","Canada","Male","Alberta","Some partnership","No partnership"
1475,"Canada","Canada","Male","Alberta","Strong partnership","Some partnership"
1477,"Canada","Canada","Male","Ontario","Some partnership","No partnership"
1482,"Canada","Canada","Male","Newfoundland and Labrador","Some partnership","No partnership"
1484,"","Canada","Female","","Exclusive partnership","Some partnership"
1488,"Canada","Canada","Male","British Columbia","Some partnership","No partnership"
1494,"Canada","Canada","Female","Manitoba","No partnership","Some partnership"
1495,"Canada","Canada","Male","Manitoba","Strong partnership","Some partnership"
1498,"","","Male","","Some partnership","Strong partnership"
1502,"Canada","Canada","Male","British Columbia","Strong partnership","Some partnership"
1503,"","Canada","Male","","Some partnership","Some partnership"
1506,"USA","Canada","Male","Washington","Some partnership","No partnership"
1510,"Canada","Canada","Male","Ontario","No partnership","Some partnership"
1511,"","Canada","Female","","Strong partnership","No partnership"
1515,"Canada","Canada","Female","British Columbia","Strong partnership","Some partnership"
1516,"Canada","Canada","Male","British Columbia","Some partnership","Strong partnership"
1517,"","Canada","Male","","Some partnership","Some partnership"
1520,"","Canada","","","Strong partnership","Some partnership"
1528,"Canada","Canada","Male","Ontario","Strong partnership","Some partnership"
1531,"Canada","Canada","Male","Nova Scotia","Some partnership","Some partnership"
1535,"Australia","Canada","Male","Australia","No partnership","Some partnership"
1538,"Canada","Canada","Female","Nova Scotia","Some partnership","No partnership"
1540,"Canada","Canada","Female","New Brunswick","No partnership","Exclusive partnership"
1545,"Canada","Canada","Male","Quebec","Some partnership","No partnership"
1550,"Canada","Canada","Male","Ontario","Some partnership","Strong partnership"
1552,"Canada","Canada","Female","Ontario","Some partnership","No partnership"
1554,"Canada","Canada","Male","British Columbia","Some partnership","Strong partnership"
1557,"Canada","Canada","Female","British Columbia","No partnership","Some partnership"
1559,"Canada","Canada","Male","New Brunswick","No partnership","Some partnership"
1563,"Canada","Canada","Male","Ontario","Some partnership","Some partnership"
1566,"Australia","Israel","Male","Australia","Some partnership","No partnership"
1567,"Canada","Canada","Female","Ontario","No partnership","Some partnership"
1569,"Canada","Canada","Female","Alberta","Strong partnership","Some partnership"
1575,"Canada","Canada","Female","British Columbia","Strong partnership","Some partnership"
1576,"Switzerland","Canada","Male","Switzerland","Strong partnership","Some partnership"
1579,"Canada","Canada","Male","Ontario","Strong partnership","Some partnership"
1581,"Germany","Germany","Male","Germany","Some partnership","No partnership"
1585,"Germany","Canada","Male","Germany","Some partnership","No partnership"
1591,"Denmark","Canada","Male","Denmark","No partnership","Some partnership"
1593,"Canada","Canada","Male","Newfoundland and Labrador","Strong partnership","Some partnership"
1594,"Netherlands","Canada","Male","Netherlands","Some partnership","No partnership"
1597,"Canada","Canada","Male","Ontario","Strong partnership","Some partnership"
1598,"","Canada","Male","","Some partnership","No partnership"
1599,"Canada","Canada","Male","Ontario","Some partnership","No partnership"
1602,"Canada","Canada","Male","Nova Scotia","Some partnership","No partnership"
1604,"Canada","Canada","Male","Quebec","Strong partnership","No partnership"
1605,"Canada","Canada","Male","Ontario","Some partnership","Some partnership"
1606,"Canada","Canada","Male","British Columbia","Strong partnership","Some partnership"
1607,"Canada","Canada","Female","Ontario","No partnership","Some partnership"
1610,"USA","United States","Female","Maryland","Some partnership","No partnership"
1611,"Canada","Canada","Male","Newfoundland and Labrador","Some partnership","Some partnership"
1612,"Switzerland","Canada","Male","Switzerland","No partnership","Some partnership"
1619,"","Canada","Female","","Some partnership","No partnership"
1620,"Canada","Canada","Male","Ontario","Some partnership","No partnership"
1621,"USA","United States","Male","Pennsylvania","Some partnership","No partnership"
1625,"USA","United States","Male","Illinois","Some partnership","Strong partnership"
1627,"United Kingdom","United Kingdom","Male","United Kingdom","Some partnership","No partnership"
1628,"Canada","Canada","Female","Ontario","Strong partnership","No partnership"
1631,"Canada","Canada","Male","New Brunswick","Some partnership","No partnership"
1636,"Canada","Canada","Male","Ontario","Strong partnership","Some partnership"
1637,"Canada","Canada","Female","Manitoba","No partnership","Some partnership"
1641,"Canada","Canada","Female","Ontario","Strong partnership","Some partnership"
1642,"Canada","Canada","Male","Alberta","No partnership","No partnership"
1647,"Canada","Canada","Male","Ontario","Some partnership","Some partnership"
1648,"Canada","Canada","Female","Nova Scotia","Some partnership","No partnership"
1651,"","United States","Male","","Some partnership","Some partnership"
1655,"Canada","Canada","Male","Alberta","No partnership","Strong partnership"
1657,"Belgium","United States","Male","Belgium","Strong partnership","Some partnership"
1666,"USA","United States","Male","Louisiana","Strong partnership","Some partnership"
1667,"USA","United States","Female","California","Some partnership","No partnership"
1668,"USA","United States","Female","California","Strong partnership","Some partnership"
1672,"USA","United States","Male","California","Strong partnership","Some partnership"
1675,"Greece","Canada","Male","Greece","Some partnership","No partnership"
1676,"Canada","Canada","Female","Alberta","Some partnership","No partnership"
1678,"USA","United States","Female","Maryland","Some partnership","No partnership"
1680,"Canada","Canada","Female","Ontario","Strong partnership","Some partnership"
1681,"","Canada","Female","","No partnership","Some partnership"
1684,"Canada","Canada","Male","Ontario","Some partnership","No partnership"
1693,"USA","United States","Male","Hawaii","Strong partnership","No partnership"
1695,"","Canada","Male","","Some partnership","No partnership"
1696,"New Zealand","New Zealand","Male","New Zealand","Strong partnership","Some partnership"
1701,"Canada","Canada","Male","British Columbia","Some partnership","No partnership"
1702,"India","India","Male","India","Some partnership","Strong partnership"
1708,"Austria","Austria","Male","Austria","Some partnership","No partnership"
1709,"USA","United States","Female","California","Some partnership","No partnership"
1712,"Germany","Germany","Male","Germany","No partnership","Some partnership"
1715,"Denmark","Denmark","Female","Denmark","Some partnership","No partnership"
1719,"USA","United States","Female","Oklahoma","Strong partnership","Some partnership"
1723,"USA","United States","Male","Ohio","Some partnership","No partnership"
1724,"Canada","Canada","Female","Ontario","Some partnership","No partnership"
1726,"Sweden","Canada","Female","Sweden","Strong partnership","Some partnership"
1728,"Canada","Canada","Male","Ontario","Some partnership","No partnership"
1729,"Canada","Canada","Male","Alberta","Strong partnership","Strong partnership"
1733,"Canada","Canada","Female","Nova Scotia","Some partnership","No partnership"
1736,"Canada","Canada","Male","Ontario","Strong partnership","Some partnership"
1740,"USA","United States","Male","New York","Strong partnership","No partnership"
1741,"","Canada","Male","","Strong partnership","Strong partnership"
1744,"","Canada","Male","","No partnership","Some partnership"
1746,"France","France","Male","France","Some partnership","No partnership"
1753,"Canada","Canada","Male","Quebec","Some partnership","Some partnership"
1757,"","United States","Male","","Some partnership","Some partnership"
1758,"Canada","Canada","Male","Ontario","Strong partnership","No partnership"
1760,"USA","United States","Male","Michigan","Some partnership","Some partnership"
1762,"Canada","Canada","Female","Ontario","Some partnership","No partnership"
1763,"Ethiopia","Ethiopia","Male","Ethiopia","Some partnership","Some partnership"
1764,"","United States","Female","","Strong partnership","Some partnership"
1765,"Lesotho","Lesotho","Male","Lesotho","Strong partnership","No partnership"
1769,"Canada","Canada","Male","Saskatchewan","Some partnership","Some partnership"
1771,"Bangladesh","Bangladesh","Female","Bangladesh","Some partnership","No partnership"
1773,"Nicaragua","Nicaragua","Male","Nicaragua","Strong partnership","Some partnership"
1783,"USA","United States","Male","California","Some partnership","Some partnership"
1784,"Colombia","Colombia","Male","Colombia","Some partnership","No partnership"
1786,"Canada","Canada","Male","British Columbia","Strong partnership","Some partnership"
1788,"USA","United States","Male","Nevada","Strong partnership","Some partnership"
1789,"Israel","Israel","Male","Israel","Strong partnership","Some partnership"
1790,"Mozambique","Mozambique","Male","Mozambique","Exclusive partnership","Exclusive partnership"
1791,"Malaysia","Malaysia","Male","Malaysia","Some partnership","Some partnership"
1792,"Taiwan","Taiwan","Male","Taiwan","Some partnership","No partnership"
1794,"Canada","Canada","Male","British Columbia","Strong partnership","No partnership"
1797,"Russian Federation","Canada","Male","Russian Federation","Strong partnership","Some partnership"
1800,"Canada","Canada","Male","Ontario","Some partnership","No partnership"
1801,"Indonesia","Canada","Male","Indonesia","Some partnership","No partnership"
1806,"USA","United States","Male","Iowa","Some partnership","No partnership"
1808,"Canada","Canada","Male","Ontario","Some partnership","No partnership"
1811,"Canada","Canada","Female","Alberta","Some partnership","No partnership"
1812,"Canada","Canada","Male","Saskatchewan","Strong partnership","Strong partnership"
1815,"Canada","Canada","Male","Ontario","Some partnership","Some partnership"
1816,"USA","Canada","Female","Hawaii","Strong partnership","Strong partnership"
1818,"Australia","Australia","Female","Australia","Some partnership","No partnership"
1819,"Malaysia","Malaysia","Female","Malaysia","Some partnership","Some partnership"
1822,"Germany","Germany","Male","Germany","Strong partnership","No partnership"
1825,"Canada","Canada","Male","Ontario","Some partnership","No partnership"
1826,"Canada","Canada","Female","Alberta","Some partnership","No partnership"
1827,"","Canada","Male","","Some partnership","No partnership"
1828,"Canada","Canada","Female","Quebec","Exclusive partnership","Some partnership"
1829,"Canada","Canada","Male","British Columbia","Some partnership","No partnership"
1830,"Canada","Canada","Male","British Columbia","Some partnership","No partnership"
1836,"","Bangladesh","Male","","Some partnership","Some partnership"
1837,"Canada","Canada","Female","Quebec","Some partnership","No partnership"
1839,"USA","United States","Female","Hawaii","Some partnership","No partnership"
1840,"Indonesia","Indonesia","Male","Indonesia","Some partnership","Some partnership"
1844,"USA","","Male","California","Strong partnership","Strong partnership"
1845,"United Kingdom","United States","Female","United Kingdom","Strong partnership","Some partnership"
1848,"Canada","Canada","Male","Ontario","Some partnership","No partnership"
1853,"Canada","Canada","Female","Ontario","Some partnership","No partnership"
1855,"","United States","Female","","Some partnership","No partnership"
1859,"USA","United States","Female","Massachusetts","Strong partnership","No partnership"
1860,"USA","United States","Male","North Carolina","Some partnership","No partnership"
1862,"","Canada","Male","","Some partnership","No partnership"
1865,"United Kingdom","United Kingdom","Male","United Kingdom","Some partnership","Strong partnership"
1867,"United Kingdom","United Kingdom","Male","United Kingdom","Some partnership","Strong partnership"
1869,"United Kingdom","United Kingdom","Male","United Kingdom","Strong partnership","Some partnership"
1870,"United Kingdom","United Kingdom","Female","United Kingdom","Some partnership","Some partnership"
1873,"United Kingdom","United Kingdom","Male","United Kingdom","Some partnership","No partnership"
1874,"United Kingdom","United Kingdom","Male","United Kingdom","Some partnership","Some partnership"
1877,"United Kingdom","United Kingdom","Male","United Kingdom","Strong partnership","Some partnership"
1878,"United Kingdom","United Kingdom","Female","United Kingdom","Some partnership","No partnership"
1879,"United Kingdom","United Kingdom","Male","United Kingdom","Some partnership","No partnership"
1884,"United Kingdom","United Kingdom","Male","United Kingdom","Some partnership","No partnership"
1885,"United Kingdom","United Kingdom","Male","United Kingdom","Some partnership","No partnership"
1886,"United Kingdom","United Kingdom","Male","United Kingdom","Some partnership","No partnership"
1888,"Switzerland","United Kingdom","Male","Switzerland","Some partnership","No partnership"
1889,"United Kingdom","United Kingdom","Male","United Kingdom","No partnership","Some partnership"
1896,"United Kingdom","United Kingdom","Male","United Kingdom","Some partnership","Some partnership"
1900,"United Kingdom","United Kingdom","Male","United Kingdom","Some partnership","No partnership"
1901,"United Kingdom","United Kingdom","Male","United Kingdom","Some partnership","No partnership"
1906,"Australia","Australia","Female","Australia","Strong partnership","No partnership"
1909,"USA","United Kingdom","Male","Washington","Strong partnership","Strong partnership"
1910,"USA","United Kingdom","Male","Oregon","Strong partnership","No partnership"
1912,"United Kingdom","United Kingdom","Male","United Kingdom","Strong partnership","No partnership"
1914,"Russian Federation","United Kingdom","Male","Russian Federation","Some partnership","Some partnership"
1915,"United Kingdom","United Kingdom","Female","United Kingdom","Strong partnership","No partnership"
1918,"United Kingdom","United Kingdom","Male","United Kingdom","Some partnership","No partnership"
1920,"United Kingdom","United Kingdom","Male","United Kingdom","Some partnership","No partnership"
1924,"United Kingdom","","Male","United Kingdom","Some partnership","Some partnership"
1928,"United Kingdom","United Kingdom","Male","United Kingdom","Some partnership","Some partnership"
1931,"United Kingdom","United Kingdom","Female","United Kingdom","Some partnership","No partnership"
1933,"United Kingdom","United Kingdom","Female","United Kingdom","Some partnership","Strong partnership"
1934,"China","United Kingdom","Female","China","Strong partnership","Some partnership"
1938,"Spain","United Kingdom","Male","Spain","Strong partnership","Some partnership"
1941,"United Kingdom","United Kingdom","Male","United Kingdom","No partnership","Some partnership"
1942,"United Kingdom","United Kingdom","Male","United Kingdom","Some partnership","Some partnership"
1946,"Canada","Canada","Male","Quebec","Some partnership","No partnership"
1947,"United Kingdom","United Kingdom","Female","United Kingdom","Some partnership","No partnership"
1952,"United Kingdom","United Kingdom","Male","United Kingdom","Some partnership","No partnership"
1953,"United Kingdom","","Female","United Kingdom","Strong partnership","Some partnership"
1954,"United Kingdom","United Kingdom","Male","United Kingdom","Some partnership","Some partnership"
1955,"United Kingdom","United Kingdom","Male","United Kingdom","Some partnership","Some partnership"
1956,"United Kingdom","United Kingdom","Female","United Kingdom","Some partnership","No partnership"
1961,"","United Kingdom","Male","","No partnership","Strong partnership"
1964,"United Kingdom","United Kingdom","Female","United Kingdom","Strong partnership","Exclusive partnership"
1965,"United Kingdom","United Kingdom","Male","United Kingdom","Strong partnership","Some partnership"
1967,"United Kingdom","United Kingdom","Female","United Kingdom","Some partnership","No partnership"
1968,"United Kingdom","United Kingdom","Male","United Kingdom","Some partnership","No partnership"
1970,"United Kingdom","United Kingdom","Male","United Kingdom","Some partnership","Some partnership"
1971,"United Kingdom","United Kingdom","Female","United Kingdom","Some partnership","No partnership"
1972,"United Kingdom","United Kingdom","Female","United Kingdom","Strong partnership","Some partnership"
1977,"United Kingdom","United Kingdom","Male","United Kingdom","Some partnership","Strong partnership"
1978,"Germany","United Kingdom","Male","Germany","Some partnership","No partnership"
1983,"Canada","Canada","Female","New Brunswick","Some partnership","Strong partnership"
1986,"Canada","Canada","Male","Quebec","Strong partnership","Some partnership"
1988,"United Kingdom","United Kingdom","Male","United Kingdom","Some partnership","No partnership"
1992,"Australia","Australia","Female","Australia","Some partnership","No partnership"
1995,"Australia","Australia","Male","Australia","No partnership","Strong partnership"
1996,"Australia","Australia","Female","Australia","Some partnership","Some partnership"
1998,"Netherlands","Netherlands","Male","Netherlands","Some partnership","Some partnership"
2000,"United Kingdom","United Kingdom","Male","United Kingdom","Strong partnership","Some partnership"
2001,"Netherlands","Netherlands","Female","Netherlands","Some partnership","No partnership"
2004,"United Kingdom","United Kingdom","Female","United Kingdom","Some partnership","No partnership"
2006,"Netherlands","Netherlands","Male","Netherlands","Strong partnership","No partnership"
2008,"United Kingdom","United Kingdom","Female","United Kingdom","Some partnership","Some partnership"
2010,"United Kingdom","United Kingdom","Male","United Kingdom","Some partnership","No partnership"
2016,"Germany","United Kingdom","Male","Germany","Strong partnership","No partnership"
2017,"United Kingdom","United Kingdom","Female","United Kingdom","Some partnership","No partnership"
2018,"Netherlands","Netherlands","Male","Netherlands","Some partnership","No partnership"
2023,"United Kingdom","United Kingdom","Male","United Kingdom","Some partnership","No partnership"
2024,"United Kingdom","United Kingdom","Male","United Kingdom","Strong partnership","Some partnership"
2025,"United Kingdom","United Kingdom","Male","United Kingdom","Some partnership","Some partnership"
2026,"Netherlands","Netherlands","Female","Netherlands","Some partnership","Some partnership"
2027,"United Kingdom","United Kingdom","Male","United Kingdom","Some partnership","No partnership"
2029,"United Kingdom","United Kingdom","Male","United Kingdom","Some partnership","Some partnership"
2030,"Canada","Canada","Male","British Columbia","Some partnership","No partnership"
2031,"Netherlands","Netherlands","Female","Netherlands","Some partnership","Some partnership"
2033,"United Kingdom","United Kingdom","Male","United Kingdom","No partnership","No partnership"
2034,"Switzerland","Switzerland","Male","Switzerland","Some partnership","No partnership"
2037,"Canada","Canada","Male","British Columbia","Strong partnership","Exclusive partnership"
2038,"Australia","Australia","Male","Australia","Some partnership","Some partnership"
2041,"United Kingdom","United Kingdom","Male","United Kingdom","No partnership","Some partnership"
2043,"Canada","Canada","Male","Quebec","Strong partnership","Some partnership"
2045,"","Colombia","Male","","Some partnership","No partnership"
2046,"","Colombia","Male","","Strong partnership","Some partnership"
2047,"USA","United States","Female","Nebraska","Some partnership","No partnership"
2048,"Canada","Canada","Male","British Columbia","Strong partnership","Some partnership"
2052,"India","India","Male","India","Some partnership","Some partnership"
2055,"USA","United States","Female","New Hampshire","Strong partnership","Some partnership"
2057,"USA","United States","Male","New York","No partnership","No partnership"
2060,"Australia","Australia","Male","Australia","No partnership","Some partnership"
2066,"","Colombia","Male","","Strong partnership","Some partnership"
2068,"Canada","Canada","Female","Ontario","Some partnership","No partnership"
2069,"Canada","Canada","Female","Nova Scotia","Some partnership","Strong partnership"
2075,"USA","United States","Female","California","No partnership","No partnership"
2076,"United Kingdom","United Kingdom","Male","United Kingdom","Some partnership","No partnership"
2077,"Connecticut","United States","Male","Connecticut","Some partnership","Some partnership"
2085,"United Kingdom","United Kingdom","Male","United Kingdom","Some partnership","Some partnership"
2091,"","Canada","Male","","Exclusive partnership","Some partnership"
2092,"Brazil","Brazil","Male","Brazil","Some partnership","Some partnership"
